PK,NOMBRE,DESCRIPCION-ENTIDAD,HORARIO,EQUIPAMIENTO,TRANSPORTE,DESCRIPCION,ACCESIBILIDAD,CONTENT-URL,NOMBRE-VIA,CLASE-VIAL,TIPO-NUM,NUM,PLANTA,PUERTA,ESCALERAS,ORIENTACION,LOCALIDAD,PROVINCIA,CODIGO-POSTAL,COD-BARRIO,BARRIO,COD-DISTRITO,DISTRITO,COORDENADA-X,COORDENADA-Y,LATITUD,LONGITUD,TELEFONO,FAX,EMAIL,TIPO
50265055,Bosque de los Abrazos Perdidos,"Este parque, situado en Hortaleza, naci como una de las primeras piezas que forman parte del Bosque Metropolitano, un gran corredor verde diseado para conectar la ciudad con su entorno natural. Se inaugur en 2021 y alberga un bosque en el que cada rbol lleva el nombre de una de las personas fallecidas por la pandemia del coronavirus en la ciudad de Madrid. El bosque memorial es un homenaje que rinde el Ayuntamiento de Madrid a la memoria de las vctimas de la COVID-19. El Bosque de los Abrazos Perdidos es el nombre elegido por la ciudadana madrilea en la consulta pblica que tuvo lugar entre el 9 de diciembre de 2020 y el 7 de enero de 2021.En la web propia del Bosque de los Abrazos Perdidos, los familiares que as lo deseen pueden solictar la asignacin de un rbol para rendir homenaje a un ser querido. Su trazado triangular se organiza alrededor de cuatro accesos principales -calle Antonio Lpez Torres, M-11, Va de Dubln y Camino del Canal de Isabel II- y alcanza su punto ms alto en la Va de Dubln, donde un mirador ofrece vistas abiertas a Hortaleza y la sierra. En esta zona, materiales como el pavimento drenante, los gaviones y la vegetacin estacional se integran discretamente en el paisaje, acompaados por una iluminacin respetuosa. Los caminos que parten de los distintos accesos conectan el barrio de Las Crcavas con el rea de IFEMA mediante sendas de zahorra y tierra compactada, flanqueadas por arbolado y arbustos que aportan inters estacional. Este sistema de recorridos facilita un trnsito cmodo y accesible, reforzado por bancos distribuidos en puntos estratgicos. La estructura vegetal del parque sigue criterios ecolgicos y se organiza en distintas unidades: Bosque rido, en las cotas altas, con especies de muy baja demanda hdrica. Bosque hmedo, en las reas bajas, donde la escorrenta favorece una mayor biodiversidad. Bosque de transcicin, que enlaza los anteriores con Quercus, Olea y Juniperus. Campos de almendros, que destacan por su floracin primaveral. Mrgenes de camino, con arbolado alineado que proporciona sombra. Accesos forestales, diseados siguiendo la esttica del Bosque Metropolitano. Taludes vegetados, con cobertura arbustiva significativa y arbolado adaptado a la pendiente. El bosque incorpora espacios desstinados al disfrute y la convicencia -dos reas de calistenia, una zona infantil, plataformas de estancia y un mirador principal- y se apoya en soluciones basadas en la naturaleza como cunetas vegetadas, zanjas y jardines de lluvia, que permiten gestionar el agua de forma sostenible. Todos estos elementos refuerzan su carcter ecolgico y su papel como enlace entre el paisaje urbano y natural.",,Dos reas de calistenia Zona infantil Plataformas de estancia Mirador,"Bus: 104, T11 Metro: Feria de Madrid (lnea 8) Servicio Bicimad, para consultar la estacin ms cercana, acceda al mapa de geolocalizacin de las estaciones.","Conservacin: Direccin General de Gestin del Agua y Zonas Verdes. rea de Gobierno de Medio Ambiente y Movilidad. Superficie: 98.121 m&sup2;. Vegetacin predominante: rboles: Pino carrasco (Pinus halepensis), Olivo (Olea europaea), Almendro (Prunus dulcis), Quejigo (Quercus faginea), Encina (Quercus ilex), Olmo (Ulmus resistens), Ciprs (Cupressus sempervirens), Almez (Celtis australis), Coscoja (Quercus coccifera) y Pino pionero (Pinus pinea). Macizos arbustivos: Sabina (Juniperus sabina), Madroo (Arbutus unedo), Berceo (Stipa gigantea), Jara pringosa (Cistus ladanifer), Rosal silvestre (Rosa canina), Lentisco (Pistacia lentiscus), Matagallo (Phlomis purpurea) y Bocha (Dorycnium pentaphyllum).",2,http://www.madrid.es/sites/v/index.jsp?vgnextchannel=bfa48ab43d6bb410VgnVCM100000171f5a0aRCRD&vgnextoid=a7434dbb4042d910VgnVCM200000f921e388RCRD,ANTONIO LPEZ TORRES,CALLE,,5,,,,,MADRID,MADRID,28042,6,VALDEFUENTES,16,HORTALEZA,,,,,,,,
5986859,El Capricho de la Alameda Osuna,"El jardn historco El Capricho es un espacio nico, una joya que combina caractersticas naturales, histricas y artsticas, ofreciendo un entorno repleto de sensaciones y cargado de historia en cada uno de sus rincones. Este parque es la creacin personal de Mara Josefa Alonso Pimentel, XII condesa-duquesa de Benavente y IX duquesa consorte de Osuna. Cuenta con pabellones, recorridos diseados a propsito, lminas de agua y estancias que buscan fusionar belleza, grandeza y singularidad. Su propsito era representar, para el espectador, conceptos como la fiesta, el juego, el amor y los trabajos de la naturaleza. El Capricho rene las declaraciones de Jardn Histrico, Jardn Artstico y Bien de Inters Cultural y est incluido con nivel 1 de proteccin en el Catlogo de Parques Histricos y Jardines de Inters. 'El Capricho' es el nombre que le dio su creadora, que compr la finca y terrenos colindantes entre 1783 y 1803. A lo largo del jardn se van encontrando las edificaciones denominadas como 'caprichos'. Es el caso del Abejero (un pabelln donde se contemplaba cmo vivan y trabajaban las abejas), el embarcadero, la ermita, el fortn, el Casino de Baile o la Casa de la Vieja, una casa de labranza de representaba la vida de las clases populares. El jardn alberga templetes, fuentes, puentes, plazoletas, esculturas, una ra, as como el palacio de los duques. Desde la entrada al jardn, un camino principal, flanqueado por dos casetas laterales para los guardas, se enlaza con la plaza de los Emperadores y de all con la fachada posterior del palacio. Este camino principal articula el resto. El jardn, que fue un lugar frecuentado por personalidades intelectuales y artistas del momento, se desarroll con tres estilos diferentes: el parterre o jardn francs, el jardn paisajista ingls y el giardino italiano. El jardn francs, representado por el parterre, se extiende delante de la fachada oeste del palacio, con sus setos recortados. En la parte baja se sita el italiano, el espacio ms antiguo de la finca, que mezcla los setos con rboles en los que resguardarse a la sombra. Cerca de ste, el laberinto, concebido para el juego amoroso y los escondites, est hecho con laurel y respeta los planos originales. Por ltimo, el resto del parque, hacia el norte, est concebido como un tpico jardn paisajista ingls, evocando la naturaleza, de trazado libre e irregular. Actualmente, el palacio de El Capricho se encuentra en obras de rehabilitacin y musealizacin con motivo del futuro Museo de la Duquesa, que tiene previsto abrir sus puertas al pblico en 2027. El Capricho esconde un secreto ms: su famoso bnker de la Posicin Jaca, un enclave de la Guerra Civil que aloj el Cuartel General del Ejrcito Republicano del Centro. Entre sus elementos vegetales ms caractersticos se encuentran los bosques de lilos y rboles del amor, que aportan un colorido primaveral inconfundible. Adems, sus praderas y paseos albergan notables ejemplares de robles, pinos, cipreses, tejos, cedros, pltanos y castaos de indias, muchos de ellos de gran belleza. Esta rica diversidad vegetal sustenta una fauna igualmente variada, destacan entre las aves especies como mirlos, palomas torcaces, pitos reales, herrerillos, petirrojos, ruiseores, as como cisnes negros y nades, mientras que entre los mamferos se encuentran ardillas rojas, musaraas, ratones comunes y ratones de campo. Este jardn, reconocido entre las visitas recomendadas para turistas en la web oficial de turismo de Madrid , es accesible para personas con movilidad reducida en sus reas principales, lo que permite que todos puedan disfrutar de su belleza y su rica diversidad.","Del 1 de octubre al 31 de marzo sbados, domingos y festivos de 9 a 18:30 horas. Del 1 de abril al 30 de septiembre sbados, domingos y festivos de 9 a 21 horas. Los das 25 de diciembre y 1 de enero el parque permanece cerrado al pblico.",,"Metro: El Capricho (linea 5) Autobs: 101, 105 y 151 Servicio Bicimad, para consultar la estacin ms cercana, acceda al mapa de geolocalizacin de las estaciones.","Conservacin a cargo de: Direccin General de Gestin del Agua y Zonas Verdes. rea de Gobierno de Medio Ambiente y Movilidad. Superficie. 171.630 m&sup2;. Vegetacin predominante: rboles: rbol del amor (Cercis siliquastrum), Ciprs comn (Cupressus sempervirens), Pino pionero (Pinus pinea) y Acacia de tres espinas (Gleditsia triacanthos). Arbustos: Lilo (Syringa vulgaris), Majuelo (Crataegus monogyna) y Celinda (Philadelphus coronarius). Macizos arbustivos: Lilo (Syringa vulgaris), Rusco (Ruscus) y Durillo (Viburnum tinus).",2,http://www.madrid.es/sites/v/index.jsp?vgnextchannel=bfa48ab43d6bb410VgnVCM100000171f5a0aRCRD&vgnextoid=9db6fb010e99e210VgnVCM1000000b205a0aRCRD,ALAMEDA DE OSUNA,PASEO,V,25,,,,,MADRID,MADRID,28042,1,ALAMEDA DE OSUNA,21,BARAJAS,449118,4478373,40.45446361509569,-3.6000964360303476,,,parqueshistoricos@madrid.es,/contenido/entidadesYorganismos/ParquesJardines/ParquesHistoricos
6070995,Jardines Gregorio Ordez,"Los jardines en memoria de Gregorio Ordez cuentan con dos amplias reas de juegos infantiles, diseadas para el disfrute de la infancia. En su centro, se encuentra un encantador estanque rodeado de diversas especies de palmeras, que aportan un toque extico y natural al entorno.",,Zonas infantiles,"Metro: Nez de Balboa (lneas 5 y 9) Bus: 1, 29, 52, 74 Servicio Bicimad, para consultar la estacin ms cercana, acceda al mapa de geolocalizacin de las estaciones.","Conservacin: Direccin General de Gestin del Agua y Zonas Verdes, rea de Gobierno de Medio Ambiente y Movilidad. Superficie: 3.975 m&sup2;. Vegetacin predominante: Ejemplares arbreos: ciruelo rojo (Prunus cerasifera), pltano de sombra (Platanus &times; hispanica), liquidmbar (Liquidambar styraciflua) y cinamomo (Melia azedarach). Arbustos: palmito (Chamaerops humilis) y palmito de la China (Trachycarpus fortunei). Macizos arbustivos: rosas (Rosa spp.) y madroo (Arbutus unedo).",2,http://www.madrid.es/sites/v/index.jsp?vgnextchannel=bfa48ab43d6bb410VgnVCM100000171f5a0aRCRD&vgnextoid=2fba3c8f758ff210VgnVCM2000000c205a0aRCRD,PRINCIPE DE VERGARA,CALLE,V,68,,,,,MADRID,MADRID,28006,5,LISTA,4,SALAMANCA,442443,4476090,40.43346186779773,-3.6785954778654113,,,,/contenido/entidadesYorganismos/ParquesJardines
6010361,Jardines San Francisco el Grande,"Los jardines de San Francisco el Grande estn situados en el lugar donde se encontraba el antiguo convento de San Francisco, cuyas ruinas fueron demolidas en 1961. El Parque de la Cornisa se sita a los pies de la Baslica de San Francisco el Grande, en lo que fue el patio del antiguo convento. En 2007, el Ayuntamiento de Madrid transform los jardines de San Francisco en un jardn temtico dedicado a las dalias, conocido como la antigua Dalieda de San Francisco. Posteriormente, en 2016, se modific la composicin de las plantaciones, optando por una coleccin de rosales debido a su notable capacidad de adaptacin al clima madrileo y su abundante floracin. En la actualidad, los Jardines de San Francisco el Grande albergan 21 variedades de rosales, que alcanzan su mximo esplendor durante los meses de mayo y junio. El parque cuenta con uno de los miradores ms transitados para ver puestas de sol en la ciudad. Antecede al mirador el grupo escultrico San Isidro Labrador, que fue una de las esculturas que realiz Santiago Costa en 1952 para homenajear al arquitecto Juan de Villanueva. El parque de la Cornisa se desarrolla en pendiente descendente desde la Gran Va de San Francisco hasta la Ronda de Segovia y se accede al mismo por la Calle del Rosario. Dispone de zonas deportivas e infantiles con estancias y pequeos caminos de terrizo. El arbolado est formado por magnolios, ciruelos rojos, acacias de Constantinopla, pltanos de sombra, arces negundos, arces del azcar, moreras, almeces, madroos, palmeras de Fortune, ariznicas, lamos, adems de distintos macizos de arbustos con abelias, rosales y junperos entre otros. Existen tambin algunas zonas con csped. Destaca, paralela a la calle del Rosario una preciosa alineacin de liquidambar con algn madroo intercalado. Se han realizado mejoras en 2016 y en 2022.",,,"Bus: 3, 60 y 148. Servicio Bicimad, para consultar la estacin ms cercana, acceda al mapa de geolocalizacin de las estaciones.","Conservacin: Direccin General de Gestin del Agua y Zonas Verdes, rea de Gobierno de Medio Ambiente y Movilidad. Superficie: 4.346 m&sup2;. Vegetacin predominantes: rboles: liquidmbar (Liquidambar styraciflua), magnolio (Magnolia spp.), cerezo silvestre (Prunus avium), entre otros. Macizos arbustivos: escalonias (Escallonia spp.), junperos (Juniperus spp.), forsitias (Forsythia spp.) y cotoneaster horizontal (Cotoneaster horizontalis).",2,http://www.madrid.es/sites/v/index.jsp?vgnextchannel=bfa48ab43d6bb410VgnVCM100000171f5a0aRCRD&vgnextoid=ffe7a3575e2ee210VgnVCM2000000c205a0aRCRD,GRAN VIA DE SAN FRANCISCO,AVENIDA,V,25,,,,,MADRID,MADRID,28005,1,PALACIO,1,CENTRO,439572,4473192,40.41002249621306,-3.7144199127869557,,,,/contenido/entidadesYorganismos/ParquesJardines/ColeccionesBotanicas
5964519,Jardines de Andrs Saborit,"Los Jardines de Andrs Saborit se encuentran en la calle Raimundo Fernndez Villaverde, entre las calles Alenza y Alonso Cano. Esta amplia zona verde cuenta con reas infantiles, equipamientos de entrenamiento para mayores y zonas estanciales. Est rodeada de csped, rboles que brindan sombra y pequeos grupos de macizos arbustivos. Hasta abril de 2018, estos jardines eran conocidos como Jardines de Raimundo Fernndez Villaverde. Con el cambio de denominacin, se instal una placa en homenaje a Andrs Saborit, concejal socialista en el Ayuntamiento de Madrid durante la II Repblica. Saborit fue el artfice de importantes logros sociales, como la apertura de la Casa de Campo, la ampliacin del Metro, la municipalizacin de servicios y la construccin de alrededor de 200 escuelas infantiles.",,Zonas infantiles Zonas adulto mayor Circuito Biosaludable,"Metro: Nuevos Ministerios (lneas 6, 8 y 10) Bus: 5, 68, 149, C1, C2 RENFE: Nuevos Ministerios Servicio Bicimad, para consultar la estacin ms cercana, acceda al mapa de geolocalizacin de las estaciones.","Conservacin: Direccin General de Gestin del Agua y Zonas Verdes, rea de Gobierno de Medio Ambiente y Movilidad. Superficie: 8.491 m&sup2;. Vegetacin predominante: rboles: pltano de sombra (Platanus x hispanica), aligustre del Japn (Ligustrum japonicum), ciruelo rojo (Prunus cerasifera) y castao de Indias (Aesculus hippocastanum). Arbustos: evnimo (Euonymus spp.), pitosporo (Pittosporum spp.) y cotoneaster horizontal (Cotoneaster horizontalis). Macizos arbustivos: junpero horizontal (Juniperus horizontalis), palmito (Chamaerops humilis) y rosa canina (Rosa canina).",2,http://www.madrid.es/sites/v/index.jsp?vgnextchannel=bfa48ab43d6bb410VgnVCM100000171f5a0aRCRD&vgnextoid=a1c51eadb333e210VgnVCM2000000c205a0aRCRD,RAIMUNDO FERNANDEZ VILLAVERDE,CALLE,V,32,,,,,MADRID,MADRID,28003,5,RIOS ROSAS,7,CHAMBERI,440726,4477510,40.44613326792272,-3.6989699295578347,,,,/contenido/entidadesYorganismos/ParquesJardines
5896013,Jardines de El Buen Retiro,"Los jardines de El Buen Retiro, conocidos simplemente como El Retiro, es uno de los lugares ms emblemticos de Madrid y un oasis verde en el corazn de la ciudad. Con una extensin de 114 hectreas, este parque histrico ha sido durante siglos un punto de encuentro para madrileos y visitantes. Creado en el siglo XVII como un espacio de recreo para la realeza espaola, El Retiro ofrece una impresionante mezcla de jardines paisajsticos, fuentes, estanques y monumentos histricos. Con sus amplias avenidas y rincones tranquilos, es un espacio perfecto tanto para actividades recreativas como para pasear y relajarse. Actualmente este parque es considerado Bien de Inters Cultural y Patrimonio de la Humanidad. Historia del Parque: El Parque del Buen Retiro empez a construirse en 1630 por orden del Conde-Duque de Olivares, como parte del Real Sitio del Buen Retiro, un palacio y jardines destinados al ocio de Felipe IV. Originalmente fue un jardn privado de la corte espaola, pero con el tiempo, y tras la destruccin del palacio en el siglo XIX, fue abierto al pblico y pas a ser gestionado por el Ayuntamiento de Madrid. Principales Atractivos Estanque Grande: El Retiro alberga un estanque monumental donde se pueden alquilar barcas de remo. Alrededor del estanque se encuentra el majestuoso Monumento a la Patria Espaola, conocido popularmente como Monumento a Alfonso XII, con su imponente columnata y esculturas que ofrecen vistas espectaculares del parque. Palacio de Cristal: Uno de los edificios ms impresionantes del parque es este pabelln de hierro y vidrio, construido en 1887 para albergar una exposicin de plantas exticas. Actualmente, se utiliza como espacio de exhibiciones temporales de arte contemporneo. Paseo de las Estatuas: A lo largo de este paseo, conocido tambin como Paseo de la Argentina, se encuentran las estatuas de los reyes de Espaa, que originalmente estaban destinadas a decorar el Palacio Real. Jardines y Espacios Naturales El parque cuenta con una gran variedad de jardines que enriquecen la experiencia de los visitantes: La Rosaleda: Un hermoso jardn de rosas, inspirado en otros famosos rosedales europeos, como el de Bagatelle en Pars. Jardines de Cecilio Rodrguez: Este espacio cerrado y ms ntimo est decorado con fuentes, setos geomtricos y pabellones, y alberga una coleccin de pavos reales. Bosque del Recuerdo: Un espacio conmemorativo en honor a las vctimas de los atentados del 11 de marzo de 2004 en Madrid, donde se plantaron 192 rboles, uno por cada vctima. Actividades y Eventos El Retiro es un punto neurlgico para actividades culturales y recreativas. Cada ao se celebran la Feria del Libro y otros eventos culturales al aire libre. Este parque cuenta tambin con amplias zonas para correr, andar en bicicleta y practicar yoga, es un lugar ideal para los entusiastas del deporte. Este parque se incluye entre las visitas recomendadas a turistas que visitan la ciudad, segn la web oficial de turismo de Madrid. Otras denominaciones: Parque del Retiro. El Retiro","Horario del parque Primavera y verano (de abril a septiembre): desde las 6 hasta las 24 h. Otoo e invierno (de octubre a marzo): desde las 6 hasta las 22 h. Horario de las reas caninas Desde las 7:30 h hasta el cierre del parque. Para labores puntuales de mantenimiento o reparaciones, se cerrar parcialmente el rea, permitiendo el paso por una de las dos puertas a la zona que quede libre de la actuacin.Se instalarn carteles para informar de estos periodos de cierre parcial del espacio con 24 h de antelacin a su comienzo.","Zonas infantiles: Zona del Pinar (Puerta del ngel Cado) Campanillas Bajas (Puerta de Espaa) Povar (Puerta de la Independencia) Hernani (Puerta de la Independencia) Plaza de Galicia (Puerta de Madrid) Plaza Sevilla (Puerta de Amrica Espaola) Florida Park (Puerta de Reina Mercedes) Antigua Junta de Distrito (Puerta de Sainz Baranda) Jardines de Herrero Palacios Campo Grande La Cabaa (Puerta de Mariano de Cavia) Paseo Coches, a la altura del Instituto Meteorolgico Zonas de mayores: Paseo Coches, a la altura de Puerta de Amrica Espaola Paseo Coches, a la altura del Instituto Meteorolgico Zonas caninas: Entrada por Puerta de Mariano de Cavia Instalaciones deportivas: El Pinar (Puerta del ngel Cado) Huerto Francs (Puerta del ngel Cado) Puntos de informacin ambiental: Acceso por C/ O&acute;Donnell, 1. Acceso por la Puerta del Nio Jess. C/ Alfonso XII, junto a instalaciones deportivas. Otros: P: Viveros de Estufas - Plaza del ngel Cado Q: Teatro de Tteres, entrada por Plaza de la Independencia R: Embarcadero, entrada por Plaza de la Independencia S: Casita de la Cabaa, entrada por Puerta de Mariano de Cavia","Metro: Retiro (lnea 2), Prncipe de Vergara (lneas 2 y 9), Ibiza (lnea 9), Atocha (lnea 1), Atocha. Renfe (lnea 1) Autobuses: 1, 2, 9, 14, 15, 19, 20, 26, 28, 32, 51, 52, 61, 63, 74, 146, 152, 202, C Servicio Bicimad, para consultar la estacin ms cercana, acceda al mapa de geolocalizacin de las estaciones.","Conservacin: Direccin General de Gestin del Agua y Zonas Verdes. rea de Gobierno de Medio Ambiente y Movilidad Superficie: 1.177.300 m2 Zona verde del Retiro: 113, 76 hectreas Viveros Estufas del Retiro: 3,23 hectreas Talleres Estufas del Retiro: 0,74 hectreas Vegetacin predominante Ejemplares arbreos: pltano de sombra (Platanus hispanica), pino pionero (Pinus pinea) Arbustos: madroo (Arbutus unedo), lauro (Prunus laurocerasus), durillo (Viburnum tinus) Macizos arbustivos: rosal (Rosa spp.), abelia (Abelia x grandiflora), enebro (Juniperus communis)",2,http://www.madrid.es/sites/v/index.jsp?vgnextchannel=bfa48ab43d6bb410VgnVCM100000171f5a0aRCRD&vgnextoid=499561945d9ec210VgnVCM2000000c205a0aRCRD,INDEPENDENCIA,PLAZA,V,7,,,,,MADRID,MADRID,28001,5,LOS JERONIMOS,3,RETIRO,441640,4474563,40.41964087412762,-3.68793370943788,915 744 024 (Taquillas embarcadero) 915 280 938 (Vivero de Estufas. Visitas guiadas previa cita) 913 769 197 (Centro de Educacin Ambiental),,,/contenido/entidadesYorganismos/ParquesJardines/ParquesHistoricos
10984428,Jardines de Gloria Fuertes,"Este jardn rinde homenaje a la clebre poetisa y escritora de cuentos infantiles Gloria Fuertes, quien fue vecina de este barrio. El parque ofrece una combinacin equilibrada de zonas verdes y espacios recreativos, con reas de sol y sombra, delimitadas por franjas de csped cuidadosamente dispuestas. En ellas crecen majestuosos pinos, cedros y pltanos, que enmarcan una zona de juegos infantiles. Adems, el parque cuenta con diversas instalaciones recreativas, como mesas de ping-pong y un ajedrez gigante, que invitan al disfrute en familia. Para quienes buscan relajarse, se han dispuesto varios bancos, proporcionando un ambiente ideal para descansar y desconectar en plena naturaleza.",,Zona infantil,"Metro: lnea 9 (Colombia) Bus: 16, 29, 150 Servicio Bicimad, para consultar la estacin ms cercana, acceda al mapa de geolocalizacin de las estaciones.","Conservacin: Direccin General de Gestin del Agua y Zonas Verdes, rea de Gobierno de Medio Ambiente y Movilidad. Superficie: 1.663 m&sup2;. Vegetacin predominante: Ejemplares arbreos: falso pltano (Acer pseudoplatanus), ciprs comn (Cupressus sempervirens), laurel (Laurus nobilis), pino pionero (Pinus pinea) y tuya oriental (Platycladus orientalis). Arbustos: especies diversas no especificadas. Macizos arbustivos: presencia de especies en macizos.",2,http://www.madrid.es/sites/v/index.jsp?vgnextchannel=bfa48ab43d6bb410VgnVCM100000171f5a0aRCRD&vgnextoid=f4749c2d91fcb610VgnVCM1000001d4a900aRCRD,MADRE DE DIOS,CALLE,V,2,,,,,MADRID,MADRID,28016,5,NUEVA ESPAA,5,CHAMARTIN,442761,4479202,40.461517637696026,-3.6751179007317614,,,,
5979527,Jardines de Jos Luis Jimnez Manso,"Los Jardines de Jos Luis Jimnez Manso son un parque emblemtico en el distrito de Moratalaz, reconocido por ser uno de los espacios verdes ms antiguos de la zona. Se divide en tres secciones, cada una diseada para ofrecer diferentes ambientes que invitan tanto al paseo como al descanso. Los amplios y tranquilos espacios estn integrados en el entorno, lo que fomenta una destacada actividad vecinal. El parque cuenta con numerosos bancos distribuidos estratgicamente. La vegetacin se compone de arbolado maduro combinado rboles de reciente plantacin, abundando el pino pionero, cerezo-ciruelo, chopo de simn y olmo siberiano, creando un atractivo mosaico de alturas y edades que enriquece el paisaje. Parterres de csped y sombras acogedoras completan este entorno, haciendo de los jardines un lugar ideal para relajarse.",,Zonas infantiles,"Metro: Estrella (lnea 9) Bus: 20, 30, 32 Servicio Bicimad, para consultar la estacin ms cercana, acceda al mapa de geolocalizacin de las estaciones.","Conservacin: Direccin General de Gestin del Agua y Zonas Verdes, rea de Gobierno de Medio Ambiente y Movilidad. Superficie: rea de 10.775 m&sup2;. Vegetacin predominante: Ejemplares arbreos: Pino pionero (Pinus pinea), cerezo-ciruelo (Prunus avium / Prunus cerasifera), chopo de Simn (Populus simonii) y olmo de Siberia (Ulmus pumila). Arbustos: Durillo (Viburnum tinus), bamb (Bambusoideae), espirea (Spiraea spp.). Macizos arbustivos: Pitosporo (Pittosporum spp.), cotoneaster (Cotoneaster spp.) y cerezo-laurel (Prunus laurocerasus).",2,http://www.madrid.es/sites/v/index.jsp?vgnextchannel=bfa48ab43d6bb410VgnVCM100000171f5a0aRCRD&vgnextoid=6b4d31811a17e210VgnVCM1000000b205a0aRCRD,CAMINO DE LOS VINATEROS,CALLE,V,1,,,,,MADRID,MADRID,28030,4,MEDIA LEGUA,14,MORATALAZ,443959,4473579,40.410944943237865,-3.660501733743551,,,,/contenido/entidadesYorganismos/ParquesJardines
5965620,Jardines de Pern,"Estos jardines estn ubicados en la avenida General Pern, creando una zona de paso en direccin al Estadio Santiago Bernabu, consisten en una superficie alargada que se extiende de oeste a este. Este parque ofrece mltiples accesos y caminos que lo recorren, as como una zona destinada a la prctica de deportes, reas de juegos infantiles y un espacio especfico para mascotas. Adems, disponen de bancos para el descanso. La vegetacin arbrea est bien distribuida, complementada por diversas jardineras, lo que convierte este lugar en un agradable espacio para amenizar el paseo diario de sus vecinos.",,Zonas infantiles Zonas caninas Instalaciones deportivas,"Metro: Santiago Bernabu (lnea 10) Bus: 3, 5, 43, 149 Servicio Bicimad, para consultar la estacin ms cercana, acceda al mapa de geolocalizacin de las estaciones.","Conservacin: Direccin General de Gestin del Agua yZonas Verdes. rea de Gobierno de Medio Ambiente y Movilidad. Superficie. 18.834 m&sup2;. Vegetacin predominante : rboles: pltano de sombra (Platanus hispanica), lamo blanco (Populus alba), pino carrasco (Pinus halepensis), cedro llorn (Cedrus pendula). Arbustos: glicinia (Wisteria spp.), espino de fuego (Pyracantha coccinea), hiedra (Hedera helix). Macizos arbustivos: laurentino (Viburnum tinus), adelfa (Nerium oleander), pitosporo (Pittosporum tobira).",2,http://www.madrid.es/sites/v/index.jsp?vgnextchannel=bfa48ab43d6bb410VgnVCM100000171f5a0aRCRD&vgnextoid=73f370530083e210VgnVCM1000000b205a0aRCRD,GENERAL PERON,AVENIDA,V,21,,,,,MADRID,MADRID,28020,2,CUATRO CAMINOS,6,TETUAN,441002,4478224,40.45257591499544,-3.6957817548357257,,,,/contenido/entidadesYorganismos/ParquesJardines
6010175,Jardines de Sabatini,"Los Jardines de Sabatini se ubican frente a la fachada norte del Palacio Real, entre la calle de Bailn y la Cuesta de San Vicente, en una terraza elevada sobre el Campo del Moro. Este jardn, de estilo neoclsico, armoniza con la esttica del palacio. Est dividido en tres terrazas. La primera, de nivel inferior, destaca por la simetra de sus parterres dispuestos a ambos lados de una gran lmina de agua, que acta como espejo, con dos surtidores, y est enmarcada por cuatro cuadros con fuentes rodeadas de figuras de setos. La segunda terraza, situada a mayor altura, ofrece una impresionante vista de la totalidad de la fachada norte del Palacio y se extiende bajo un bosque de pinos hasta la Cuesta de San Vicente, donde una nueva escalera de doble entrada permite salvar el desnivel hasta la calle. Finalmente, la tercera terraza, ubicada en una posicin superior y al este de la segunda, est adornada con parterres y grandes cedros. Este parque es una de las visitas recomendadas para cualquier turista en Madrid segn la web oficial de turismo de Madrid. Durante los aos 2020-2021, los jardines de Sabatini se ven afectados por la profunda remodelacin a la que se somete la Plaza de Espaa, que supone algunos cambios importantes en su configuracin. La terraza inferior, ms prxima al Palacio Real, mantiene su trazado y estructura, mientras que las dos superiores, colindantes con la plaza de Espaa, se ven afectadas por la peatonalizacin de un tramo de la calle Bailn, la construccin de nuevos tneles y la permeabilizacin de cara al peatn de toda la zona. Tras las reformas de los Jardines de la Plaza de Espaa, est peatonalmente conectado con esta emblemtica plaza al norte, con el Palacio Real y la Plaza de Oriente al sur, as como con el Templo de Debod y el Parque del Oeste en esta misma direccin. En 2024 se encuentran an en obras, cuyo objetivo es repavimentar viales, mejorar el drenaje, eliminar barreras arquitectnicas, reparar elementos daados, incorporar arbolado y renovar el alumbrado.",,,"Metro: Opera Bus: 2, 146 Servicio Bicimad, para consultar la estacin ms cercana, acceda al mapa de geolocalizacin de las estaciones.","Conservacin:Direccin General de Gestin del Agua y Zonas Verdes. rea de Gobierno de Medio Ambiente y Movilidad. Superficie. 26.200 m&sup2;. NORMAS DE USO Y RESTRICCIONES: Respete los monumentos y estatuas del Jardn.Respete la vegetacin.Respete la fauna.Utilice las papeleras.Respete las zonas de acceso restringido. El acceso de animales, incluso atados, a los jardines bajos no est autorizado. Atienda las indicaciones del personal del parque.",2,http://www.madrid.es/sites/v/index.jsp?vgnextchannel=bfa48ab43d6bb410VgnVCM100000171f5a0aRCRD&vgnextoid=20baf389ed2ee210VgnVCM1000000b205a0aRCRD,BAILEN,CALLE,V,2,,,,,MADRID,MADRID,28013,1,PALACIO,1,CENTRO,439498,4474610,40.419911287101144,-3.713185308888602,,,,/contenido/entidadesYorganismos/ParquesJardines
5965246,Jardines de San Fernando,"Los jardines, ubicados alrededor de la Parroquia de San Fernando, estn delimitados por la avenida de Alberto Alcocer y las calles Doctor Fleming, Juan Hurtado de Mendoza y Juan Ramn Jimnez. Esta zona cuenta con amplias superficies de csped, macizos arbustivos, dos reas infantiles y zonas de descanso equipadas con mesas y asientos para el uso y disfrute de los visitantes. Destacan los ejemplares de cipreses, que poseen un gran valor ornamental. El parque se encuentra presidido por un monumento dedicado a la Infancia.",,Zonas infantiles,"Metro: Cuzco (lnea 10) Bs: 5, 11, 40, 140, 150 Servicio Bicimad, para consultar la estacin ms cercana, acceda al mapa de geolocalizacin de las estaciones.","Conservacin: Direccin General de Gestin del Agua y Zonas Verdes, rea de Gobierno de Medio Ambiente y Movilidad. Superficie: 11.970 m&sup2;. Vegetacin predominante: Ejemplares arbreos: pltano de sombra (Platanus x hispanica), ciprs comn (Cupressus sempervirens), ciprs de Arizona (Cupressus arizonica) y cedro del Atlas (Cedrus atlantica). Arbustos: adelfa (Nerium oleander), forsitia (Forsythia spp.) y espirea del Japn (Spiraea japonica). Macizos arbustivos: junpero (Juniperus spp.), griolera (Cotoneaster spp.) y cotoneaster horizontal (Cotoneaster horizontalis).",2,http://www.madrid.es/sites/v/index.jsp?vgnextchannel=bfa48ab43d6bb410VgnVCM100000171f5a0aRCRD&vgnextoid=9e6e121dcd33e210VgnVCM1000000b205a0aRCRD,ALBERTO ALCOCER,AVENIDA,V,9,,,,,MADRID,MADRID,28036,5,NUEVA ESPAA,5,CHAMARTIN,441724,4479019,40.45978849094378,-3.687352342212426,,,,/contenido/entidadesYorganismos/ParquesJardines
5965719,Jardines de la Avenida de Brasil,"Se trata de una zona ajardinada situada entre edificios a lo largo de la Avenida de Brasil. Estos jardines estn compuestos por amplias superficies de pradera y arbolado que proporciona sombra. Cuentan con reas de descanso, zonas infantiles, espacios caninos y caminos peatonales adornados con prgolas. En el interior de estos jardines se encuentran los Jardines de la Organizacin Mundial del Turismo, que incluyen una placa informativa y una fuente ornamental.",,Zonas infantiles Zonas caninas,"Bus: 5, 126, 149 Servicio Bicimad, para consultar la estacin ms cercana, acceda al mapa de geolocalizacin de las estaciones.","Conservacin: Direccin General de Gestin del Agua y Zonas Verdes, rea de Gobierno de Medio Ambiente y Movilidad. Superficie: 16.955 m&sup2;. Vegetacin predominante: rboles: Ciruelo rojo (Prunus cerasifera), castao de Indias (Aesculus hippocastanum), pltano de sombra (Platanus x hispanica) y ciprs de Arizona (Cupressus arizonica). Arbustos: Hiedra (Hedera helix), laurel cerezo (Prunus laurocerasus) y madroo (Arbutus unedo). Macizos arbustivos: Pitosporo (Pittosporum tobira), adelfa (Nerium oleander) y laurentino (Viburnum tinus).",2,http://www.madrid.es/sites/v/index.jsp?vgnextchannel=bfa48ab43d6bb410VgnVCM100000171f5a0aRCRD&vgnextoid=d398680e2383e210VgnVCM1000000b205a0aRCRD,BRASIL,AVENIDA,V,31,,,,,MADRID,MADRID,28020,3,CASTILLEJOS,6,TETUAN,441204,4478902,40.458706953002235,-3.6934625569379387,,,,/contenido/entidadesYorganismos/ParquesJardines
5965967,Jardines de la Baslica,"Modesto jardn urbano ubicado frente a la Baslica Hispanoamericana de la Merced y contiguo al colegio Patrocinio de San Jos. Este espacio, aunque sencillo, resulta acogedor y es ideal para pasear o disfrutar de un momento de tranquilidad. A lo largo de su camino pavimentado, se encuentran bancos de madera situados bajo la sombra de rboles, que proporcionan frescura junto a su csped bien cuidado. Adems, cuenta con un pequeo y colorido parque infantil, donde nios y nias pueden disfrutar de un rato de entretenimiento.",,,"Metro: Nuevos Ministerios (lneas 6, 8 y 10) RENFE: Nuevos Ministerios Bus: 5 , 69 y 149 Servicio Bicimad, para consultar la estacin ms cercana, acceda al mapa de geolocalizacin de las estaciones.","Conservacin: Direccin General de Gestin del Agua y Zonas Verdes, rea de Gobierno de Medio Ambiente y Movilidad. Superficie: 2.410 m&sup2;. Vegetacin predominante: rboles: ciruelo rojo (Prunus cerasifera), pltano de sombra (Platanus x hispanica), manzano japons (Malus floribunda) y cedro llorn (Cedrus deodara). Arbustos: ciruelo rojo (Prunus cerasifera). Macizos arbustivos: kerria (Kerria japonica) y fotinia (Photinia x fraseri).",2,http://www.madrid.es/sites/v/index.jsp?vgnextchannel=bfa48ab43d6bb410VgnVCM100000171f5a0aRCRD&vgnextoid=58df433bf683e210VgnVCM1000000b205a0aRCRD,BASILICA,CALLE,V,15,,,,,MADRID,MADRID,28020,2,CUATRO CAMINOS,6,TETUAN,441014,4477831,40.44903638127448,-3.695615530710886,,,,/contenido/entidadesYorganismos/ParquesJardines
6009972,Jardines de la Cuesta de la Vega,"En la Cuesta de la Vega, bajo la Catedral de la Almudena, se encuentran dos zonas ajardinadas diferenciadas. Por un lado, los Jardines de Azorn, que reciben su nombre en honor al escritor Jos Martnez Ruiz, conocido como 'Azorn', y por otro, el Jardn de la Glorieta de Boccherini, que alberga un busto en homenaje al msico italiano Luigi Boccherini. La glorieta de Azorn es una modesta zona ajardinada, compuesta por una placeta rodeada de vegetacin con un monumento central que alberga un busto dedicado al escritor Jos Martnez Ruiz 'Azorn', su diseo circular en torno a la glorieta le da un aire ntimo y tranquilo, ideal para pasear o disfrutar de un momento de descanso bajo el arbolado. El Jardn de la Glorieta de Boccherini est compuesto por arbolado, praderas y macizos de rosales, dispuestos en torno al busto dedicado al compositor italiano. Estos espacios ajardinados se sitan sobre el antiguo emplazamiento de la Puerta de la Vega, la primera puerta de Madrid, que conectaba la ciudad con la vega. Se cree que por esta puerta entr el conquistador Alfonso VI. En 1708, se construy una muralla en la que se coloc un medalln dedicado a la Virgen de la Almudena, coincidiendo su ubicacin con el actual emplazamiento de la Catedral de la Almudena.",,,"Bus: 31 , 41 , 50 , 65 Servicio Bicimad, para consultar la estacin ms cercana, acceda al mapa de geolocalizacin de las estaciones.","Conservacin: Direccin General de Gestin del Agua y Zonas Verdes, rea de Gobierno de Medio Ambiente y Movilidad. Superficie: 2.817 m&sup2;. Vegetacin predominante: Ejemplares arbreos: acacia del Japn (Styphnolobium japonicum), falsa acacia (Robinia pseudoacacia) y pino pionero (Pinus pinea). Arbustos: laurel (Laurus nobilis). Macizos arbustivos: rosales (Rosa spp.).",2,http://www.madrid.es/sites/v/index.jsp?vgnextchannel=bfa48ab43d6bb410VgnVCM100000171f5a0aRCRD&vgnextoid=44ed25154c2ee210VgnVCM1000000b205a0aRCRD,VEGA,CUESTA,V,1,,,,,MADRID,MADRID,28013,1,PALACIO,1,CENTRO,439301,4474039,40.41476219795408,-3.7154411142835397,,,,/contenido/entidadesYorganismos/ParquesJardines
5964911,Jardines de la Plaza Conde del Valle de Suchil,"Este parque, en el corazn del barrio de Arapiles, ofrece un diseo equilibrado y bien equipado con diferentes ambientes. En su centro se encuentra una fuente circular y a su alrededor bancos donde sus visitantes pueden relajarse a la sombra, gracias a la densa cubierta de rboles. Cuenta con dos reas infantiles, una clsica con columpios y una segunda zona de juegos de estilo moderno, destacando un pequeo circuito destinado a bicicletas, patinetas o patines. El rea canina en el extremo sur, resulta un alto en el camino ideal para quienes pasean a sus mascotas por la transitada calle de Alberto Aguilera. En general, es un espacio agradable, ideal tanto para disfrutar en familia como para pasear y relajarse. La zona ajardinada de la plaza del Conde de Valle de Suchil, desde mayo de 2018, en que el Pleno del distrito de Chamber aprob este reconocimiento, lleva el nombre de &ldquo;Jardines del Almirante Pascual Cervera&rdquo;, con una placa en homenaje al ilustre marino espaol que comand la flota espaola en la guerra de Cuba en 1898 con una actitud ejemplar. Existe una rplica de una cabina telefnica como la que protagoniz en 1972 el mediometraje 'La Cabina'.",,Zonas infantiles Zonas caninas,"Metro: San Bernardo (lneas 2 y 4) Bus: 16, 21, 61 Servicio Bicimad, para consultar la estacin ms cercana, acceda al mapa de geolocalizacin de las estaciones.","Conservacin: Direccin General de Gestin del Agua y Zonas Verdes. rea de Gobierno de Medio Ambiente y Movilidad. Superficie: 5.310 m&sup2;. Vegetacin predominante: Ejemplares arbreos: olmo de Siberia (Ulmus pumila), pltano de sombra (Platanus hispanica), almez (Zelkova serrata), magnolio (Magnolia grandiflora). Arbustos: yuca, rosa canina (Rosa canina), laurel (Laurus nobilis). Macizos arbustivos: pitosporo, rosa canina (Rosa canina), laurel cerezo (Prunus laurocerasus).",2,http://www.madrid.es/sites/v/index.jsp?vgnextchannel=bfa48ab43d6bb410VgnVCM100000171f5a0aRCRD&vgnextoid=7c3042197833e210VgnVCM2000000c205a0aRCRD,RODRIGUEZ SAN PEDRO,CALLE,V,3,,B,,,MADRID,MADRID,28015,2,ARAPILES,7,CHAMBERI,440078,4475877,40.43137597367309,-3.7064685006782208,,,,/contenido/entidadesYorganismos/ParquesJardines
5963489,Jardines de la Plaza de Chamber,"Los Jardines de la Plaza de Chamber estn situados en uno de los barrios ms emblemticos de Madrid, Almagro, en el distrito de Chamber. Esta plaza pavimentada es un espacio lleno de vida y carcter, que alberga un rea infantil arbolada con diversos juegos clsicos, una fuente ornamental y un icnico quiosco hexagonal. El lugar cuenta con una gran cantidad de bancos sombreados, donde sus vecinos suelen sentarse para conversar y disfrutar del ambiente tranquilo. La atmsfera es acogedora, lo que convierte a este espacio en un lugar ideal para pasear o descansar.",,Zonas Infantiles,"Metro: Iglesia (lnea 1) Bus: 3, 40 y 147 Servicio Bicimad, para consultar la estacin ms cercana, acceda al mapa de geolocalizacin de las estaciones.","Conservacin: Direccin General de Gestin del Agua y Zonas Verdes, rea de Gobierno de Medio Ambiente y Movilidad. Superficie: 2.771 m&sup2;. Vegetacin predominante: Ejemplares arbreos: pltano de sombra (Platanus x hispanica), tilo de hojas grandes (Tilia platyphyllos), arce. Arbustos: laurentino (Viburnum tinus), abelia (Abelia x grandiflora), evnimo (Euonymus japonicus). Macizos arbustivos: rosa canina (Rosa canina), piracantha (Pyracantha coccinea), enebro horizontal (Juniperus horizontalis).",2,http://www.madrid.es/sites/v/index.jsp?vgnextchannel=bfa48ab43d6bb410VgnVCM100000171f5a0aRCRD&vgnextoid=d3d6ee4002e2e210VgnVCM2000000c205a0aRCRD,CHAMBERI,PLAZA,V,1,,,,,MADRID,MADRID,28010,4,ALMAGRO,7,CHAMBERI,440832,4476036,40.43285328749453,-3.697594475998512,,,,/contenido/entidadesYorganismos/ParquesJardines
5993732,Jardines de la Plaza de Espaa,"La Plaza de Espaa es uno de los espacios emblemticos de la ciudad, situado a caballo de los distritos de Centro y Moncloa-Aravaca. Se trata de un recinto sensiblemente rectangular, con pendiente que cae hacia las calles Bailn y Ferraz. Catalogada con nivel 3 en el Catlogo de Parques Histricos y Jardines de Inters del PGOUM, posee en su interior un considerable nmero de ejemplares incluidos igualmente en el Catlogo de Arbolado Singular. La variedad botnica existente es muy importante, con grandes ejemplares de pltano de sombra, olivo, magnolio, palmera de Fortune, pino pionero y tambin arces negundos, castaos de Indias, calocedros, catalpas, cedros, rboles del amor, ariznicas, cipreses, aligustres, liquidmbares, melias, encinas, acacias del Japn, acacias de flor blanca y olmos, entre otros, enriquecida recientemente con encinas, arces campestres y de Freeman, rboles del amor, avellanos, fresnos, laureles, cerezos y granados ente otros. La Plaza de Espaa, profundamente remodelada en los aos 2020-2021, se ha transformado en un nuevo polo turstico de la ciudad, ofreciendo un entorno ms verde, sostenible y accesible en el centro de la capital. La renovada distribucin de la plaza prioriza al peatn y potencia su carcter cvico, promoviendo la relacin, la estancia y el paseo. Las actividades estn organizadas a travs del mobiliario (juegos para nios, juegos para mayores y espacios de recogimiento), as como reas que pueden acoger iniciativas relacionadas con el disfrute del espacio pblico. Accesibilidad La Plaza de Espaa est equipada con los mecanismos necesarios para garantizar que este espacio pblico sea accesible para todo tipo de personas, independientemente de sus capacidades fsicas.cuenta con los mecanismos necesarios para que este espacio pblico rena las condiciones que permitan su uso integral por todo tipo de personas, independientemente de sus capacidades fsicas. Conectividad La plaza se presenta como un eslabn en la cadena de reas verdes que conecta el sur (Jardines de Sabatini y Plaza de Oriente), el oeste (Casa de Campo, Campo del Moro y Madrid Ro) y el norte (Parque del Oeste). En definitiva, acta como la puerta verde de una red que proviene del ro Manzanares, estableciendo un punto de penetracin medioambiental hacia el centro de la ciudad. Este espacio se asocia con la sostenibilidad, al contar con ms de mil rboles que, junto a los existentes, mejoran notablemente la calidad ambiental del entorno. Adems, su configuracin contribuye a reducir la contaminacin atmosfrica y acstica, las emisiones de gases de efecto invernadero y el consumo de energa. El paso elevado de vehculos, construido a finales de los aos 60 y que funcion hasta el inicio de las obras, se ha convertido en una plataforma peatonal que sirve como conexin en este sistema continuo de espacios pblicos libres. Esta ltima frase se puede poner al principio de 'recorridos peatonales'. Lo dems lo tacho porque no corresponde a zonas verdes. Plaza de Espaa surge como un eslabn de la cadena de reas verdes que desde el sur (Jardines de Sabatini y Plaza de Oriente) el oeste (Casa de Campo, Campo del Moro y Madrid Ro) y el norte (Parque del Oeste) quedan perfectamente enlazados. En definitiva, es la puerta verde de una malla transversal que procede del ro Manzanares y establece un punto de penetracin medioambiental hacia el centro de la ciudad. Hablar de este espacio es hablar de sostenibilidad, con ms de un millar de rboles que, junto a los existentes, mejoran sensiblemente la calidad ambiental del entorno. Asimismo, la configuracin del espacio supone la reduccin de la contaminacin atmosfrica y acstica, de las emisiones de gases de efecto invernadero y del consumo de energa. Recorridos peatonales La plaza cuenta con una extensa red de itinerarios peatonales que ofrecen recorridos de alta calidad paisajstica y ambiental. Pasear junto al Palacio Real, los Jardines de Sabatini o el Campo del Moro, sin interferencias, se convierte en una experiencia natural para llegar a Madrid Ro, la Gran Va, el Centro Cultural Conde Duque o el barrio de Universidad. La Plaza de Espaa, junto a la Gran Va, se abre en crculo para acoger todos los flujos de esta importante arteria comercial. Un camino principal conecta la plaza con los Jardines de Sabatini y se extiende hasta la amplia zona peatonal al este del Palacio Real. Adems, otra senda peatonal recorre la banda sur de la plaza, conectando el Templo de Debod y la calle Ferraz con la calle Bailn. Sobre estas dos rutas principales, se despliegan caminos secundarios que alcanzan los cuatro puntos cardinales del rea. Nebulizadores para refrescar la zona de columpios de Plaza de Espaa. La zona de juegos de Plaza Espaa, conocida como nsula Barataria, se convierte en un refugio para combatir el calor estival madrileo. Los pulverizadores de agua en la zona de juegos infantilespermiten refrescar la zona y sus alrededores, transformndola en un oasis para mitigar el calor veraniego en la ciudad.",,,"Metro: Plaza Espaa (lnea 2 y 3) Bus: 1, 2, 44, 74, C Servicio Bicimad, para consultar la estacin ms cercana, acceda al mapa de geolocalizacin de las estaciones.","Conservacin: Direccin General de Gestin del Agua y Zonas Verdes. rea de Gobierno de Medio Ambiente y Movilidad Superficie: 195.230 m&sup2;. Vegetacin predominantes: Ejemplares arbreos: pltano de sombra (Platanus x hispanica), ciruelo rojo (Prunus cerasifera), arce de Freeman (Acer x freemanii), arce plateado (Acer saccharinum), olivo (Olea europaea), encina (Quercus ilex), castao de Indias (Aesculus hippocastanum), etc. Arbustos: viburno (Viburnum lucidum), madroo (Arbutus unedo), saco (Sambucus nigra). Macizos arbustivos: salvia rosa (Salvia microphylla), salvia rusa (Perovskia atriplicifolia), olivilla (Teucrium fruticans), weigela florida, verbena bonariensis, vinca minor, lirio africano (Agapanthus africanus), hiedra (Hedera helix), etc.",2,http://www.madrid.es/sites/v/index.jsp?vgnextchannel=bfa48ab43d6bb410VgnVCM100000171f5a0aRCRD&vgnextoid=e5021544198be210VgnVCM2000000c205a0aRCRD,ESPAA,PLAZA,V,20,,,,,MADRID,MADRID,28008,2,ARGUELLES,9,MONCLOA-ARAVACA,439631,4475032,40.42372251184839,-3.7116577340508523,,,,/contenido/entidadesYorganismos/ParquesJardines
5963151,Jardines de la Plaza de Olavide,"Los jardines de la plaza de Olavide, en su configuracin actual, constan de un anillo interior cubierto por jardines y arbolado, que ofrecen sombra y frescor, con caminos y zonas estanciales de pavimento permeable, configurando microplazuelas, y de un anillo exterior que conexiona con las calles que desembocan en la plaza, de plataformas nicas, con pavimentos permeables y circulacin restringida nicamente a garajes y servicios de emergencia La plaza de Olavide. El conjunto de la plaza, siuada en el corazn de Chamber, se presenta hoy como un espacio plenamente peatonal y abierto a su entorno, integrando la vegetacin con los recorridos peatonales y creando un ambiente ms amable y accesible. El espacio urbano est equipado con mobiliario moderno: bancos, mesas, cinco fuentes de agua potable y una zona recreativa con mesas de ping-pong. La iluminacin es de tecnologa LED de alta eficiencia. La plaza combina tradicin y modernidad, manteniendo su carcter castizo y simblico dentro de Chamber, con su fuente central, pero ofreciendo al mismo tiempo un entorno renovado, pensado para el disfrute ciudadano y el encuentro social. En 1974 se demoli, no sin polmica, el Mercado municipal que se encontraba enclavado en la plaza de Olavide. Era un edificio de carcter racionalista, de forma poligonal, constituido por una serie de prismas octogonales escalonados con un gran patio central. El espacio que ocupaba fue sustituido por una plaza ajardinada con parterres de arbustos y una fuente, que ha sufrido diversas remodelaciones, la ms reciente, la de 2024.",,Zonas infantiles Zonas de mayores,"Metro: Bilbao (lnea 1, 4) Bus: 3, 16, 37, 40, 61, 149 Servicio Bicimad, para consultar la estacin ms cercana, acceda al mapa de geolocalizacin de las estaciones.","Conservacin: Direccin General de Gestin del Agua y Zonas Verdes. rea de Gobierno de Medio Ambiente y Movilidad. Superficie: 5.731 m&sup2;. Vegetacin predominante: rboles: Acacia del Japn (Styphnolobium japonicum), Mimosa plateada (Acacia dealbata), Pltano de sombra (Platanus &times; hispanica) y Falsa acacia (Robinia pseudoacacia). Macizos arbustivos: Madroo (Arbutus unedo), Callistemon (Callistemon) y Evnimo (Euonymus).",2,http://www.madrid.es/sites/v/index.jsp?vgnextchannel=bfa48ab43d6bb410VgnVCM100000171f5a0aRCRD&vgnextoid=091b882aacd2e210VgnVCM2000000c205a0aRCRD,OLAVIDE,PLAZA,V,16,,,,,MADRID,MADRID,28010,3,TRAFALGAR,7,CHAMBERI,440560,4475996,40.43247362678542,-3.7007855621824293,,,,/contenido/entidadesYorganismos/ParquesJardines
6010975,"Jardines de la Plaza de Oriente, Lepanto y Cabo Noval","La Plaza de Oriente, de forma rectangular cerrada en hemiciclo, est presidida por el Teatro Real y ofrece una imponente perspectiva que enmarca la fachada oriental del Palacio Real. En el diseo de la plaza, situada en el occidente de la ciudad (pero a oriente de Palacio), se distinguen tres espacios bien diferenciados: el parterre central, que rodea la famosa escultura ecuestre de Felipe IV, y los jardines de Cabo Noval y de Lepanto, situados a ambos lados. El parterre central sigue el estilo decimonnico de jardinera, con setos que dibujan complejos diseos geomtricos y figuras topiarias (plantas perfiladas en diversas formas), todo ello dispuesto de manera simtrica a lo largo de un eje principal. En el centro de cada una de estas figuras se encuentra un magnolio, mientras que dos fuentes artsticas adornan los parterres ms cercanos al Palacio. Los jardines de Lepanto y de Cabo Noval son reas abiertas y ajardinadas, pensadas para el descanso y el disfrute de los visitantes. La abundancia de rboles convierte ambos espacios en lugares ideales para el ocio y la relajacin. Los jardines de Cabo Noval, compuestos principalmente por pltanos de sombra, ocupan la parte norte de la Plaza de Oriente, junto a la calle de San Quintn. Por su parte, los jardines de Lepanto, situados al sur de la plaza, presentan una composicin muy similar. Estos jardines son una visita imprescindible para cualquier turista que explore Madrid. Adems, tras las reformas de los Jardines de la Plaza de Espaa realizadas entre 2020 y 2021, estn conectados peatonalmente con esta famosa plaza, los Jardines de Sabatini, el Templo de Debod y el Parque del Oeste.",,Zonas infantiles,"Metro: pera (lneas 2, 5 y ramal) Autobs: 25, 39 Servicio Bicimad, para consultar la estacin ms cercana, acceda al mapa de geolocalizacin de las estaciones.","Conservacin: Direccin General de Gestin del Agua y Zonas Verdes, rea de Gobierno de Medio Ambiente y Movilidad. Superficie: 28.996 m&sup2;. Vegetacin predominantes: Ejemplares arbreos: pltanos de sombra (Platanus x hispanica), aligustre arbreo (Ligustrum lucidum), ciprs comn (Cupressus sempervirens) y tejo (Taxus baccata). Macizos arbustivos: setos de boj (Buxus sempervirens), albomarginata (Euonymus japonicus &lsquo;Albomarginatus&rsquo;) y aligustre del Japn (Ligustrum japonicum).",2,http://www.madrid.es/sites/v/index.jsp?vgnextchannel=bfa48ab43d6bb410VgnVCM100000171f5a0aRCRD&vgnextoid=5089e51ecd6ee210VgnVCM2000000c205a0aRCRD,BAILEN,CALLE,V,17,,,,,MADRID,MADRID,28013,1,PALACIO,1,CENTRO,439526,4474437,40.41835486065351,-3.712838830603048,,,,/contenido/entidadesYorganismos/ParquesJardines
6067949,Jardines de la Plaza de la Villa de Pars,"Este espacio est dotado de una zona de juegos infantiles y amplias reas de tierra compactada, destinadas al paseo de la ciudadana. Los jardines se componen de dos grandes parterres estacionales, adornados con esculturas centrales, rodeados de zonas ajardinadas y arboladas. Un amplio paseo central conduce hacia el emblemtico edificio del Tribunal Supremo de Justicia, antiguamente el convento de Santa Brbara. Equipado con bancos distribuidos a lo largo del parque, es un lugar ideal para reunirse, relajarse y disfrutar de la tranquilidad en pleno corazn de la ciudad. Debe su nombre a la visita a Madrid del Presidente de la Repblica Francesa M. Loubet en 1905. La plaza est decorada con las esculturas de Brbara de Braganza, promotora del conjunto, y Fernando VI, obras respectivas de Mariano Benlliure y Juan Domingo Olivieri.",,Zonas infantiles Zonas deportivas,"Metro: Coln (lnea 4) Bus: 5, 14, 21 ,27, 37, 45, 53, 150 Servicio Bicimad, para consultar la estacin ms cercana, acceda al mapa de geolocalizacin de las estaciones.","Conservacin: Direccin General de Gestin del Agua y Zonas Verdes, rea de Gobierno de Medio Ambiente y Movilidad. Superficie: 10.718 m&sup2;. Vegetacin predominante: Ejemplares arbreos: pltano de sombra (Platanus x hispanica). Arbustos: laurentino (Viburnum tinus) y adelfa (Nerium oleander). Macizos arbustivos: pitosporo (Pittosporum spp.), evnimo (Euonymus spp.) y rosales (Rosa spp.).",2,http://www.madrid.es/sites/v/index.jsp?vgnextchannel=bfa48ab43d6bb410VgnVCM100000171f5a0aRCRD&vgnextoid=1e069432ff3ef210VgnVCM2000000c205a0aRCRD,GENERAL CASTAOS,CALLE,V,6,,,,,MADRID,MADRID,28004,4,JUSTICIA,1,CENTRO,441178,4475295,40.42620255233654,-3.6934468983675846,,,,/contenido/entidadesYorganismos/ParquesJardines
6011090,Jardines de las Vistillas,"Este jardn, con diferentes niveles y zonas, es frecuentado por los vecinos como espacio para pasear y descansar. Fue diseado en las dcadas de 1930 y 1940, junto con los jardines de la Plaza de Gabriel Mir y la cuesta de los ciegos, por los arquitectos Fernando Garca Mercadal (1932) y Manuel Herrero Palacios (1945), quienes crearon un primer cuerpo rodeado por un pequeo muro, al que se accede mediante escaleras. Este espacio cuenta con una zona ajardinada estacional, adornada con rboles, una fuente central, macizos de csped bien definidos, caminos de granito, farolas y un busto en homenaje a Zuloaga. Conocido como los Jardines de las Vistillas, su nombre hace referencia a las magnficas vistas que ofreca sobre la ribera del Manzanares y la Casa de Campo, hoy mermadas, debido al crecimiento del arbolado as como a edificios de nueva planta. Adems, es un lugar emblemtico donde se celebran conocidas verbenas como la de la Paloma, y festejos populares madrileos. Tiene continudad, hacia el sur, con los jardines de la Cornisa.",,Zonas infantiles,"Bus: 3, 31, 50, 65, 148 Servicio Bicimad, para consultar la estacin ms cercana, acceda al mapa de geolocalizacin de las estaciones.","Conservacin: Direccin General de Gestin del Agua y Zonas Verdes, rea de Gobierno de Medio Ambiente y Movilidad. Superficie: 12.108 m&sup2;. Vegetacin predominantes: Ejemplares arbreos: lamo blanco (Populus alba), almez (Celtis australis) y liquidambar (Liquidambar styraciflua). Arbustos: celindas (Philadelphus spp.) y tuya oriental (Platycladus orientalis). Macizos arbustivos: rosas (Rosa spp.), escalonia (Escallonia spp.) y abelia (Abelia spp.).",2,http://www.madrid.es/sites/v/index.jsp?vgnextchannel=bfa48ab43d6bb410VgnVCM100000171f5a0aRCRD&vgnextoid=ff7261226f6ee210VgnVCM1000000b205a0aRCRD,MORERIA,CALLE,V,12,,,,,MADRID,MADRID,28005,1,PALACIO,1,CENTRO,439391,4473822,40.41281392212301,-3.7143597156687056,,,,/contenido/entidadesYorganismos/ParquesJardines
6011574,Jardines del Arquitecto Ribera,"Estos jardines se organizan en diversas zonas, diseadas para facilitar la conexin entre las calles Barcel y Beneficencia, as como entre las emblemticas reas de Tribunal y Malasaa. En 2009 el primitivo parque dej su superficie al que sera el mercado provisional de Barcel, al ser demolido el edificio del antiguo para dar paso a la construccin del mercado que ahora conocemos. En diciembre de 2014 se inauguraba el nuevo mercado, integrado en el Centro Polivalente Barcel. Se inici entonces un movimiento vecinal para la recuperacin del espacio, para reclamar la vuelta del jardn y poder participar en su diseo. En 2017 se inauguraron los Jardines del Arquitecto Ribera. De diseo moderno, tambin tiene su identidad histrica, con la fuente monumento al cronista y bibliotecario de la Villa Ramn Mesonero Romanos, y con mejor perspectiva del Museo de Historia de Madrid, construido originalmente como Real Hospicio de San Fernando precisamente por el arquitecto Pedro de Ribera. Entre sus caractersticas, se incluye una zona de terrizo con fuentes, conocida como la Zona de Juegos de Agua, y una rea central de descanso denominada la Explanada. Tambin cuentan con una zona de juegos infantiles y un rea destinada a mascotas. Adicionalmente, hay varias reas ajardinadas; una de ellas, con rboles frutales, se sita frente al colegio Isabel la Catlica, mientras que el espacio frente al jardn del Museo de Historia alberga ejemplares de arbolado singular. Los Jardines del Arquitecto Ribera incluyen tambin arbustos y plantas tapizantes. Adems, alberga un rea dentro de los jardines para un huerto urbano de uso escolar destinado al colegio Isabel la Catlica.",,Zonas infantiles Zonas caninas,"Metro: Tribunal (lneas 1 y 10) Bus: 3, 40, 149 Servicio Bicimad, para consultar la estacin ms cercana, acceda al mapa de geolocalizacin de las estaciones.","Conservacin: Direccin General de Gestin del Agua y Zonas Verdes, rea de Gobierno de Medio Ambiente y Movilidad. Superficie: 4.282 m&sup2;. Vegetacin predominante: Ejemplares arbreos: arce campestre (Acer campestre), pltano de sombra (Platanus x hispanica), almez (Celtis australis) y ciruelo rojo (Prunus cerasifera). Macizos arbustivos: adelfa (Nerium oleander), pitosporo (Pittosporum spp.) y agracejo (Berberis spp.).",2,http://www.madrid.es/sites/v/index.jsp?vgnextchannel=bfa48ab43d6bb410VgnVCM100000171f5a0aRCRD&vgnextoid=7c696da6957ee210VgnVCM1000000b205a0aRCRD,BARCELO,CALLE,V,2,,,,,MADRID,MADRID,28004,4,JUSTICIA,1,CENTRO,440596,4475321,40.42640449792336,-3.7002981748621955,,,,/contenido/entidadesYorganismos/ParquesJardines
6010463,Jardines del Descubrimiento,"Los Jardines del Descubrimiento se encuentran en el centro neurlgico de la capital, delimitados por las calles Goya, Serrano, de la Armada Espaola y el eje Castellana-Recoletos. La Antigua Casa de la Moneda ocupaba estos terrenos hasta los aos 70, fecha en la que se remodel la plaza y se crearon los jardines y el antiguo Centro Cultural de la Villa. En la actualidad es un lugar de referencia para los madrileos ya que su excelente ubicacin los convierte en uno de los principales escenarios para la celebracin de todo tipo de eventos: actos de conmemoracin del Da de la Hispanidad, ferias, manifestaciones y encuentros deportivos. El diseo original de la jardinera presentaba grandes reas geomtricas de csped en la zona central de la plaza, acompaadas de macizos de flor y ejemplares arbreos de gran porte como pinos, cipreses y magnolios en las franjas laterales. Debido a las filtraciones producidas en las instalaciones subterrneas y al gasto de agua para su mantenimiento, en 2006 las praderas se sustituyeron por grava ornamental. En la actualidad bajo su superficie se encuentran el aparcamiento pblico Plaza de Coln y el Fernn Gmez Centro Cultural de la Villa. Los Jardines del Descubrimiento deben su nombre a Cristbal Coln. Un gran monumento neogtico con la estatua de Cristbal Coln ha presidido los jardines desde 1972 a 2009, ao en el que con motivo de las obras de remodelacin del eje Prado-Recoletos fue de nuevo trasladado a la que fuera su ubicacin inicial, el centro de la rotonda de la plaza de Coln. Desde 2018 'Julia', la escultura de doce metros del famoso escultor Jaume Plensa, se asienta sobre el pedestal que antiguamente ocupaba la estatua del navegante. Esta obra de arte nica seguir expuesta en Madrid como mnimo hasta diciembre de 2024. En el lateral de la calle Serrano se sita el Monumento al Descubrimiento de Amrica compuesto por cuatro grandes bloques de hormign con grabados y textos de la historia del Descubrimiento. En estos cntricos jardines ondea desde 2002 la bandera ms grande de Espaa, con 294 metros cuadrados -21x14- de longitud y 35 kilos de peso. Est sostenida por un mstil de 50 metros de altura que gira en la direccin del viento lo que impide que se enrolle. Mirando a esta bandera se coloc en 2014 una estatua en honor al almirante Blas de Lezo. Otras denominaciones: Jardines de la Plaza de Coln.",,Aseo pblico,"Metro: Coln (lnea 4) y Serrano (lnea 4) Bus: 1, 5, 9, 14, 19, 21, 27, 45, 51, 53, 74 y 150 Servicio Bicimad, para consultar la estacin ms cercana, acceda al mapa de geolocalizacin de las estaciones.","Conservacin: Direccin General de Gestin del Agua y Zonas Verdes, rea de Gobierno de Medio Ambiente y Movilidad. Superficie: 20.201 m&sup2;. Vegetacin predominante: Ejemplares arbreos: pino pionero (Pinus pinea), ciruelo rojo (Prunus cerasifera), ciprs comn (Cupressus sempervirens) y ciprs de Arizona (Cupressus arizonica). Arbustos: fotinia (Photinia spp.) y laurel (Laurus nobilis). Macizos arbustivos: adelfa (Nerium oleander), griolera (Cotoneaster spp.) y junpero (Juniperus spp.).",1,http://www.madrid.es/sites/v/index.jsp?vgnextchannel=bfa48ab43d6bb410VgnVCM100000171f5a0aRCRD&vgnextoid=185afce3b03ee210VgnVCM2000000c205a0aRCRD,GOYA,CALLE,V,2,,,,,MADRID,MADRID,28001,1,RECOLETOS,4,SALAMANCA,441573,4475179,40.42518540300912,-3.6887800207651495,,,,/contenido/entidadesYorganismos/ParquesJardines
6076087,Jardines del Doctor Fleming,"Este jardn, de forma alargada y orientacin norte-sur, se encuentra junto a los bloques residenciales de la Calle Doctor Fleming. Su diseo destaca por amplias praderas de csped, cuidadosamente delimitadas por setos que estructuran el espacio de manera organizada y armoniosa. La abundante vegetacin arbrea proporciona sombra y frescor, creando un ambiente acogedor y agradable para quienes lo recorren. Dispersos a lo largo del jardn, varios bancos invitan al descanso, ofreciendo a los visitantes un tranquilo refugio natural en pleno entorno urbano.",,,"Metro: Cuzco (lnea 10) Bus: 27, 40 , 126, 147 y 150 Servicio Bicimad, para consultar la estacin ms cercana, acceda al mapa de geolocalizacin de las estaciones.","Conservacin: Direccin General de Gestin del Agua y Zonas Verdes, rea de Gobierno de Medio Ambiente y Movilidad. Superficie: 7.363 m&sup2;. Vegetacin predominante: Ejemplares arbreos: castao de indias (Aesculus hippocastanum), pino pionero (Pinus pinea), pltano de sombra (Platanus x hispanica) y laurel cerezo (Prunus laurocerasus). Arbustos: espirea (Spiraea spp.), espino de fuego (Pyracantha coccinea) y laurel cerezo (Prunus laurocerasus). Macizos arbustivos: junpero (Juniperus spp.), griolera (Cotoneaster spp.) y cotoneaster horizontal (Cotoneaster horizontalis).",2,http://www.madrid.es/sites/v/index.jsp?vgnextchannel=bfa48ab43d6bb410VgnVCM100000171f5a0aRCRD&vgnextoid=b8a6a4e95e700310VgnVCM2000000c205a0aRCRD,DOCTOR FLEMING,CALLE,V,1,,,,,MADRID,MADRID,28036,4,HISPANOAMERICA,5,CHAMARTIN,441546,4478437,40.45454215758879,-3.6893863385035783,,,,/contenido/entidadesYorganismos/ParquesJardines
5965543,Jardines del Mundial. Castellana,"Jardineras de obra con especies arbreas especficas de diferentes pases. Parque conmemorativo de los Mundiales de Ftbol 1982, posee especies originales de otros pases.",,,"Metro: Santiago Bernabu (lnea 10) Bs: 14, 27, 40, 126, 147, 150 Servicio Bicimad, para consultar la estacin ms cercana, acceda al mapa de geolocalizacin de las estaciones.",Conservacin: Direccin General de Gestion del Agua y Zonas Verdes. rea de Gobierno de Medio Ambiente y Movilidad Superficie: 3547 m2 Espacios predominantes (nombre comn) con respecto a especies principales: rboles. N&ordm; total de unidades arbreas: 121Pltano de sombra 41%Ciruelo rojo 20%Acacia del Japn 9%Tuya 5% Arbustos. N&ordm; total de unidades arbustivas: 27Bamb 22%Piracantas 15%Madroo 11% Macizos arbustivos. Superficie de macizos arbustivos: 67 m2 Adelfa 51%Bamb 13%Cotoneaster horizontal 10%,2,http://www.madrid.es/sites/v/index.jsp?vgnextchannel=bfa48ab43d6bb410VgnVCM100000171f5a0aRCRD&vgnextoid=f87202f3ad73e210VgnVCM2000000c205a0aRCRD,CASTELLANA,PASEO,V,142,,B,,,MADRID,MADRID,28046,4,HISPANOAMERICA,5,CHAMARTIN,441546,4478277,40.4530917282714,-3.6893833082867062,,,,/contenido/entidadesYorganismos/ParquesJardines
6011769,Jardines del Prncipe de Anglona,"Este pequeo jardn histrico se encuentra ubicado en pleno centro de Madrid. Antiguamente, serva como lugar de recreo para los diferentes propietarios del palacio contiguo. Aunque ha sido reformado en varias ocasiones, el jardn an conserva su estructura original. Los caminos de ladrillos estn dispuestos en sardinel, una tcnica de albailera que consiste en colocar los ladrillos de canto, en posicin vertical, adosados por sus caras. En el interior del jardn destacan varios arbustos singulares y una gran prgola cubierta de rosales trepadores. El jardn original data aproximadamente del ao 1750, y su aspecto actual es el resultado del encargo realizado en 1920 por los Marqueses de la Romana al pintor y diseador de jardines Javier de Winthuysen. La ltima restauracin fue llevada a cabo por la paisajista toscana Luca Serredi en el ao 2002.",Invierno: de 10 a 18:30 horas Verano: de 10 a 22:00 horas,,"Metro: La Latina (lnea 5) Bus: 3 , 31 , 50 , 65 , 148 Servicio Bicimad, para consultar la estacin ms cercana, acceda al mapa de geolocalizacin de las estaciones.","Conservacin: Direccin General de Gestin del Agua y Zonas Verdes, rea de Gobierno de Medio Ambiente y Movilidad. Superficie: 678 m&sup2;. Vegetacin predominante: Ejemplares arbreos: ailanto (Ailanthus altissima), madroo (Arbutus unedo), acacia del Japn (Styphnolobium japonicum) y granado (Punica granatum). Arbustos: boj (Buxus sempervirens), laurel (Laurus nobilis) y rosales (Rosa spp.). Macizos arbustivos: berberis (Berberis spp.), cotoneaster horizontal (Cotoneaster horizontalis) y rosales (Rosa spp.).",2,http://www.madrid.es/sites/v/index.jsp?vgnextchannel=bfa48ab43d6bb410VgnVCM100000171f5a0aRCRD&vgnextoid=8019ed1da87ee210VgnVCM1000000b205a0aRCRD,PAJA,PLAZA,V,6,,,,,MADRID,MADRID,28005,1,PALACIO,1,CENTRO,439638,4473887,40.413417349090764,-3.711466649831885,,,,/contenido/entidadesYorganismos/ParquesJardines
6081387,Jardn Botnico de Pradolongo,"En el corazn del Parque de Pradolongo, frente al lago, se encuentra el Jardn Botnico, un verdadero oasis verde que se distingue por su notable diversidad botnica y su cuidadoso diseo paisajstico. Este extenso jardn alberga una amplia coleccin de plantas y rboles que se distribuyen a lo largo de plazas y parterres, formando diversas reas temticas. A lo largo del recorrido, los visitantes pueden disfrutar de un paseo educativo y relajante, enriquecido con carteles informativos y fichas botnicas que describen las principales especies presentes. Sus caminos serpenteantes, rodeados de jardines florales y amplias zonas de csped, invitan a la exploracin. El jardn tambin cuenta con bancos y zonas de descanso bajo la sombra de su vegetacin, proporcionando un entorno ideal para disfrutar de la naturaleza y escapar del bullicio urbano.",De noviembre a febrero de lunes a sbado de 9 a 17:30 horas. De marzo a octubre de lunes a sbado de 9 a 19:30 horas.,,"Metro: Hospital Doce de Octubre (lnea 3) Bus: 6 , 60 , 78 , 81 , 121 , 131 RENFE: Doce de Octubre Servicio Bicimad, para consultar la estacin ms cercana, acceda al mapa de geolocalizacin de las estaciones.","Conservacin: Direccin General de Gestin del Agua y Zonas Verdes.. rea de Gobierno de Medio Ambiente y Movilidad. Especies predominantes Una treintena de parterres, distribuidos en siete plazas, conforman el botnico en el que hay una buena representacin de 22 familias vegetales como las palmceas, leguminosas, labiadas u oleceas y hasta 180 especies diferentes de rboles y arbustos. En la actualidad se pueden observar 145 rboles, 25 palmceas, 14.500 arbustos, 1.500 plantas tapizantes, otras 1.100 de flor y 400 rosales. Entre unas y otras zonas se asoman a los paseos desde los ejemplares ms tradicionales y propios de los suelos castellanos hasta plantas originales y curiosas, como las acacias retinoides, que son de hoja perenne. No faltan frondosos parterres de conferas, ni los robles o encinas. Hay tambin membrilleros e higueras y entre rbol y rbol se dejan ver arbustos como el madroo, la celinda, el berberis o el aligustre, adems del tomillo, el romero, la salvia, la santolina o la lavanda. Otras de las especies sealizadas en este botnico son los arces, sauces, alcornoques, avellanos o cedros. rboles, plantas y arbustos estn acompaados de un cartel explicativo con la ficha correspondiente en la que se puede conocer el origen de la especie, la altura que alcanza, el tipo de hoja y la poca de floracin. Un texto con una imagen ilustrativa da ms pistas sobre la historia, los usos o las propiedades del vegetal en cuestin.",2,http://www.madrid.es/sites/v/index.jsp?vgnextchannel=bfa48ab43d6bb410VgnVCM100000171f5a0aRCRD&vgnextoid=f8ed0cb2b5120310VgnVCM2000000c205a0aRCRD,RAFAELA YBARRA,AVENIDA,V,0,,,,,MADRID,MADRID,28026,7,PRADOLONGO,12,USERA,439542,4469484,40.373745996607155,-3.712180056298639,,,,/contenido/entidadesYorganismos/ParquesJardines/ColeccionesBotanicas
5962990,Jardn Concejal Alejandro Muoz Revenga,"El Jardn Concejal Alejandro Muoz Revenga se caracteriza por ser un espacio tipo plaza recreativa pavimentada, rodeada de vegetacin y arbolado, que ofrece bancos a la sombra, creando un entorno agradable y fresco. En uno de sus extremos, se encuentra una moderna rea de juegos infantiles equipada con un pequeo castillo, ideal para que los ms pequeos se diviertan. Adems, el parque dispone de una pequea pista multifuncional para la prctica de baloncesto y ftbol, proporcionando un espacio para la actividad fsica y el deporte. Con su combinacin de zonas verdes e instalaciones recreativas, este parque se convierte en un lugar perfecto para el esparcimiento familiar, as como para disfrutar o descansar en medio del entorno urbano.",,Zonas infantiles Pista multifuncional de baloncesto y ftbol,"Bus: 2, 16, 61 y 202 Servicio Bicimad, para consultar la estacin ms cercana, acceda al mapa de geolocalizacin de las estaciones.","Conservacin: Direccin General de Gestin del Agua y Zonas Verdes. rea de Gobierno de Medio Ambiente y Movilidad. Superficie: 2.719 m&sup2;. Vegetacin predominante: Ejemplares arbreos: pltano de sombra (Platanus hispanica), rbol del amor (Cercis siliquastrum), magnolio (Magnolia grandiflora). Macizos arbustivos: agracejo (Berberis vulgaris), olivilla (Teucrium fruticans), pitosporo (Pittosporum tobira).",2,http://www.madrid.es/sites/v/index.jsp?vgnextchannel=bfa48ab43d6bb410VgnVCM100000171f5a0aRCRD&vgnextoid=724bdcbc2ad2e210VgnVCM2000000c205a0aRCRD,MELENDEZ VALDES,CALLE,V,32,,,,,MADRID,MADRID,28015,1,GAZTAMBIDE,7,CHAMBERI,439591,4476067,40.43304334055123,-3.712227582685096,,,,/contenido/entidadesYorganismos/ParquesJardines
5964859,Jardn Doa Concha Piquer,"Este pequeo parque cuenta con una hermosa fuente central que acta como punto focal, rodeada por una densa cobertura de rboles que proporcionan sombra y frescura durante los clidos das de verano, creando un ambiente acogedor y propicio para la desconexin. El parque dispone de dos zonas infantiles, ubicadas a ambos lados, que estn equipadas con las tpicas estructuras de juegos. A lo largo del parque, se encuentran diversas reas de descanso con bancos estratgicamente distribuidos, ideales para relajarse o disfrutar del entorno.",,Zonas infantiles,"Metro: Pirmides (lnea 5) Bus: 18 , 23 , 34 , 35 , 36 , 116 , 118 , 119 Servicio Bicimad, para consultar la estacin ms cercana, acceda al mapa de geolocalizacin de las estaciones.","Conservacin: Direccin General de Gestin del Agua y Zonas Verdes, rea de Gobierno de Medio Ambiente y Movilidad. Superficie: 3.061 m&sup2;. Vegetacin predominante: Ejemplares arbreos: castao de Indias (Aesculus hippocastanum), magnolio (Magnolia spp.), pino pionero (Pinus pinea) y gingo (Ginkgo biloba). Arbustos: boj (Buxus sempervirens) y laurentino (Viburnum tinus). Macizos arbustivos: junpero horizontal (Juniperus horizontalis), adelfa (Nerium oleander) y romero (Rosmarinus officinalis).",2,http://www.madrid.es/sites/v/index.jsp?vgnextchannel=bfa48ab43d6bb410VgnVCM100000171f5a0aRCRD&vgnextoid=3181025c5733e210VgnVCM1000000b205a0aRCRD,IMPERIAL,PASEO,V,93,,,,,MADRID,MADRID,28005,1,IMPERIAL,2,ARGANZUELA,439330,4472632,40.402080397498985,-3.714965086287463,,,,/contenido/entidadesYorganismos/ParquesJardines
5964601,Jardn Fachada Pirmides I,"Situado entre dos importantes vas de Madrid, como son la calle Toledo y el Paseo de las Acacias, este espacio verde urbano ofrece a los vecinos un pequeo pero agradable lugar de descanso. Aunque no se trata de un parque de grandes dimensiones, cuenta con reas ajardinadas, senderos peatonales y bancos dispuestos para el descanso. Destacan sus rboles y la zona de pradera, que proporcionan sombra y frescura, convirtindolo en un rincn ideal para pasear o hacer una pausa. Adems, su proximidad a la zona de Madrid Ro lo convierte en un lugar de paso y descanso para quienes disfrutan de esa rea.",,,"Metro: Pirmides (Linea 5) Bus: 18, 23 , 34, 35, 36, 116, 118, 119 Servicio Bicimad, para consultar la estacin ms cercana, acceda al mapa de geolocalizacin de las estaciones.","Conservacin: Direccin General de Gestin del Agua y Zonas Verdes, rea de Gobierno de Medio Ambiente y Movilidad. Superficie: 3.104 m&sup2;. Vegetacin predominantes: Ejemplares arbreos: pltano de sombra (Platanus x hispanica), pino pionero (Pinus pinea), morera blanca (Morus alba) y cedro llorn (Cedrus deodara). Arbustos: laurel cerezo (Prunus laurocerasus), acebo (Ilex aquifolium) y laurentino (Viburnum tinus). Macizos arbustivos: rosales (Rosa spp.), cotoneaster horizontal (Cotoneaster horizontalis) y junpero horizontal (Juniperus horizontalis).",2,http://www.madrid.es/sites/v/index.jsp?vgnextchannel=bfa48ab43d6bb410VgnVCM100000171f5a0aRCRD&vgnextoid=f5e35c528233e210VgnVCM2000000c205a0aRCRD,ACACIAS,PASEO,V,60,,,,,MADRID,MADRID,28005,2,ACACIAS,2,ARGANZUELA,439486,4472564,40.40148810908036,-3.713132255123738,,,,/contenido/entidadesYorganismos/ParquesJardines
6011700,Jardn Glorieta de Azorn,"Pequeo jardincillo situado en la denominada Cuesta de la Vega, bajo la Catedral de la Almudena. Le debe su nombre al escritor Jos Martnez Ruiz 'Azorn'.",,,"Bus: 31 , 41 , 50 , 65 Servicio Bicimad, para consultar la estacin ms cercana, acceda al mapa de geolocalizacin de las estaciones.",Conservacin:Direccin General de Gestin del Agua y Zonas Verdes. rea de Gobierno de Medio Ambiente y Movilidad. Superficie: 2.896 m2 % Especies predominantes ( % con respecto a especies principales) rboles. N&ordm; total de unidades arbreas: 68Acacia del Japn 66%Yuka 26%Pino pionero 3%Ciprs comn 3% Macizos arbustivos. Superficie de macizos arbustivas: 585 m2 Junpero horizontal 24%Lavanda 24%Lauretino 24%,2,http://www.madrid.es/sites/v/index.jsp?vgnextchannel=bfa48ab43d6bb410VgnVCM100000171f5a0aRCRD&vgnextoid=47a40166e57ee210VgnVCM2000000c205a0aRCRD,VEGA,CUESTA,V,3,,,,,MADRID,MADRID,28013,1,PALACIO,1,CENTRO,439239,4474040,40.414757673901924,-3.7161718357850444,,,,/contenido/entidadesYorganismos/ParquesJardines
5994445,Jardn Jazmn,"El parque, discretamente ubicado sobre la cubierta de las cocheras del metro, se caracteriza por una extensin completamente compuesta de pradera natural, complementada por plantaciones arbreas y herbceas en su mayora. Aunque las instalaciones son humildes, con apenas algunos bancos y una modesta iluminacin, el espacio es frecuentemente visitado por personas que disfrutan pasear con sus mascotas. Considerando las limitaciones del suelo disponible, dispone de especies vegetales adaptadas a un escaso espesor de suelo y con alta resistencia a la sequa, organizadas en un esquema de bandas, con el sistema de riego automtico por goteo.",,Zonas infantiles Instalaciones deportivas,"Bus: 29, 125, 129, 150 Servicio Bicimad, para consultar la estacin ms cercana, acceda al mapa de geolocalizacin de las estaciones.","Conservacin: Direccin General de Gestin del Agua y Zonas Verdes. rea de Gobierno de Medio Ambiente y Movilidad Superficie: 59.734 m&sup2;. Vegetacin predominante: rboles: Pltano de sombra (Platanus &times; hispanica), Pino pionero (Pinus pinea), Chopo de Simn (Populus simonii) y Chopo negro (Populus nigra). Arbustos: Taray (Tamarix gallica), Saco (Sambucus) y Adelfa (Nerium oleander). Macizos arbustivos: Lavanda (Lavandula), Nassella (Nassella) y Agracejo (Berberis vulgaris).",2,http://www.madrid.es/sites/v/index.jsp?vgnextchannel=bfa48ab43d6bb410VgnVCM100000171f5a0aRCRD&vgnextoid=cae5e8d9af8be210VgnVCM1000000b205a0aRCRD,ROQUETAS DE MAR,CALLE,V,10,,,,,MADRID,MADRID,28033,5,APOSTOL SANTIAGO,16,HORTALEZA,444053,4481442,40.481785094079584,-3.660098332215654,,,,/contenido/entidadesYorganismos/ParquesJardines
6010978,Jardn Palacio O'Reilly,"Este pequeo jardn interior est dotado de diversos frutales y otras especies arbreas, lo que lo convierte en un refugio ideal para escapar del bullicio de la ciudad. En el pasado, fue utilizado como huerto por las hermanas Bernardas en el siglo XVII. Tambin es conocido como el Huerto de las Monjas.","Entrada por la calle Sacramento 7: de lunes a viernes de 7:00 a 17:30 horas. Sbados, domingos y festivos cerrado Entrada por la calle Rollo: de lunes a viernes de 7:15 a 19:00 horas. Sbados, domingos y festivos cerrado",,"Bus: 31, 50, 65 Servicio Bicimad, para consultar la estacin ms cercana, acceda al mapa de geolocalizacin de las estaciones.","Conservacin: Direccin General de Gestin del Agua y Zonas Verdes, rea de Gobierno de Medio Ambiente y Movilidad. Superficie: 1.109 m&sup2;. Vegetacin predominante: Ejemplares arbreos: Ciruelo Rojo (Prunus cerasifera), Paulonia (Paulownia spp.), Aligustre del Japn (Ligustrum japonicum) y Cerezo Japons (Prunus serrulata). Arbustos: Laurentino (Viburnum tinus). Macizos arbustivos: Hiedra (Hedera spp.) y Griolera (Cotoneaster spp.).",2,http://www.madrid.es/sites/v/index.jsp?vgnextchannel=bfa48ab43d6bb410VgnVCM100000171f5a0aRCRD&vgnextoid=28dec79b4a5ee210VgnVCM1000000b205a0aRCRD,CRUZ VERDE,PLAZA,V,2,,,,,MADRID,MADRID,28005,1,PALACIO,1,CENTRO,439608,4473974,40.41418990040181,-3.7118283820550775,,,,/contenido/entidadesYorganismos/ParquesJardines
5963709,Jardn de Embajadores M-30,"Este parque de diseo moderno, a pesar de su ubicacin limtrofe con la M-30, ofrece un respiro a sus visitantes con sus zonas de pradera ajardinadas y reas de juego. Cuenta con una seccin de bancos rodeados de paredes, columnas y estructuras que simulan diferentes espacios, las cuales se utilizan para el arte urbano. Adems, dispone de una pequea pista multifuncional para ftbol y baloncesto, equipada con gradas. El parque tambin acta como barrera acstica, mitigando el ruido generado por el trfico de la M-30 y proporcionando tranquilidad al vecindario.",,Zonas deportivas,"Bus: 62 y 88 Servicio Bicimad, para consultar la estacin ms cercana, acceda al mapa de geolocalizacin de las estaciones.","Conservacin: Direccin General de Gestin del Agua y Zonas Verdes, rea de Gobierno de Medio Ambiente y Movilidad. Superficie: 8.222 m&sup2;. Vegetacin predominante: Ejemplares arbreos: Chopo de Canad (Populus &times; canadensis), Ciruelo Rojo (Prunus cerasifera), lamo Plateado (Populus alba) y Cedro del Atlas (Cedrus atlantica). Macizos arbustivos: Taray (Tamarix spp.), Cotoneaster (Cotoneaster spp.) y Romero (Salvia rosmarinus).",2,http://www.madrid.es/sites/v/index.jsp?vgnextchannel=bfa48ab43d6bb410VgnVCM100000171f5a0aRCRD&vgnextoid=4edc357e87e2e210VgnVCM2000000c205a0aRCRD,PUERTO DE LA CRUZ VERDE,CALLE,V,29,,,,,MADRID,MADRID,28045,4,LEGAZPI,2,ARGANZUELA,441788,4470626,40.38418473435094,-3.685817452497564,,,,/contenido/entidadesYorganismos/ParquesJardines
6011067,Jardn de Larra,"Desde este jardn se puede admirar el atardecer de Madrid con vistas a la Catedral de la Almudena y al Palacio Real. Se trata de un pequeo espacio verde ajardinado, que cuenta con una cubierta de csped en forma de talud, la cual separa las diferentes alturas de las calles que lo delimitan, Bailn y Factor. Un pequeo camino de terrizo atraviesa el jardn, que suele estar concurrido en los das de buen tiempo.",,,"Metro: Opera (lneas 2, 5 y ramal) Bus: 3, 148 Servicio Bicimad, para consultar la estacin ms cercana, acceda al mapa de geolocalizacin de las estaciones.","Conservacin: Direccin General de Gestin del Agua y Zonas Verdes, rea de Gobierno de Medio Ambiente y Movilidad. Superficie: 5.599 m&sup2;. Vegetacin predominante: Ejemplares arbreos: Cedro Llorn (Cedrus deodara), Hibisco (Hibiscus spp.), lamo Plateado (Populus alba) y Arce (Acer spp.). Arbustos: Laurel Cerezo (Prunus laurocerasus). Macizos arbustivos: Hiedra (Hedera spp.), Forsitias (Forsythia spp.) y Pitosporo (Pittosporum spp.).",2,http://www.madrid.es/sites/v/index.jsp?vgnextchannel=bfa48ab43d6bb410VgnVCM100000171f5a0aRCRD&vgnextoid=04de61226f6ee210VgnVCM1000000b205a0aRCRD,FACTOR,CALLE,V,7,,,,,MADRID,MADRID,28013,1,PALACIO,1,CENTRO,439528,4474211,40.41631909566782,-3.712793771176405,,,,/contenido/entidadesYorganismos/ParquesJardines
5996843,Jardn de la Colonia Congosto,"Este espacio ajardinado destaca por una extensa zona estancial situada alrededor de la cafetera existente. El parque cuenta con numerosos macizos arbustivos de adelfa, cotoneaster y celinda, as como rboles maduros entre los que destacan el olmo de siberia, el pino carrasco, el almez y el ciprs comn. Adems, dispone de un rea de juegos infantiles en su zona este, as como de un rea canina. El parque es tambin conocido por otras denominaciones, tales como Parque Congosto o Parque Camino Congosto.",,Zona infantil Zona canina,"Metro: Congosto (lnea 1) Bus: 54 y L1 Servicio Bicimad, para consultar la estacin ms cercana, acceda al mapa de geolocalizacin de las estaciones.","Conservacin: Direccin General de Gestin del Agua y Zonas Verdes. rea de Gobierno de Medio Ambiente y Movilidad. Superficie: 6.653 m&sup2;. Vegetacin predominante: rboles: Olmo de Siberia (Ulmus pumila), Pino carrasco (Pinus halepensis), Almez (Celtis australis) y Ciprs comn (Cupressus sempervirens). Macizos arbustivos: Adelfa (Nerium oleander), Cotoneaster (Cotoneaster) y Celinda (Philadelphus coronarius).",2,http://www.madrid.es/sites/v/index.jsp?vgnextchannel=bfa48ab43d6bb410VgnVCM100000171f5a0aRCRD&vgnextoid=f8a5d9e4faebe210VgnVCM2000000c205a0aRCRD,CONGOSTO,CALLE,V,70,,,,,MADRID,MADRID,28031,1,CASCO H.VALLECAS,18,VILLA DE VALLECAS,447504,4469108,40.37089825532696,-3.618365854832584,,,,/contenido/entidadesYorganismos/ParquesJardines
5967788,Jardn de las Bellas Artes,"El Jardn de las Bellas Artes es un espacio verde ubicado junto al Paseo de la Castellana, frente a la fachada principal del Museo Nacional de Ciencias Naturales y de la Escuela Tcnica Superior de Ingenieros Industriales de la Universidad Politcnica de Madrid. El jardn se caracteriza por sus taludes de pradera y su variado arbolado de gran porte, entre los que destacan ejemplares de secuoyas, con un notable valor botnico y ornamental. El paseo principal es amplio y agradable, ideal para el esparcimiento. En el centro del parque, se encuentra una gran fuente ornamental, y en uno de sus extremos, un monumento dedicado a Isabel la Catlica. En el otro extremo, se erige un monumento del Pueblo de Madrid en homenaje a la Constitucin Espaola de 1978. Adems, en la parte superior del parque, cerca de la entrada a la Escuela de Ingenieros, hay un pequeo quiosco con terraza que invita a disfrutar de una pausa al aire libre. Este espacio tambin es conocido bajo otras denominaciones, como Jardn del Museo Nacional de Ciencias Naturales o Jardines de la Transicin Espaola.",,,"Metro: Gregorio Maran (lneas 7 y 10) Bs: 7, 12, 14, 27, 40, 45, 147 y 150 Servicio Bicimad, para consultar la estacin ms cercana, acceda al mapa de geolocalizacin de las estaciones.","Conservacin: Direccin General de Gestin del Agua y Zonas Verdes, rea de Gobierno de Medio Ambiente y Movilidad. Superficie: 10.340 m&sup2;. Vegetacin predominante: Ejemplares arbreos: castao de indias (Aesculus hippocastanum), ginkgo (Ginkgo biloba), liquidmbar (Liquidambar styraciflua) y tuya oriental (Platycladus orientalis). Arbustos: adelfa (Nerium oleander), espirea del Japn (Spiraea japonica) y laurel cerezo (Prunus laurocerasus). Macizos arbustivos: junpero horizontal (Juniperus horizontalis) y rosas (Rosa spp.).",2,http://www.madrid.es/sites/v/index.jsp?vgnextchannel=bfa48ab43d6bb410VgnVCM100000171f5a0aRCRD&vgnextoid=1777c5ab4774e210VgnVCM1000000b205a0aRCRD,CASTELLANA,PASEO,V,78,,B,,,MADRID,MADRID,28046,1,EL VISO,5,CHAMARTIN,441434,4476714,40.4390037057741,-3.6905481652485355,,,,/contenido/entidadesYorganismos/ParquesJardines
5978923,Jardn del Bulevar de Pea Gorbea,"El Jardn del Bulevar de Pea Gorbea es un amplio paseo ajardinado que se extiende entre dos calles, ofreciendo un entorno agradable y fresco gracias a su densa cobertura arbrea. A lo largo del bulevar, se encuentran bancos estratgicamente ubicados, brindando espacios ideales para el descanso y la socializacin. Este lugar es frecuentemente concurrido y sirve como punto de encuentro para eventos vecinales, mercadillos semifijos y diferentes actividades comerciales. Cada verano se celebra aqu la conocida Batalla Naval de Vallecas. En uno de los extremos del paseo destaca una moderna escultura titulada Los Paseantes, que aade un toque artstico al entorno. Tambin conocido como Paseo Antoln Pulido o Bulevar del Puente de Vallecas, este espacio combina naturaleza, cultura y vida urbana, siendo un referente para la comunidad local.",,,"Metro: Puente Vallecas (lnea 1) Bus: 10, 24, 54, 57, 58, 310 y 410 Servicio Bicimad, para consultar la estacin ms cercana, acceda al mapa de geolocalizacin de las estaciones.","Conservacin: Direccin General de Gestin del Agua y Zonas Verdes, rea de Gobierno de Medio Ambiente y Movilidad. Superficie: 4.247 m&sup2;. Vegetacin predominante: Ejemplares arbreos: Pltano de sombra (Platanus x hispanica). Arbustos: Tuya oriental (Thuja orientalis). Macizos arbustivos: Uva de Oregn (Mahonia aquifolium), Cornejo (Cornus sanguinea), Palo loro (Erythrina crista-galli).",2,http://www.madrid.es/sites/v/index.jsp?vgnextchannel=bfa48ab43d6bb410VgnVCM100000171f5a0aRCRD&vgnextoid=1aaf38317117e210VgnVCM1000000b205a0aRCRD,PEA GORBEA,CALLE,V,17,,B,,,MADRID,MADRID,28053,2,SAN DIEGO,13,PUENTE DE VALLECAS,443393,4471901,40.3957812018463,-3.6670346724676173,,,,/contenido/entidadesYorganismos/ParquesJardines
5964328,Jardn del Maestro Padilla,"Este parque urbano ajardinado est distribuido en dos alturas y cuenta con un paseo central pavimentado, as como reas de esparcimiento equipadas con bancos y mesas de juego. La vegetacin es variada; presenta dos espacios diferenciados de csped, mientras que el resto del parque est adornado con arbolado, destacando el pino pionero y el tilo. Adems, incluye una zona delimitada para juegos infantiles, lo que lo convierte en un lugar ideal para disfrutar en familia.",,Zonas infantiles,"Bus: 25, 33, 39, 41, 68, 69, 138 Servicio Bicimad, para consultar la estacin ms cercana, acceda al mapa de geolocalizacin de las estaciones.","Conservacin: Direccin General de Gestin del Agua y Zonas Verdes. rea de Gobierno de Medio Ambiente y Movilidad. Superficie: 5.689 m&sup2;. Vegetacin predominante: Ejemplares arbreos: Pino Pionero (Pinus pinea), Tilo de hojas grandes (Tilia platyphyllos), Almez (Celtis australis) y Aligustre del Japn (Ligustrum japonicum). Arbustos: Rosales (Rosa spp.). Macizos arbustivos: Griolera (Cotoneaster spp.), Hiedra (Hedera spp.) y Piracantas (Pyracantha coccinea).",2,http://www.madrid.es/sites/v/index.jsp?vgnextchannel=bfa48ab43d6bb410VgnVCM100000171f5a0aRCRD&vgnextoid=40538ced5a23e210VgnVCM1000000b205a0aRCRD,SAN ALEJANDRO,CALLE,V,1,,,,,MADRID,MADRID,28005,1,IMPERIAL,2,ARGANZUELA,438793,4472904,40.404491323444994,-3.7213308239798675,,,,/contenido/entidadesYorganismos/ParquesJardines
5997538,Jardn del Paseo Federico Garca Lorca,"El Jardn del Paseo Federico Garca Lorca es un paseo peatonal ajardinado que se distingue por la presencia de un monumento en honor al clebre poeta y dramaturgo Federico Garca Lorca, realizado en el ao 1986, con motivo del 50&ordm; aniversario su muerte. Varios mdulos de hormign sobre basamentos de cemento y adoqun de perfiles geomtricos y angulosos dan una superficie mural que acoge 15 dibujos de Lorca, grabados en hormign blanco a modo de hueco relieve. En el centro, un monolito en piedra de Calatorao negra acoge en cada una de sus caras sendos medallones de bronce con la efigie del poeta. A lo largo del recorrido se encuentran tambin varios monolitos decorados con fragmentos de obras de Lorca, como el dedicado a Doa Rosita la Soltera, obra teatral, o al Poema del Cante Jondo, obra potica. Acoge tambin las fuentes de Herrero Palacios, que estuvieron en la puerta del Sol desde 1951, hasta 1986, ao en que la puerta del sol sufri una nueva gran reforma, de las muchas que ha tenido en su historia, y las fuentes no tenan cabida en el nuevo proyecto. Aprovechando que tambin se remodelaba el paseo de Federico Garca Lorca, se trasladaron all. Desde entonces sufran un progresivo porceso de deterioro por lo que en 2018 se realiz una restauracin, tanto del conjunto ptreo como del sistema hidrulico, recuperando elementos daados y reproduciendo los elementos perdidos documentados. La vegetacin del paseo est marcada por una alineacin de acacias de tres pas y se acompaan, adems, con ciruelos rojos, cipreses y magnolios, as como con arbustvas como grioleras, durillos, rosa de siria, etc. Destaca un olmo comn monumental, de gran importancia dados los pocos ejemplares que se mantienen vivos de esta especie. El paseo acoge tambin dos fuentes ornamentales, numerosos bancos y un kiosco. Este espacio es tanto una zona de trnsito como un lugar de descanso, donde algunos bares adyacentes aprovechan para instalar terrazas al aire libre, aadiendo vida al paseo. El lugar es tambin conocido como el Bulevar de Federico Garca Lorca.",,Zonas infantiles Fuente ornamental,"Metro: Villa Vallecas (lnea 1) Bus: 54 , 58 , 103 , 142 , 143 , N9 , L1 Servicio Bicimad, para consultar la estacin ms cercana, acceda al mapa de geolocalizacin de las estaciones.","Conservacin: Direccin General de Gestin del Agua y Zonas Verdes. rea de Gobierno de Medio Ambiente y Movilidad. Superficie: 2.406 m&sup2;. Vegetacin predominante: rboles: Acacia de tres pas (Gleditsia triacanthos), Ciruelo rojo (Prunus cerasifera), Ciprs comn (Cupressus sempervirens) y Magnolio (Magnolia). Arbustos: Rosa de siria (Hibiscus syriacus), Pitosporo (Pittosporum tobira) y Cotoneaster (Cotoneaster). Macizos arbustivos: Griolera (Cotoneaster), Durillo (Viburnum tinus) y Rosa de siria (Hibiscus syriacus).",2,http://www.madrid.es/sites/v/index.jsp?vgnextchannel=bfa48ab43d6bb410VgnVCM100000171f5a0aRCRD&vgnextoid=2ee9fb0adf2ce210VgnVCM1000000b205a0aRCRD,FEDERICO GARCIA LORCA,PASEO,V,21,,,,,MADRID,MADRID,28031,1,CASCO H.VALLECAS,18,VILLA DE VALLECAS,447315,4469832,40.37740868500615,-3.6206400361863036,,,,
5981891,Jardn del Templo de Debod,"Los jardines que rodean el Templo de Debod, donado por Egipto a Espaa en 1968, se encuentran sobre el lugar ocupado por el antiguo Cuartel de la Montaa. La entrada principal est flanqueada por dos grupos de cipreses ejemplares, que actan como grandes columnas de bienvenida, dividiendo el espacio en dos reas ajardinadas a cada lado del templo. El Templo est situado en el centro del parque, entre dos sencillas lminas de agua que forman una figura troncocnica, evocando reminiscencias egipcias. Dos amplios paseos laterales conducen a un balcn desde donde se pueden contemplar vistas espectaculares de la cornisa del Manzanares, el Palacio Real, la Casa de Campo y algunos de los atardeceres ms hermosos de Madrid. Los parterres del jardn, que se extienden a ambos lados del templo, funcionan como un marco vegetal que enmarca esta atractiva perspectiva. El espacio est adornado con una abundante cubierta arbrea, grupos de palmitos y diversas plantas mediterrneas sobre las praderas, entre las que destaca el cedro del Lbano donado por el gobierno libans a Madrid en 2023. Tambin se encuentran plazas, amplios paseos, bancos y algunos monumentos decorativos, as como un parque infantil bien equipado. Estos jardines estn unidos al Parque del Oeste y, desde 2022, tambin a la Plaza de Espaa tras la profunda remodelacin de la misma, a travs de la calle Ferraz. Este parque se incluye entre las visitas recomendadas a turistas que visitan la ciudad, segn la web oficial de turismo de Madrid.",,Zonas Infantiles,"Metro: Plaza de Espaa (lneas 3 y 10), Ventura Rodrguez (lnea 3) Bus: 25, 33, 39, 46, 74, 75, 148 Servicio Bicimad, para consultar la estacin ms cercana, acceda al mapa de geolocalizacin de las estaciones.","Conservacin: Direccin General de Gestin del Agua y Zonas Verdes. rea de Gobierno de Medio Ambiente y Movilidad. Superficie: 58.512 m&sup2;. Vegetacin predominante: Ejemplares arbreos: pltano de sombra (Platanus hispanica), pino pionero (Pinus pinea), olmo de Siberia (Ulmus pumila), ciruelo rojo (Prunus cerasifera). Arbustos y Palmceas: palma de Fortune (Trachycarpus fortunei), drcena indivisa (Dracaena indivisa), palmera canaria (Phoenix canariensis). Macizos arbustivos: espino de fuego (Pyracantha coccinea), espirea de Vanhoutte (Spiraea vanhouttei), celinda (Chionanthus virginicus).",2,http://www.madrid.es/sites/v/index.jsp?vgnextchannel=bfa48ab43d6bb410VgnVCM100000171f5a0aRCRD&vgnextoid=c9c8f88faab7e210VgnVCM1000000b205a0aRCRD,FERRAZ,CALLE,V,1,,,,,MADRID,MADRID,28008,1,CASA DE CAMPO,9,MONCLOA-ARAVACA,439218,4475093,40.42425096551599,-3.716531855540272,,,,/contenido/entidadesYorganismos/ParquesJardines
5981149,Jardn el Torero,"El Jardn El Torero es una zona verde que se caracteriza por su disposicin de reas terrizas y praderas de csped, conectadas entre s por caminos adoquinados. Este parque ofrece diversas instalaciones deportivas, incluyendo dos pistas, una destinada al baloncesto y otra al patinaje, as como un espacio de calistenia y una zona de juegos infantiles delimitada. En cuanto a la vegetacin, el jardn alberga una variedad de especies arbreas, destacando especialmente las conferas, que predominan en el paisaje. Este espacio ofrece un entorno ideal para la prctica deportiva y el disfrute al aire libre.",,Zonas infantiles Instalaciones deportivas,"Bus: 23 , 55 , 60 Servicio Bicimad, para consultar la estacin ms cercana, acceda al mapa de geolocalizacin de las estaciones.","Conservacin: Direccin General de Gestin del Agua y Zonas Verdes. rea de Gobierno de Medio Ambiente y Movilidad. Superficie: 7.130 m&sup2;. Vegetacin predominante: rboles: Pino pionero (Pinus pinea), Olmo de siberia (Ulmus pumila) y lamo blanco (Populus alba). Arbustos: Arbusto de las mariposas (Buddleja davidii), Griolera (Cotoneaster) y Aligustre (Ligustrum vulgare). Macizos arbustivos: Griolera (Cotoneaster), Adelfa (Nerium oleander) y Laurentino (Viburnum tinus).",2,http://www.madrid.es/sites/v/index.jsp?vgnextchannel=bfa48ab43d6bb410VgnVCM100000171f5a0aRCRD&vgnextoid=ee1a6a14ec67e210VgnVCM2000000c205a0aRCRD,TORERO,CALLE,V,6,,,,,MADRID,MADRID,28026,5,MOSCARDO,12,USERA,440113,4471526,40.39218269145896,-3.7056345651289417,,,,/contenido/entidadesYorganismos/ParquesJardines
6004296,Palacio de Cristal de la Arganzuela: Invernadero,"El Invernadero de Arganzuela est situado en el Paseo de la Chopera, junto al ro Manzanares. Es un edificio que forma parte del conjunto arquitectnico del histrico Matadero Municipal y del Mercado de Ganados. Fue proyectado y construido por el arquitecto Don Luis Bellido y Gonzlez entre los aos 1908 y 1928. Este recinto es conocido popularmente como 'Nave de las Patatas' y fue restaurado y rehabilitado para su uso como Invernadero en el ao 1992. La remodelacin del edificio le ha situado en una posicin de relevancia dentro de la arquitectura industrial. Se tom como modelo los valiosos invernaderos decimonnicos contenidos en los parques de Viena o Londres, as como toda la Arquitectura del Hierro representativa del s. XIX. El Invernadero Palacio de Cristal, est distribuido en un escenario central y cuatro espacios cerrados que representan microclimas diferentes, albergando cuatro clases diferentes de plantas: dos tropicales, uno subtropical y uno desrtico. Tambin dispone de lminas de agua, fuentes, ras y acuarios poblados de peces de diferente hbitat.","Invierno De martes a viernes de 9:30 a 14 horas (lunes cerrado) Sbados, domingos y festivos de 10 a 14 horas Cerrado 24, 25 y 31 de diciembre; 1, 5 y 6 de enero Verano (salvo el mes de agosto, que por las tardes est cerrado) De martes a viernes de 9:30 a 14 horas y de 18 a 21 horas (lunes cerrado) Sbados, domingos y festivos de 10 a 14 horas y de 18 a 21 horas",,"Metro: Legazpi (Lnea 3 y lnea 6) Bus: 6, 18, 19, 45, 47, 59, 62, 76, 78, 86, 148, 247 Servicio Bicimad, para consultar la estacin ms cercana, acceda al mapa de geolocalizacin de las estaciones.",Conservacin: Direccin General de Gestin del Agua y Zonas Verdes. rea de Gobierno de Medio Ambiente y Movilidad Superficie: 7.100 m&sup2;.,2,http://www.madrid.es/sites/v/index.jsp?vgnextchannel=bfa48ab43d6bb410VgnVCM100000171f5a0aRCRD&vgnextoid=7d855cf8438de210VgnVCM1000000b205a0aRCRD,CHOPERA,PASEO,V,10,,,,,MADRID,MADRID,28045,3,CHOPERA,2,ARGANZUELA,440714,4471656,40.3933877847248,-3.698565632659468,,,,/contenido/entidadesYorganismos/ParquesJardines/ColeccionesBotanicas
5966148,Parque Agustn Rodrguez Sahagn y Parque de los Pinos,"El Parque Huerta del Obispo y el Parque Agustn Rodrguez Sahagn forman un conjunto paisajstico que abarca una extensa superficie, en pendiente pronunciada desde el paseo de la Direccin, que genera vistas de todo el entorno. Se caracteriza por amplias praderas y una gran diversidad de especies arbreas, tanto frondosas como conferas. Ambos estn equipados con varias zonas estanciales, reas infantiles, espacios para mayores y reas caninas. A lo largo de su extensin, se distribuyen diversas instalaciones deportivas, entre las que destaca un campo de ftbol reglamentario. Tambin dispone de merenderos y de un circuito biosaludable, as como de zona de aparcamiento. Una de las particularidades del parque es su fuente ornamental, que incluye una asombrosa clepsidra o reloj de agua. Adems, cuenta con un auditorio y un carril bici que recorre gran parte de su superficie. Ambos parque se sitan a un lado y a otro de la Calle Capitn Blanco Argibay. La zona verde ms antigua se encuentra entre la calle Marqus de Viana y la calle Capitn Blanco Argibay y es conocida como Parque de la Huerta del Obispo, debido al nombre de la finca que existi en la zona. Al norte de la calle est la zona ms reciente, construida entre 2000 y 2003, pero que engloba un espacio ms antiguo, popularmente conocido como Parque de los Pinos, cuyo origen fue un vivero forestal creado por el Canal de Isabel II a mediados del siglo XX. Otras denominaciones: Existe una cierta confusin en la denominacin de un conjunto de tres parques, de distintos orgenes, pero colindantes entre s y que hoy en da constituyen un todo. Se trata, de este a oeste, del Parque de los Pinos, del Parque Agustn Rodrguez Sahagn, propiamente dicho, y del Parque de la Huerta del Obispo. Los dos primeros son considerados administrativamente de forma conjunta, si bien el Parque de los Pinos es muy anterior. En el ao 2000 se construy, en tres fases que alcanzaron hasta el 2003, el espacio que en puridad ha de llamarse Parque Agustn Rodrguez Sahagn.",,Zonas infantiles Zonas de mayores Instalaciones deportivas Auditorios Carril Bici,"Bus: 49 , 126 , 128 Servicio Bicimad, para consultar la estacin ms cercana, acceda al mapa de geolocalizacin de las estaciones.","Conservacin: Direccin General de Gestin del Agua y Zonas Verdes, rea de Gobierno de Medio Ambiente y Movilidad. Superficie: 185.040 metros cuadrados. Vegetacin predominante: Ejemplares arbreos: Ciprs comn (Cupressus sempervirens), pltano de sombra (Platanus x hispanica), ciruelo rojo (Prunus cerasifera) y pino pionero (Pinus pinea). Arbustos: Glicinia japonesa (Wisteria floribunda), laurel cerezo (Prunus laurocerasus) y madroo (Arbutus unedo). Macizos arbustivos: Hiedra (Hedera helix), junpero (Juniperus spp.) y madroo (Arbutus unedo).",2,http://www.madrid.es/sites/v/index.jsp?vgnextchannel=bfa48ab43d6bb410VgnVCM100000171f5a0aRCRD&vgnextoid=a7a655b6e783e210VgnVCM1000000b205a0aRCRD,DIRECCION,PASEO,V,301,,,,,MADRID,MADRID,28029,5,VALDEACEDERAS,6,TETUAN,440331,4480188,40.47022952429582,-3.7038792453996385,,,,/contenido/entidadesYorganismos/ParquesJardines
6451513,Parque Alcalde Agustn San Jos,"El Parque Alcalde Agustn San Jos, anteriormente conocido como Parque Forestal de Viclvaro o Anillo Verde de Viclvaro, es un extenso espacio de carcter forestal que limita al norte con la Radial 3 y est dividido en dos grandes reas por el polideportivo municipal de Viclvaro. Cuenta con una red de caminos y senderos terrizos que recorren una amplia superficie arbolada, en la que abundan los pinos carrascos y pioneros, aunque les acompaan otras especies arbreas como olmos y fresnos. Cuenta tambin con macizos arbustivos formados por espino de fuego, piracanta de hoja estrecha o cotoneaster, y con praderas arboladas. Uno de los principales atractivos del parque es su senda botnica, un recorrido que permite a sus visitantes observar una gran variedad de especies vegetales, para los amantes de la naturaleza y la flora. Es atravesado por un ro artificial que desemboca en un gran estanque. A lo largo del parque se encuentran diferentes zonas de calistenia, as como una zona canina, siendo un lugar adecuado para el ocio, el deporte y el descanso en un entorno natural. La denominacin de Parque Alcalde Agustn San Jos se aprob en el Pleno del distrito de Viclvaro el 12 de abril de 2018. Fue Alcalde del municipio de Viclvaro durante la segunda Repblica Espaola, antes de su anexin a Madrid.",,Zonas caninas Instalaciones deportivas,"Metro: San Cipriano, Puerta de Arganda (linea 9) Bus: E3 Renfe: Viclvaro Servicio Bicimad, para consultar la estacin ms cercana, acceda al mapa de geolocalizacin de las estaciones.","Conservacin: Direccin General de Gestin del Agua y Zonas Verdes. rea de Gobierno de Medio Ambiente y Movilidad. Superficie: 309.115 m&sup2;. Vegetacin predominante: rboles: Pino carrasco (Pinus halepensis), Pino pionero (Pinus pinea), Olmo de Siberia (Ulmus pumila) y Fresno (Fraxinus). Macizos arbustivos: Cotoneaster (Cotoneaster), Piracanta de hoja estrecha (Pyracantha angustifolia) y Espino de fuego (Pyracantha coccinea).",2,http://www.madrid.es/sites/v/index.jsp?vgnextchannel=bfa48ab43d6bb410VgnVCM100000171f5a0aRCRD&vgnextoid=ac3691cda0d97310VgnVCM2000000c205a0aRCRD,POLIDEPORTIVO,PASEO,V,1,,,,,MADRID,MADRID,28032,,AMBROZ,,VICALVARO,448560,4473466,40.41022401774968,-3.60626801415248,,,,/contenido/entidadesYorganismos/ParquesJardines/ParquesForestales
6457128,Parque Alcalde Jess Prez Quijano,"El Parque Alcalde Jess Prez Quijano es fruto del desarrollo urbanstico del entorno, extendindose paralelamente a la M-40 formando una franja lineal. Se trata de un talud que va aumentando en altura hacia el norte y que funciona como pantalla para mitigar los efectos negativos del trfico de la M-40 en las viviendas contiguas. Para contribuir al apantallamiento (de la contaminacin atmosfrica, del ruido y visual) existe una pantalla vegetal de doble alineacin. La primera fila est ocupada por cipreses, mientras que la segunda incluye arbustos de buen porte y frondosidad como arces rojos, tuyas orientales y azahares de China. Hileras de lamos y algunos almeces separan la zona de las viviendas aledaas. Por el resto de la superficie aparecen acacias, lamos plateados, pinos carrascos, castaos de indias, aligustres, olmos, y zonas arbustivas con durillos, eleagnos, tarajes, romeros, lavandas y cornejos. Tambin dispone de pequeas parcelas puntuales de csped. Este parque ofrece diversas instalaciones para el disfrute de sus visitantes, como zonas deportivas para mayores, reas infantiles y un extenso carril bici que recorre todo el parque. Adems, dispone de un circuito principal que atraviesa el parque de sur a norte, del que parten caminos secundarios que conectan con las distintas reas del parque. Esta disposicin proviene de una remodelacin realizada en 2020, que incluy la creacin de nuevos paseos y caminos, la ampliacin de los espacios ajardinados, la incorporacin de reas caninas y la mejora de los sistemas de riego y drenaje, as como la reubicacin de elementos e incorporacin de papeleras, bancos, cartelera, etc. En mayo de 2018, la Junta de Gobierno de la Ciudad de Madrid aprob un cambio de denominacin en homenaje a Jess Prez Quijano, quien fue alcalde de Viclvaro cuando an era un municipio independiente de Madrid. Hasta enconces era conocido por Parque Valdebernardo M-40 o tambin por el nombre de Parque Norte de Valdebernardo.",,Zonas infantiles Zonas de mayores Zonas caninas Instalaciones deportivas,"Metro: Valdebernardo (lnea 9) Bus: 20 Servicio Bicimad, para consultar la estacin ms cercana, acceda al mapa de geolocalizacin de las estaciones.","Conservacin: Direccin General de Gestin del Agua y Zonas Verdes, rea de Gobierno de Medio Ambiente y Movilidad. Superficie: 54.9740 m&sup2;. Vegetacin predominante: Ejemplares arbreos: Almez (Celtis australis), pino carrasco (Pinus halepensis), lamo plateado (Populus alba) y castao de Indias (Aesculus hippocastanum). Arbustos: Durillo (Viburnum tinus), eleagno (Elaeagnus angustifolia), taray (Tamarix spp.) y cornejo (Cornus sanguinea). Macizos arbustivos: Romero (Rosmarinus officinalis), lirios (Iris spp.) y griolera (Lavandula stoechas).",2,http://www.madrid.es/sites/v/index.jsp?vgnextchannel=bfa48ab43d6bb410VgnVCM100000171f5a0aRCRD&vgnextoid=08c6d27a5c6b7310VgnVCM2000000c205a0aRCRD,LADERA DE LOS ALMENDROS,CALLE,V,0,,,,,MADRID,MADRID,28032,1,CASCO H.VICALVARO,19,VICALVARO,447145,4472806,40.40418961057298,-3.622901144863193,,,,/contenido/entidadesYorganismos/ParquesJardines
10289409,Parque Alfredo Kraus,"El Parque Alfredo Kraus se sita entre la calle Mar Adritico y Ayacucho, a escasa distancia de la Glorieta de Mar de Cristal. Este parque familiar combina amplias zonas de csped con reas arboladas, senderos pavimentados para pasear y espacios especficos destinados a diversas actividades. La vegetacin es muy variada, compuesta de rboles como pinos pioneros, cedros, cipreses, ariznicas, tuyas, almeces, castaos de Indias, pltanos de sombra, chopos boleana, arces negundos, prunos, fresnos de hoja estrecha, falsas acacias, moreras, etc., arbustos como lauros, tarayes y junperos, entre otros. Entre sus instalaciones se destacan reas diferenciadas para juegos infantiles, ejercicios de calistenia, actividades para personas mayores y espacios acondicionados para mascotas, lo que lo convierte en un destino perfecto para disfrutar al aire libre. El parque tambin cuenta con un quiosco con terraza, donde sus visitantes pueden relajarse y socializar. Tambin acoge diferentes eventos y mercados locales muy ligados a la vida del distrito. Dedicado al reconocido tenor espaol Alfredo Kraus, nacido en Las Palmas de Gran Canaria en 1927 y fallecido en Madrid en 1999, considerado uno de los mejores tenores lricos ligeros de la historia de la msica. El parque Alfredo Kraus tiene su origen en la quinta o finca cuyos propietarios fueron Marqueses de Sales, a finales del siglo XVIII (al igual que los cercanos parques Isabel Clara Eugenia y Huerta de la Salud). Tras diversos avatares, sobre la finca, que en 1896 haba pasado a manos de la congregacin religiosa de San Vicente de Pal (Padres Pales), se cre el parque. Tuvo un proceso constructivo alargado en el tiempo, comenzando en 1999 y finalizando en 2003. Durante el ao 2022 se vio afectado por las obras de renovacin de la lnea 8 del metro de Madrid.",,Zonas infantiles rea de mayores Zona canina rea de calistenia,"Metro: Mar de Cristal (lneas 4 y 8) Autobuses: 87, 120, 125 y 172 Servicio Bicimad, para consultar la estacin ms cercana, acceda al mapa de geolocalizacin de las estaciones.","Conservacin: Direccin General de Gestin del Agua y Zonas Verdes, rea de Gobierno de Medio Ambiente y Movilidad. Superficie: 38.576 m&sup2;.",2,http://www.madrid.es/sites/v/index.jsp?vgnextchannel=bfa48ab43d6bb410VgnVCM100000171f5a0aRCRD&vgnextoid=14a8d36de4cca510VgnVCM2000001f4a900aRCRD,MAR ADRIATICO,CALLE,V,5,,,,,MADRID,MADRID,28033,4,PINAR DEL REY,16,HORTALEZA,445804,4480230,40.47098300036034,-3.6393251567222045,,,,/contenido/entidadesYorganismos/ParquesJardines
5993604,Parque Almansa,"El Parque Almansa es un espacio emblemtico del distrito, reconocido por ser uno de los ms antiguos de la zona. Se caracteriza por su arbolado de diferentes edades y por sus amplios parterres de csped. El parque est dotado de diversos bancos, mesas de juego y una zona de juegos infantiles delimitada, lo que lo convierte en un lugar ideal para el disfrute familiar. El ambiente es tranquilo y acogedor, siendo muy utilizado por la juventud de la zona universitaria cercana y por los vecinos, quienes lo eligen para disfrutar de un rato al aire libre. Su permetro est conformado por una valla metlica que cuenta con varias puertas de acceso.",,,"Metro: Cuatro Caminos (lneas 1, 2 y 6) Autobuses: 45 Servicio Bicimad, para consultar la estacin ms cercana, acceda al mapa de geolocalizacin de las estaciones.",Conservacin: Direccin General de Gestin del Agua y Zonas Verdes. rea de Gobierno de Medio Ambiente y Movilidad.,2,http://www.madrid.es/sites/v/index.jsp?vgnextchannel=bfa48ab43d6bb410VgnVCM100000171f5a0aRCRD&vgnextoid=667c1544198be210VgnVCM2000000c205a0aRCRD,ALMANSA,CALLE,V,97,,,,,MADRID,MADRID,28040,3,CIUDAD UNIVERSITARIA,9,MONCLOA-ARAVACA,439510,4477867,40.449252672650985,-3.7133420888843105,,,,/contenido/entidadesYorganismos/ParquesJardines
5984172,Parque Aluche,"El Parque de Aluche, ubicado en el centro del barrio se extiende de norte a sur, en dos zonas alargadas divididas por la calle Illescas. En el rea sur, se encuentra una ra que sigue el curso del antiguo arroyo de Luche, rodeada de bloques de granito provenientes de la sierra de Guadarrama y cruzado por varias pasarelas. Este parque ofrece amplias reas de csped, senderos para paseos y zonas sombreadas ideales para hacer un picnic o relajarse. Las instalaciones deportivas son variadas e incluyen campos de ftbol, baloncesto, pistas de patinaje y de petanca, adems de espacios para juegos infantiles y un rea canina en la zona norte. Tambin cuenta con un auditorio para eventos al aire libre. La vegetacin es diversa, con rodales de pinos y franjas de chopos, liquidmbares y carpes, formando barreras naturales en los lmites del parque. Junto a la ra y en las zonas de descanso, se pueden apreciar otras especies como cedros, cipreses, ginkgos, lamos, acacias y tilos. Asimismo, un tramo de carril bici bordea el parque en el lateral que da a la calle Valmojado. Fue inaugurado el 25 de julio de 1973. Anteriormente a su nombre actual fue denominado oficialmente como Parque Alcalde Carlos Arias, si bien el nombre popular siempre ha sido el actual de Parque Aluche, reconocido en 2016. En 2010 se hizo una importante rehabilitacin y en 2022 nuevas mejoras.",,Zonas infantiles Zonas de mayores Instalaciones deportivas Auditorios Carril bici Carrusel Kiosco,"Metro: Aluche (linea 5) Bus: 25, 121, 131 y 138 RENFE: Aluche","Conservacin: Direccin General de Gestin del Agua y Zonas Verdes, rea de Gobierno de Medio Ambiente y Movilidad. Superficie: 143.788 m&sup2;. Vegetacin predominante: Ejemplares arbreos: lamo plateado (Populus alba), pino pionero (Pinus pinea), mimosa plateada (Mimosa pudica) y olmo de Siberia (Ulmus pumila). Arbustos: Bamb (Bambusoideae), junpero horizontal (Juniperus horizontalis) y laurel cerezo (Prunus laurocerasus). Macizos arbustivos: Pitosporo (Pittosporum spp.), espino de fuego (Pyracantha coccinea) y espirea (Spiraea spp.).",2,http://www.madrid.es/sites/v/index.jsp?vgnextchannel=bfa48ab43d6bb410VgnVCM100000171f5a0aRCRD&vgnextoid=c5b4abb9e009e210VgnVCM1000000b205a0aRCRD,TEMBLEQUE,CALLE,V,45,,,,,MADRID,MADRID,28024,4,ALUCHE,10,LATINA,435562,4471802,40.394320359418835,-3.7592814565910553,,,,/contenido/entidadesYorganismos/ParquesJardines
5986186,Parque Aluche - Poblados,"Este parque ofrece amplias zonas de csped y reas arboladas ideales para el descanso y el esparcimiento, complementadas con bancos, senderos para pasear y reas sombreadas que lo convierten en un lugar idneo para relajarse. Dispone de dos acogedoras reas de juegos infantiles debidamente delimitadas, tres pistas de petanca y una pista de ftbol sala. A la entrada, destacan dos grandes jardineras que albergan un olivo cada una, aportando un toque natural y distintivo al acceso del parque.",,Zonas infantiles Instalaciones deportivas Pistas de petanca,"Metro: Aluche (linea 5) Bus: 17, 117, 139 Renfe: Aluche Servicio Bicimad, para consultar la estacin ms cercana, acceda al mapa de geolocalizacin de las estaciones.","Conservacin: Direccin General de Gestin del Agua y Zonas Verdes, rea de Gobierno de Medio Ambiente y Movilidad. Superficie: rea de 24.003 m&sup2;. Vegetacin predominante: Ejemplares arbreos: Arce (Acer spp.), pino pionero (Pinus pinea), tilo de hojas grandes (Tilia platyphyllos) y lamo blanco (Populus alba). Macizos arbustivos: Evnimo (Euonymus spp.), espirea (Spiraea spp.) y fotinia (Photinia x fraseri).",2,http://www.madrid.es/sites/v/index.jsp?vgnextchannel=bfa48ab43d6bb410VgnVCM100000171f5a0aRCRD&vgnextoid=f96136c32a59e210VgnVCM2000000c205a0aRCRD,GUAREA,CALLE,V,22,,,,,MADRID,MADRID,28044,7,LAS AGUILAS,10,LATINA,435053,4470820,40.38543450752234,-3.765190215590101,,,,/contenido/entidadesYorganismos/ParquesJardines
5981072,Parque Alzola,"El Parque Alzola se encuentra entre la Avenida Rafaela Ybarra y la calle Guetaria. Este espacio verde se caracteriza por sus amplias praderas de csped y abundantes macizos arbustivos, adems de contar con una extensa zona terriza lateral adornada con arbolado. Es un lugar agradable tanto para pasear como para disfrutar del ocio al aire libre. Las diferentes reas del parque estn conectadas por un camino principal adoquinado que lo atraviesa de extremo a extremo. En su parte central, destaca una zona infantil ubicada cerca de una plaza de descanso, rodeada de rosales, ofreciendo un ambiente tranquilo y acogedor para los visitantes.",,Zonas infantiles Parking,"Bus: 60 , 131 Servicio Bicimad, para consultar la estacin ms cercana, acceda al mapa de geolocalizacin de las estaciones.","Conservacin: Direccin General de Gestin del Agua y Zonas Verdes, rea de Gobierno de Medio Ambiente y Movilidad. Superficie: rea de 10.495 m&sup2;. Vegetacin predominante: Ejemplares arbreos: rbol del amor (Cercis siliquastrum), acacia del Japn (Robinia pseudoacacia), ciprs comn (Cupressus sempervirens) y falsa acacia (Gleditsia triacanthos). Arbustos: Yuka (Yucca spp.), aligustre (Ligustrum spp.) y palmera canaria (Phoenix canariensis). Macizos arbustivos: Lilo (Syringa spp.), espirea (Spiraea spp.) y adelfa (Nerium oleander).",2,http://www.madrid.es/sites/v/index.jsp?vgnextchannel=bfa48ab43d6bb410VgnVCM100000171f5a0aRCRD&vgnextoid=82a58b930b67e210VgnVCM2000000c205a0aRCRD,BEASAIN,CALLE,V,2,,,,,MADRID,MADRID,28041,1,ORCASITAS,12,USERA,439410,4468756,40.36716919688689,-3.7136655626692887,,,,/contenido/entidadesYorganismos/ParquesJardines
5994520,Parque Antonio Pirala,"El Parque Antonio Pirala, diseado por la arquitecta Myriam Silber Brodsky, es un espacio verde que recibi en 1995 el Premio Alhambra otorgado por la Asociacin Espaola de Parques y Jardines Pblicos. Este parque se sita estratgicamente en la confluencia de la calle Alcal con el Puente de Ventas y la M-30, extendindose hasta una plaza aledaa en la calle Santiago Massarna. El parque se estructura en diversas reas bien definidas. Una escalinata, que consta de varios tramos, destaca por una fuente ornamental en uno de sus lados y jardineras de ladrillo adornadas con plantaciones. Una cuadrcula de rboles, intercalada con acequias, conduce hacia un espacio con juegos infantiles y mesas de ajedrez, rematado por una segunda fuente ornamental en forma de pirmide truncada escalonada, rodeada de parterres y numerosos bancos. Tambin incluye un rea canina y varias pistas deportivas para ftbol y baloncesto, flanqueadas por plantaciones de diversas especies vegetales. La composicin del parque culmina con una pequea zona forestal que se extiende hasta una pasarela.",,Zonas infantiles Zonas caninas Instalaciones deportivas,"Metro: Carmen, Ventas (linea 5 y linea 2) Bus: 38, 106, 110, 146, 210 Servicio Bicimad, para consultar la estacin ms cercana, acceda al mapa de geolocalizacin de las estaciones.","Conservacin: Direccin General de Gestin del Agua y Zonas Verdes, rea de Gobierno de Medio Ambiente y Movilidad. Superficie: rea de 21.675 m&sup2;. Vegetacin predominante: Ejemplares arbreos: lamo blanco (Populus alba), olmo de Siberia (Ulmus pumila), pino pionero (Pinus pinea) y paulonia (Paulownia spp.). Arbustos: Boj (Buxus sempervirens), fotinia (Photinia x fraseri) y durillo (Viburnum tinus). Macizos arbustivos: Hiedra (Hedera helix), espino de fuego (Pyracantha coccinea) y griolera (Lycium barbarum).",2,http://www.madrid.es/sites/v/index.jsp?vgnextchannel=bfa48ab43d6bb410VgnVCM100000171f5a0aRCRD&vgnextoid=d77f1a2a419be210VgnVCM1000000b205a0aRCRD,ANTONIO PIRALA,CALLE,V,8,,,,,MADRID,MADRID,28017,1,VENTAS,15,CIUDAD LINEAL,444047,4475544,40.428652595625735,-3.659649292346212,,,,/contenido/entidadesYorganismos/ParquesJardines
5962985,Parque Anunciacin,"El Parque Anunciacin es un espacio modesto, pero ideal para que la infancia juegue y se divierta en un entorno seguro y acogedor. El parque cuenta con diversas instalaciones de juego, como toboganes, columpios y estructuras para escalar, todas diseadas para fomentar la creatividad y la actividad fsica de las personas menores de edad. Adems, est rodeado de zonas verdes y rboles, lo que contribuye a crear un ambiente fresco y agradable. Entre su arbolado, destacan los majestuosos cedros de gran porte que embellecen el entorno.",,Zonas infantiles Zonas caninas,"Bus: 20, 26, 63. Servicio Bicimad, para consultar la estacin ms cercana, acceda al mapa de geolocalizacin de las estaciones.","Conservacin: Direccin General de Gestin del Agua y Zonas Verdes, rea de Gobierno de Medio Ambiente y Movilidad. Superficie: 4.088 m&sup2;. Vegetacin predominante: Ejemplares arbreos: ciprs de Arizona (Cupressus arizonica), tilo de hojas grandes (Tilia platyphyllos), tuya occidental (Thuja occidentalis) y cedro del Atlas (Cedrus atlantica). Arbustos: tuya oriental (Platycladus orientalis), evnimo (Euonymus spp.) y laurel cerezo (Prunus laurocerasus). Macizos arbustivos: griolera (Cotoneaster spp.), pitosporo (Pittosporum tobira) y adelfa (Nerium oleander).",2,http://www.madrid.es/sites/v/index.jsp?vgnextchannel=bfa48ab43d6bb410VgnVCM100000171f5a0aRCRD&vgnextoid=18f52d0109d2e210VgnVCM2000000c205a0aRCRD,ANUNCIACION,CALLE,V,1,,,,,MADRID,MADRID,28009,6,NIO JESUS,3,RETIRO,442659,4473699,40.41192841997151,-3.67583331713166,,,,/contenido/entidadesYorganismos/ParquesJardines
5985636,Parque Arquitecto Antonio Palacios,"El Parque Arquitecto Antonio Palacios presenta un diseo basado en crculos concntricos, cada uno de los cuales tiene una configuracin particular. Algunos estn pavimentados con terrizo, otros albergan rboles, otros estn compuestos por rboles acompaados de arbustos. En uno de los crculos se encuentran diversas especies de Juniperus, otro est cubierto por pradera. Los rboles que predominan son; morera, pino pionero, fresno y castao de Indias. Los arbustos y macizos arbustivos, espino de fuego, pitosporo, adelfa y berberis. El parque incluye una zona infantil rodeada de pinos de gran porte, destacando un ejemplar al que se le ha diseado una jardinera especial para resaltar su valor ornamental. Adems, uno de los elementos ms llamativos del parque es un conjunto escultural en el centro de una glorieta circular, formada por tres piezas verticales de acero corten, levantadas como totems o estelas. El conjunto escultrico est dedicado al arquitecto gallego Antonio Palacios, que moderniz la ciudad de Madrid a principios del siglo XX, dndole un carcter ms cosmopolita y monumental. En 1963 se construy la Unidad Vecinal de Absorcin (UVA) de Canillejas, conjunto de viviendas provisionales realizado dentro de un plan para atajar la proliferacin de infraviviendas. Tras veinte aos se derrib y convirti en una zona ajardinada, a un extremo de la cual se realoj a la poblacin, en tres edificios de altura diseados en 1986. La plaza conserv parte del arbolado que tena la U.V.A y en uno de esos grupos de pinos, que se rodearon por una glorieta circular con bancos, es donde se instal la escultura.",,Zonas infantiles Esculturas,"Metro: Torre Arias (lnea 5) Bus: 28, 48 Servicio Bicimad, para consultar la estacin ms cercana, acceda al mapa de geolocalizacin de las estaciones.","Conservacin: Direccin General de Gestin del Agua y Zonas Verdes, rea de Gobierno de Medio Ambiente y Movilidad. Superficie: rea de 13.851 m&sup2;. Vegetacin predominante: Ejemplares arbreos: Morera (Morus spp.), pino pionero (Pinus pinea), fresno (Fraxinus spp.) y castao de Indias (Aesculus hippocastanum). Arbustos: Espino de fuego (Pyracantha coccinea). Macizos arbustivos: Pitosporo (Pittosporum spp.), adelfa (Nerium oleander) y berberis (Berberis spp.).",2,http://www.madrid.es/sites/v/index.jsp?vgnextchannel=bfa48ab43d6bb410VgnVCM100000171f5a0aRCRD&vgnextoid=a4e39f4e0f49e210VgnVCM2000000c205a0aRCRD,FENELON,CALLE,V,17,,,,,MADRID,MADRID,28022,7,CANILLEJAS,20,SAN BLAS-CANILLEJAS,448372,4476604,40.43847239256322,-3.6087501533089923,,,,/contenido/entidadesYorganismos/ParquesJardines
5979932,Parque Arroyo Fontarrn,"El Parque Arroyo Fontarrn es un extenso espacio verde ubicado en el entorno de la autova A-3 en su cruce con la M-40. Su nombre hace referencia a uno de los numerosos arroyos que atravesaban el hoy distrito de Moratalaz y que eran tributarios del Abroigal. Un puente peatonal y ciclista sobrepasa la autova y conecta los distritos de Moratalaz y Puente de Vallecas, dando acceso al Parque Lineal de Palomeras. Su paisaje combina taludes perifricos cubiertos de csped, senderos y reas sombreadas para disfrutar de actividades al aire libre. El parque se divide en dos zonas distintivas: una de carcter forestal, con vegetacin ms densa, atravesada por el Anillo Verde Ciclista, y otra con rboles y arbustos ornamentales, que aaden color y diversidad, atravesada por una senda en terrizo arbolada paralela a la avenida del Mediterrneo y la calle que da nombre al parque. Los rboles ms abundante son pinos, olmos y almeces. Adems, cuenta con instalaciones deportivas, como una cancha polivalente para baloncesto y ftbol, atrayendo a quienes desean realizar actividad fsica. Tambin dispone de dos reas de juegos infantiles, diseadas para el entretenimiento de la infancia.",,Zonas infantiles Zonas caninas,"Bus: 8, 20, 30, 100 Servicio Bicimad, para consultar la estacin ms cercana, acceda al mapa de geolocalizacin de las estaciones.","Conservacin: Direccin General de Gestin del Agua y Zonas Verdes, rea de Gobierno de Medio Ambiente y Movilidad. Superficie: rea de 85.974 m&sup2;. Vegetacin predominante: Ejemplares arbreos: Pino pionero (Pinus pinea), olmo de Siberia (Ulmus pumila), lamo blanco (Populus alba) y olmo comn (Ulmus minor). Arbustos: Palo loro (Erythrina crista-galli). Macizos arbustivos: Espino de fuego (Pyracantha coccinea), lavanda (Lavandula spp.) y enebro rastrero (Juniperus horizontalis).",2,http://www.madrid.es/sites/v/index.jsp?vgnextchannel=bfa48ab43d6bb410VgnVCM100000171f5a0aRCRD&vgnextoid=38c946a92b57e210VgnVCM1000000b205a0aRCRD,ARROYO FONTARRON,CALLE,V,22,,,,,MADRID,MADRID,28030,1,PAVONES,14,MORATALAZ,446012,4471768,40.39476596114844,-3.6361646051817518,,,,/contenido/entidadesYorganismos/ParquesJardines
5993155,Parque Arroyo Fresno - Toms y Valiente,"El Parque Arroyo Fresno es una extensa zona verde abierta que combina amplios espacios ajardinados con csped y arbolado joven, junto a una seccin ms forestal que incluye una gran lmina de agua. El parque cuenta con diversos paseos, dos pistas para la prctica de baloncesto y ftbol, y dos reas de juegos infantiles delimitadas, una de ellas ubicada cerca de la estacin de metro. Adems, dispone de una fuente ornamental que aade atractivo al entorno. El parque tambin est bordeado por una franja del carril bici que circunda Madrid, muy utilizado por los vecinos. Este espacio es ideal para disfrutar de la naturaleza, ofreciendo un ambiente tranquilo y relajante, perfecto para desconectar del bullicio urbano. El parque fue inaugurado en el ao 2000 siendo alcalde Jos Mara lvarez del Manzano, tomando su nombre del Arroyo del Fresno, cercano al mismo. En 2019, por acuerdo de la Junta de Gobierno del Ayuntaiento, pas a denominarse Parque Arroyo Fresno-Toms y Valiente, en homenaje al jurista, escritor y presidente del Tribunal Constitucional asesinado en 1996 por la banda terrorista ETA",,Zonas infantiles Instalaciones deportivas Zona de petancas,"Metro: Mirasierra (lnea 9) Bus: 49 Servicio Bicimad, para consultar la estacin ms cercana, acceda al mapa de geolocalizacin de las estaciones.","Conservacin: Direccin General de Gestin del Agua y Zonas Verdes, rea de Gobierno de Medio Ambiente y Movilidad. Superficie: 107.657 m&sup2;. Vegetacin predominante: Ejemplares arbreos: Pino pionero (Pinus pinea), almez (Celtis australis), olmo de Siberia (Ulmus pumila) y pltano de sombra (Platanus x hispanica). Arbustos: Ciruelo rojo (Prunus cerasifera). Macizos arbustivos: Espino de fuego (Pyracantha coccinea) y agracejo (Berberis spp.).",1,http://www.madrid.es/sites/v/index.jsp?vgnextchannel=bfa48ab43d6bb410VgnVCM100000171f5a0aRCRD&vgnextoid=915fc8c5494be210VgnVCM2000000c205a0aRCRD,VENTISQUERO DE LA CONDESA,AVENIDA,V,43,,,,,MADRID,MADRID,28035,7,MIRASIERRA,8,FUENCARRAL-EL PARDO,439248,4482708,40.49284296962057,-3.7169069720385446,,,,/contenido/entidadesYorganismos/ParquesJardines
10703881,Parque Arroyo Pozuelo,"El proyecto de este parque se inici en el ao 2001 su objeto fue recuperar y ajardinar estos terrenos de propiedad pblica. Mediante ello se busc conservar y potenciar todos los elementos naturales existentes. Dentro de estos elementos cabe destacar el arroyo que divide longitudinalmente el parque y le da nombre. El proyecto se ha ejecutado en varas fases incluyendo todas ellas un carril bici que facilita la movilidad a lo largo de todo el parque: FASE 1 _ PARQUE ARROYO POZUELO: esta fase se extiende desde la calle Cuesta de Galvn que limita con la carretera de Castilla (M-500), hasta la Ctra. Hmera-Aravaca. Fue el inici de este proyecto en el ao 2001. Es la zona ms ajardinada con extensas praderas de csped y paseos acompaados de arbolado en su mayora joven. Acoge varias zonas infantiles, pistas de petanca y pistas deportivas bajo una de las cuales existe un amplio estanque de tormentas para la recogida de aguas. FASE 2_ AMPLIACIN PARQUE ARROYO POZUELO: segunda fase de ajardinamiento de la ribera del arroyo, que se empez en los aos 2007-2008, se divide en dos tramos principales: TRAMO 1. Se sita entre la Ctra. Hmera-Aravaca y la calle Golondrina. En esta zona se encuentra el Campo de Ftbol Nuestra Seora del Buen Camino. El ajardinamiento se caracteriza por la presencia de masas de arbustos acompaados de rboles de gran porte, arbolado original de la zona verde y un entramado de caminos que conectan distintas zonas estanciales y reas infantiles. TRAMO 2. Entre la calle Golondrina y el lmite con el pueblo de Pozuelo. Esta fase se desarroll solo en la ribera norte del arroyo. En este caso, salvo una zona ajardinada alrededor de una fuente ornamental, el diseo es mucho ms forestal con plantaciones de arbolado de diversas especies. Tambin hay zonas infantiles y para mayores, zonas estanciales y pistas deportivas. FASE 3_ PARQUE. ARROYO POZUELO (AMPLIACIN) 2: tercera fase actualmente en desarrollo (iniciada en 2015), entre la calle Golondrina y el lmite con el pueblo de Pozuelo, en la ribera sur del arroyo. Diseo forestal con entramado de caminos y renovacin del arbolado. En esta zona se encuentra la urbanizacin privada Colonia Santa Maria.",,"Zonas infantiles: 5 reas infantiles distribuidos por el parque Zonas de mayores: 2 reas rea canina. Instalaciones deportivas: - Instalacin deportiva municipal (2 pistas de baloncesto, 3 pistas de futbol sala y 2 campos de ftbol 11de tierra). - Instalacin Deportiva Municipal Bsica C.F. Nuestra Seora del Buen Camino (Campo de futbol 11 de hierba). Carril bici: 2,1 kilmetros","Transporte ms prximo: Autobs: 160 Otros trasportes cercanos: Autobs: 161 Autobs interurbano: 658 Tren: Estacin de Aravaca (Lneas C-7 y C-10) Metro-ligero/Tranva: Estacin de Aravaca (Lnea 2) Servicio Bicimad, para consultar la estacin ms cercana, acceda al mapa de geolocalizacin de las estaciones.","Conservacin: Direccin General de Gestin del Agua y Zonas Verdes, rea de Gobierno de Medio Ambiente y Movilidad. Superficie total: rea de 276.111 m&sup2;, dividida en tres fases: FASE 1: Superficie: rea de 92.099 m&sup2;. Vegetacin predominante: Ejemplares arbreos: Tilo de hoja pequea (Tilia cordata), catalpa (Catalpa bignoniodes), pino pionero (Pinus pinea), almez (Celtis australis) y tilo de hoja grande (Tilia platyphyllos). Arbustos: Rosa de Siria (Hibiscus syriacus), taray (Tamarix sp.), lilo (Syringa vulgaris), laurel cerezo (Prunus laurocerasus). Macizos arbustivos: Abelia (Abelia floribunda), pitosporo (Pittosporum tobira), laurel cerezo (Prunus laurocerasus), taray (Tamarix sp.). FASE 2: Superficie: rea de 105.210 m&sup2;. Vegetacin predominante: Ejemplares arbreos: Olmo de Siberia (Ulmus pumila), pino pionero (Pinus pinea), castao de Indias rojo (Aesculus carnea), almez (Celtis australis). Arbustos: Tejo (Taxus baccata), taray (Tamarix sp.), madroo (Arbutus unedo), retama amarilla (Retama sphaerocarpa). Macizos arbustivos: Olivilla (Teucrium fruticans), cotoneaster (Cotoneaster sp.), junpero horizontal (Juniperus horizontalis), adelfa (Nerium oleander). FASE 3: Superficie: rea de 78.802 m&sup2; (de los cuales 73.760 m&sup2; son superficie forestal). Vegetacin predominante: Ejemplares arbreos: Pino pionero (Pinus pinea), fresno de hoja estrecha (Fraxinus angustifolia), olmo de Siberia (Ulmus pumila), falsa acacia (Robinia pseudoacacia).",2,http://www.madrid.es/sites/v/index.jsp?vgnextchannel=bfa48ab43d6bb410VgnVCM100000171f5a0aRCRD&vgnextoid=c097f9e8ecf33610VgnVCM2000001f4a900aRCRD,Arroyo Pozuelo,Calle,T,,,,,,MADRID,MADRID,,,,,MONCLOA-ARAVACA,433385,4478502,40.45451429342977,-3.7856220495572703,,,,
5992721,Parque Arroyo de los Pinos,"El Parque Arroyo de los Pinos es un espacio sencillo con amplias reas ajardinadas, ubicado cerca de la M-30. Destaca por sus paseos rectos, que dividen en mosaico las zonas de csped y recreo. El parque presenta un arbolado dispuesto en lnea, con suficiente amplitud entre los rboles, as como diversas especies arbustivas, lo que lo convierte en un lugar ideal para pasear, realizar actividades al aire libre o llevar a cabo paseos con mascotas. Adems, el parque cuenta con dos zonas de juegos infantiles delimitadas, proporcionando un espacio seguro y divertido para los ms pequeos. Es uno de los parque ms recientes del distrito, en un entorno fuertemente urbanizado en el siglo XXI.",,Zonas infantiles,"Metro: Antonio Machado (linea 7) Bus: 132 Servicio Bicimad, para consultar la estacin ms cercana, acceda al mapa de geolocalizacin de las estaciones.","Conservacin: Direccin General de Gestin del Agua y Zonas Verdes, rea de Gobierno de Medio Ambiente y Movilidad. Superficie: 25.798 m&sup2;. Vegetacin predominante: Ejemplares arbreos: almez (Celtis australis), ciruelo rojo (Prunus cerasifera), cedro llorn (Cedrus deodara) y aligustre (Ligustrum japonicum). Macizos arbustivos: tomillo (Thymus vulgaris), romero (Salvia rosmarinus) y cotoneaster (Cotoneaster horizontalis).",2,http://www.madrid.es/sites/v/index.jsp?vgnextchannel=bfa48ab43d6bb410VgnVCM100000171f5a0aRCRD&vgnextoid=3b97545fb44be210VgnVCM2000000c205a0aRCRD,JOAQUIN LORENZO,CALLE,V,21,,,,,MADRID,MADRID,28035,3,PEA GRANDE,8,FUENCARRAL-EL PARDO,438613,4480559,40.47343735166941,-3.7241915440169024,,,,/contenido/entidadesYorganismos/ParquesJardines
5982306,Parque Avenida de Portugal,"El Parque Avenida de Portugal es un extenso paseo ajardinado que destaca por su diseo moderno y elegante. Su suelo est decorado con un estampado de grandes flores en empedrado portugus, en una paleta de tonos variados, acompaado de floridos cerezos que evocan la conexin con Extremadura. El mosaico de adoquines, en tonos negro y beige, recuerda los emblemticos suelos de Lisboa, y las jardineras, con formas florales, contribuyen a crear un recorrido dinmico y singular para quienes lo transitan. Este parque ha transformado profundamente el rea, dndole un nuevo enfoque esttico y funcional, al estar construido sobre el tnel de la A-5. Se construy a la vez que Madrid Ro, siendo finalizado en 2011.",,,"Bus: 25, 33, 31, 36, 39, 65, 138 Servicio Bicimad, para consultar la estacin ms cercana, acceda al mapa de geolocalizacin de las estaciones.","Conservacin: Direccin General de Gestin del Agua y Zonas Verdes, rea de Gobierno de Medio Ambiente y Movilidad. Superficie: 30.719 m&sup2;. Vegetacin predominante: Ejemplares arbreos: Cerezo silvestre (Prunus avium). Macizos arbustivos: Hiedra (Hedera helix).",2,http://www.madrid.es/sites/v/index.jsp?vgnextchannel=bfa48ab43d6bb410VgnVCM100000171f5a0aRCRD&vgnextoid=4838d459b008e210VgnVCM1000000b205a0aRCRD,A-5,AUTOVIA,T,300,,,,,MADRID,MADRID,28011,2,PUERTA DEL ANGEL,10,LATINA,437583,4473763,40.41214880704316,-3.7356620312409365,,,,/contenido/entidadesYorganismos/ParquesJardines
5977882,Parque Azorn,"El Parque Azorn el ms emblemtico y antiguo del distrito Puente de Vallecas, fue inaugurado en 1966 sobre terrenos donados en los aos 50 por la familia del Teniente Muoz Daz, muerto en la Guerra Civil, a cambio de dar su nombre a una calle, como as ocurri. Inicialmente se denomin Parque de Palomeras. Este espacio verde se extiende sobre una colina con paseos curvos de terrizo o adoqun y se caracteriza por su disposicin en pendiente, dividida en tres niveles que ofrecen distintos ambientes. En la zona ms baja, se encuentra el rea infantil, ideal para el disfrute de la infancia. La seccin intermedia acta como un espacio de transicin, con agradables paseos rodeados de vegetacin, bancos para descansar y extensiones de csped y arbustos bajo una frondosa arboleda, donde existen cedros, aligustres, arces, pinos, cipreses, castaos de indias, fresnos, melias... La parte superior del parque destaca por una atractiva lmina de agua formada por tres estanques, acompaados de mesas de juego, un rea de ejercicios para mayores y tres campos de petanca. El Parque Azorn combina historia y naturaleza, ofreciendo un lugar donde las familias pueden disfrutar de actividades recreativas y donde los visitantes pueden relajarse y contemplar su entorno.",,Zonas infantiles Zonas de mayores Instalaciones deportivas Fuente ornamental,"Metro: Buenos Aires (lnea 1) Bus: 10, 54, 58, 103, 136 Servicio Bicimad, para consultar la estacin ms cercana, acceda al mapa de geolocalizacin de las estaciones.","Conservacin: Direccin General de Gestin del Agua y Zonas Verdes, rea de Gobierno de Medio Ambiente y Movilidad. Superficie: 47.434 m&sup2;. Vegetacin predominante: Ejemplares arbreos: Pino de Alepo (Pinus halepensis), lamo plateado (Populus alba), ciprs de Arizona (Cupressus arizonica) y castao de Indias (Aesculus hippocastanum). Arbustos: Laurel Cerezo (Prunus laurocerasus), taray (Tamarix gallica) y aligustre (Ligustrum vulgare). Macizos arbustivos: Madreselva (Lonicera), adelfa (Nerium oleander) y hierba de La Pampa (Cortaderia selloana).",2,http://www.madrid.es/sites/v/index.jsp?vgnextchannel=bfa48ab43d6bb410VgnVCM100000171f5a0aRCRD&vgnextoid=dcdc36e498c6e210VgnVCM2000000c205a0aRCRD,ALBUFERA,AVENIDA,V,142,,,,,MADRID,MADRID,28038,3,PALOMERAS BAJAS,13,PUENTE DE VALLECAS,444449,4471411,40.39144717132174,-3.6545377410677498,,,,/contenido/entidadesYorganismos/ParquesJardines
5983153,Parque Barrio Las Musas,"El Parque Barrio Las Musas es una zona verde diseada en dos niveles, separados por una rampa. La zona inferior, accesible desde la Avenida de Niza, est pavimentada con terrizo y alberga dos reas infantiles y dos alineaciones de rboles. El talud que separa ambos niveles est cubierto por diversas plantas aromticas. La zona superior tambin est pavimentada con terrizo y cuenta con arbolado disperso, adems de un camino de loseta hidrulica que cruza el rea. En esta zona, se han dispuesto bancos corridos en forma circular, creando un espacio de descanso y convivencia. Entre esta explanada y la calle Julia Garca Boutn, se encuentran paseos pavimentados rodeados de amplias praderas, que estn delimitadas por setos de aligustre y enriquecidas con un arbolado consolidado de diversas especies. Predominan en el parque la acacia del japn, el pltano de sombra, el castao de Indias y el ciprs comn, as como madroos, aligustres, acantos, evnimos, adelfas, etc.",,Zonas Infantiles,"Metro: Las Musas (linea 7) Bus: 38, 140 Servicio Bicimad, para consultar la estacin ms cercana, acceda al mapa de geolocalizacin de las estaciones.","Conservacin:Direccin General de gestin del Agua y Zonas Verdes. rea de Gobierno de Medio Ambiente y Movilidad. Superficie: 8.818 m&sup2;. Vegetacin predominante: rboles: Acacia del Japn (Ligustrum japonicum), Pltano de sombra (Platanus x hispanica), Castao de Indias (Aesculus hippocastanum), y Ciprs comn (Cupressus sempervirens). Arbustos: Ligustrina (Ligustrum sinense), Acanto (Acanthus) y Evnimo (Euonymus). Macizos arbustivos: Adelfa (Nerium oleander), Tilo plateado (Tilia tomentosa) y Madroo (Arbutus unedo).",2,http://www.madrid.es/sites/v/index.jsp?vgnextchannel=bfa48ab43d6bb410VgnVCM100000171f5a0aRCRD&vgnextoid=bf326ca7fd08e210VgnVCM1000000b205a0aRCRD,NIZA,AVENIDA,V,55,,B,,,MADRID,MADRID,28022,5,ROSAS,20,SAN BLAS-CANILLEJAS,448462,4475856,40.43173953068984,-3.607628369908832,,,,/contenido/entidadesYorganismos/ParquesJardines
6064773,Parque Begoa,"El Parque Begoa est ubicado junto a la M-30, siendo visible desde esta carretera, y presenta un gran talud de pradera. El parque dispone de una zona infantil delimitada, situada justo a la salida del metro, as como de una pista de ftbol y una cancha de baloncesto. Adems, cuenta con espacios estanciales de csped y terrizo, equipados con bancos y mesas de juego, que se encuentran a la sombra del arbolado, ofreciendo un lugar cmodo para el ocio.",,,"Bus: 125 y 135 RENFE: Ramn y Cajal Servicio Bicimad, para consultar la estacin ms cercana, acceda al mapa de geolocalizacin de las estaciones.","Conservacin: Direccin General de Gestin del Agua y Zonas Verdes, rea de Gobierno de Medio Ambiente y Movilidad. Superficie: 21.071 m&sup2;. Vegetacin predominante: Ejemplares arbreos: olmo de Siberia (Ulmus pumila), pino pionero (Pinus pinea), lamo plateado (Populus alba), almez (Celtis australis). Arbustos: pita (Agave americana), viburnos (Viburnum tinus), rosa de Siria (Hibiscus syriacus). Macizos arbustivos: griolera (Atriplex halimus), espino de fuego (Pyracantha coccinea), romero (Salvia rosmarinus).",2,http://www.madrid.es/sites/v/index.jsp?vgnextchannel=bfa48ab43d6bb410VgnVCM100000171f5a0aRCRD&vgnextoid=8b240b11e59df210VgnVCM2000000c205a0aRCRD,SAN MODESTO,CALLE,V,1,,,,,MADRID,MADRID,28034,6,VALVERDE,8,FUENCARRAL-EL PARDO,441756,4481696,40.48390626699566,-3.687220746230517,,,,/contenido/entidadesYorganismos/ParquesJardines
5991086,Parque Biosaludable,"El Parque Biosaludable, situado muy cerca del parque de El Capricho, es el resultado de la recuperacin ambiental de una antigua zona de vertidos, transformada en una amplia rea verde de forma irregular. Este parque forestal destaca por su abundante arbolado, dominado por pinos carrascos, con ejemplares de olivo y alcornoque intercalados, fresnos y cipreses, junto con diferentes arbustos, as como varios ejemplares de gran porte de pino pionero. Posee una red de paseos interiores de terrizo que no obedecen a un patrn determinado. En la parte ms occidental del parque se encuentra un bosque de encinas, plantado durante una actividad escolar, y, adems, dispone de un huerto urbano, lo que aade un componente educativo y comunitario al espacio. El parque proviene del ao 2002, si bien algunas plantaciones se realizaron antes. En 2019 se realizaron mejoras importantes. Cuenta con mesas, dos zonas equipadas con instalaciones deportivas y un carril bici que conecta el barrio de la Alameda de Osuna con el Parque Juan Carlos I.",,Zonas caninas Instalaciones deportivas,"Metro: El Capricho (lnea 5) Bus: 101, 114, 115 y 151 Servicio Bicimad, para consultar la estacin ms cercana, acceda al mapa de geolocalizacin de las estaciones.","Conservacin: Direccin General de Gestin del Agua y Zonas Verdes. rea de Gobierno de Medio Ambiente y Movilidad. Superficie: 97.322 m&sup2;. Vegetacin predominante: rboles: Pino carrasco (Pinus halepensis), Encina (Quercus ilex), Fresno (Fraxinus) y Ciprs (Cupressus). Macizos arbustivos: Taray (Tamarix gallica), Jara (Cistus ladanifer), Madroo (Arbutus unedo) y Olivilla (Teucrium fruticans).",2,http://www.madrid.es/sites/v/index.jsp?vgnextchannel=bfa48ab43d6bb410VgnVCM100000171f5a0aRCRD&vgnextoid=4cefff6b235ae210VgnVCM1000000b205a0aRCRD,ALAMEDA DE OSUNA,PASEO,V,8,,,,,MADRID,MADRID,28042,1,ALAMEDA DE OSUNA,21,BARAJAS,448815,4478108,40.452057731817305,-3.6036483614197765,,,,/contenido/entidadesYorganismos/ParquesJardines
5977653,Parque Campo de la Paloma,"El Parque Campo de la Paloma es una elegante zona verde con un diseo que evoca el estilo francs. En su rea central se encuentra un templete rodeado de parterres ajardinados y caminos que conducen a pequeas placetas, creando un ambiente apacible y atractivo. Hacia el lmite con la calle Campo de la Paloma, amplias praderas arboladas. El arbolado es variado a base de pltanos de sombra, olmos, almendros, ciruelos rojos, rbol de los farolillos, manzanos de flor, parrotias, almeces, cipreses, ariznicas, arces, madroos y abundan tambin las arbustivas como aromticas, durillos, rosales y lirios. El parque est equipado con diversas instalaciones que lo convierten en un lugar verstil y acogedor: mesas para juegos, dos campos de petanca, zonas de juegos infantiles delimitadas, un rocdromo y una pista polivalente de ftbol y baloncesto. Este conjunto de elementos lo hace ideal para un da de ocio con nios, mascotas o amigos, proporcionando un respiro del bullicio urbano y mltiples opciones de entretenimiento al aire libre. El parque, construido a mediados de los 80 del pasado siglo bajo una fuerte reivindicacin vecinal, se integra dentro de la profunda renovacin que sufri el barrio de Palomeras Sureste en dicha dcada, pues se someti a una potente transformacin urbanstica realizada para realojar a familias que ocupaban chabolas o casas bajas de escasa calidad constructiva, as como para incrementar las dotaciones de este popular barrio vallecano.",,Zonas infantiles Zonas caninas,"Metro: Miguel Hernndez (lnea 1) Bus: 10,144 Servicio Bicimad, para consultar la estacin ms cercana, acceda al mapa de geolocalizacin de las estaciones.","Conservacin: Direccin General de Gestin del Agua y Zonas Verdes, rea de Gobierno de Medio Ambiente y Movilidad. Superficie: 38.010 m&sup2;. Vegetacin predominante: Ejemplares arbreos: Ciprs de Arizona (Cupressus arizonica), Pltano de sombra (Platanus x hispanica), Chopo del Canad (Populus deltoides), Ciruelo rojo (Prunus cerasifera). Arbustos: Laurel cerezo (Prunus laurocerasus), rbol de Jpiter (Lagerstroemia indica), Laurel (Laurus nobilis). Macizos arbustivos: Durillo (Viburnum tinus), Olivilla (Elaeagnus angustifolia), Espirea (Spiraea).",2,http://www.madrid.es/sites/v/index.jsp?vgnextchannel=bfa48ab43d6bb410VgnVCM100000171f5a0aRCRD&vgnextoid=9dfae2fa26c6e210VgnVCM2000000c205a0aRCRD,RAFAEL ALBERTI,AVENIDA,V,38,,,,,MADRID,MADRID,28018,4,PALOMERAS SURESTE,13,PUENTE DE VALLECAS,445358,4470511,40.38339946706653,-3.643762543356842,,,,/contenido/entidadesYorganismos/ParquesJardines
50195641,Parque Campo del Toro,"Este espacio de relieve irregular se compone de diferentes terrazas allanadas y comunicadas por tramos de escaleras y rampas. En la zona ms baja se levanta un auditorio. Dipone de caminos adoquinados y numerosos bancos, tanto de madera como de piedra, una zona canina y una gran rea infantil delimitada mediante una doble alineacin de ailantos (plantados con anterioridad a su inclusin en el catlogo de especies exticas invasoras), alguno de ellos de gran tamao, formando un conjunto con los existentes en alcorque en la colindante avenida de Rafael Alberti. En la superficie restante se encuentran algunas reas de csped, macizos de arbustos variados &ndash;aromticas, durillos, junperos&ndash; y otras con arbolado como grandes pltanos de sombra, perales de flor, ciruelos de Pissard, almeces y melias, entre otros. Este parque es usualmente conocido en el entorno como 'parque pequeo', en contraposicin al Parque Lineal de Palomeras, que se considera el 'parque grande'. Durante la Transicin este espacio se utiliz con frecuencia para el desarrollo de mtines polticos. El auditorio situado en su interior adopt en 2019 el nombre de Carlos Jimnez de Parga, en honor al sacerdote de la cercana parroquia de Santa Irene, cuya vida durante sus aos de prroco en la misma fue de total entrega a los vecinos del barrio.",,Zonas infantiles Zonas caninas Auditorio,"Bus: 54, 141 y 143 Metro: Miguel Hernndez (lnea 1) Servicio Bicimad, para consultar la estacin ms cercana, acceda al mapa de geolocalizacin de las estaciones.",Conservacin: Direccin General de Gestin del Agua yZonas Verdes. rea de Gobierno de Medio Ambiente y Movilidad.,0,http://www.madrid.es/sites/v/index.jsp?vgnextchannel=bfa48ab43d6bb410VgnVCM100000171f5a0aRCRD&vgnextoid=255b7cee5d7bb910VgnVCM100000891ecb1aRCRD,RAFAEL ALBERTI,AVENIDA,,9,,,,,MADRID,MADRID,28038,4,PALOMERAS SURESTE,13,PUENTE DE VALLECAS,,,,,,,,
5984392,Parque Caramuel,"El Parque Caramuel, inaugurado a inicios de 1979, se levanta sobre un antiguo pinar que formaba parte de la finca del pintor Goya, conocida como La Quinta del Sordo. En su momento el parque alberg un monolito en homenaje a la Constitucin Espaola, que actualmente se encuentra desaparecido y cuya recuperacin sera deseable. Este parque cuenta con una consolidada rea ajardinada, compuesta por praderas y rboles de gran porte, que convive con extensas zonas de carcter forestal, principalmente cubiertas por pinos. Entre sus instalaciones se incluyen reas deportivas, un recorrido biosaludable, zonas infantiles, espacios para personas mayores, reas de descanso y un rea canina. En 2017, se llevaron a cabo mejoras significativas, destacando la renovacin del rea del mirador.",,Zonas infantiles Zonas de mayores Instalaciones deportivas Zona de patinaje,"Bus: 138 Servicio Bicimad, para consultar la estacin ms cercana, acceda al mapa de geolocalizacin de las estaciones.","Conservacin: Direccin General de Gestin del Agua y Zonas Verdes, rea de Gobierno de Medio Ambiente y Movilidad. Superficie: 55.433 m&sup2;. Vegetacin predominante: Ejemplares arbreos: Pino carrasco (Pinus halepensis), Olmo de Siberia (Ulmus pumila) y Acacia de Japn (Robinia pseudoacacia). Macizos arbustivos: Espino de fuego (Pyracantha coccinea), Calistemo (Callistemon citrinus) y Junpero (Juniperus).",1,http://www.madrid.es/sites/v/index.jsp?vgnextchannel=bfa48ab43d6bb410VgnVCM100000171f5a0aRCRD&vgnextoid=272fc45f7309e210VgnVCM1000000b205a0aRCRD,CARAMUEL,CALLE,V,53,,,,,MADRID,MADRID,28011,2,PUERTA DEL ANGEL,10,LATINA,438111,4473317,40.4081704733386,-3.729395994595502,,,,/contenido/entidadesYorganismos/ParquesJardines
5982718,Parque Cerro Almodvar,"El Parque Cerro Almodvar es ampliamente reconocido por su extensin y diseo paisajstico. Destaca por la armona de sus elementos, que combinan amplias reas de csped, diversos senderos y zonas arboladas con abundantes olmos y pinos pioneros, creando un entorno natural ideal para el esparcimiento y las actividades al aire libre. Este parque cuenta con reas de juegos infantiles, un parque canino, un rea de ejercicio para personas mayores, varias pistas de petanca y plazas de recreo. Adems, ofrece un quiosco, un anfiteatro y un club deportivo con mltiples canchas de ftbol, aportando dinamismo y vitalidad a este espacio. Se proyect en los aos 70, pero no se ejecut hasta 1981-82. En 2017 se reform y ampli y en 2020 se renov parte del auditorio y se construy un cantn para los servicios de jardinera. La denominacin del parque hace referencia al cerro sobre el que se desarrolla, ya que la voz rabe 'almodovar' tiene el significado de redondo.",,Zonas infantiles Zonas de mayores Zonas caninas Instalaciones deportivas Auditorios Monumento y kiosco,"Bus: 25, 31 y 138 Servicio Bicimad, para consultar la estacin ms cercana, acceda al mapa de geolocalizacin de las estaciones.","Conservacin: Direccin General de Gestin del Agua y Zonas Verdes, rea de Gobierno de Medio Ambiente y Movilidad. Superficie: 173.477 m&sup2;. Vegetacin predominante: Ejemplares arbreos: Olmo de Siberia (Ulmus pumila), Pino pionero (Pinus pinea), Chopo del Canad (Populus canadensis) y Arce (Acer). Arbustos: Rosa de siria (Rosa sinensis), Tuya (Thuja occidentalis) y Cotoneaster. Macizos arbustivos: Espirea (Spiraea) y Forsitia (Forsythia).",1,http://www.madrid.es/sites/v/index.jsp?vgnextchannel=bfa48ab43d6bb410VgnVCM100000171f5a0aRCRD&vgnextoid=0568fda02908e210VgnVCM1000000b205a0aRCRD,MARCELINO CASTILLO,CALLE,V,29,,,,,MADRID,MADRID,28047,4,ALUCHE,10,LATINA,436799,4471748,40.393928614376,-3.744713323980896,,,,/contenido/entidadesYorganismos/ParquesJardines
5995330,Parque Cerro Peabel,"Situado en el barrio de Peagrande, se trata de un jardn de carcter paisajista conectado por diversos accesos a las calles que lo delimitan. Contiene en su interior caminos con pendiente moderada y zonas de escaleras y rampas, que confluyen de forma rectilnea principalmente en la explanada central. A partir de ah los itinerarios trazados rodean concntricamente a uno de los elementos destacados del parque: una fuente ornamental con diecisis chorros que emergen del suelo sealando los cuatro puntos cardinales, junto a una lmina de agua que es atravesada dos veces por puentes metlicos. Adems, hay dos zonas de juegos infantiles, ubicadas en cada extremo del parque. El parque est rodeado de edificios de elevada altura, por lo que permanece sombreado casi todo el da, lo que es favorable para el desarrollo de arbolado frondoso y variado. Existen densos grupos de chopos, bosquetes de olmos siberianos, pequeas alineaciones de castaos de Indias, falsas acacias, arces, pinos pioneros, etc. Los parterres que delimitan los paseos, que son adoquinados, estn bordeados de setos, en su mayora de aligustre, y otros de durillo. Entre ellos se extienden praderas naturales y de csped, y plantas arbustivas que, junto con el arbolado, conforman el paisaje. El parque es reciente, de principios del siglo XXI. La denominacin del parque proviene de la contraccin del nombre de dos antiguos barrios de la zona, hoy desaparecidos tras las transformaciones del entorno por los procesos de realojo: el barrio de Peachica y el del Cerro Belmonte. Tambin es conocido como Parque de la Tirolina Existe una placa en memoria de Pedro Gonzlez Gutirrez, vecino del barrio y miembro vocal de la Asociacin Vecinal Vereda de Ganapanes, que se coloc en &ldquo;agradecimiento por su labor a favor de los vecinos del barrio&rdquo;. Este vecino falleci antes de ver culminado el parque.",,Zonas infantiles,"Bus: 42, 132 y 137 Servicio Bicimad, para consultar la estacin ms cercana, acceda al mapa de geolocalizacin de las estaciones.","Conservacin: Direccin General de Gestin del Agua y Zonas Verdes, rea de Gobierno de Medio Ambiente y Movilidad. Superficie: 24.366 m&sup2;. Vegetacin predominante: Ejemplares arbreos: robina (Robinia pseudoacacia), chopo del Canad (Populus deltoides), acacia plateada (Acacia dealbata), tilo de hojas grandes (Tilia platyphyllos). Arbustos: laurel (Laurus nobilis), fotinia (Photinia &times; fraseri), eucalipto (Eucalyptus globulus). Macizos arbustivos: espino de fuego (Pyracantha coccinea), rosas (Rosa spp.), romero (Rosmarinus officinalis).",2,http://www.madrid.es/sites/v/index.jsp?vgnextchannel=bfa48ab43d6bb410VgnVCM100000171f5a0aRCRD&vgnextoid=4ffeb404aa9be210VgnVCM1000000b205a0aRCRD,CANDIDO MATEOS,CALLE,V,12,,,,,MADRID,MADRID,28035,3,PEA GRANDE,8,FUENCARRAL-EL PARDO,439123,4480624,40.47406043289477,-3.718181785566969,,,,/contenido/entidadesYorganismos/ParquesJardines
5978133,Parque Cerro del To Po,"El Parque Cerro del To Po es uno de los espacios ms distintivos de Madrid, conocido popularmente como 'el parque de las siete tetas' debido a sus caractersticas colinas de diferentes alturas y suaves pendientes, cubiertas por amplias praderas y recorridas por alineaciones de arbolado. Son siete montculos artificiales, creados en 1985 sobre lo que fue una colonia chabolista surgida en los aos 20 del siglo pasado de la mano de Po Felipe Fernndez, artfice de la colonia, que ira aumentando con los aos y lleg a albergar a ms de 4000 habitantes en 1960. Este personaje tena en el Cerro una casa con establo y un humilde pero prspero negocio de recogida de chatarra y de basuras. Tanto l como su mujer, Aniceta Budia de la Cruz, eran muy populares; ambos llegaran, con el tiempo, a tener sendas calles con su nombre en la zona. Po Felipe, segn algunas fuentes, en 1906 fue nombrado vocal del Centro Instructivo Obrero Republicano de Nueva Numancia y Doa Carlota y en 1928 del Centro Social Ciudadano y Ateneo de Vallecas. La denominacin del parque se debe precisamente a este personaje. En 1965, el poeta Pedro Garfias bautiz este ncleo como: &ldquo;Smbolo de todos los suburbios de Espaa, de todos los suburbios del mundo'. El parque cuenta con diversas zonas de juegos infantiles, distribuidas estratgicamente, y varias instalaciones deportivas ubicadas en su rea ms baja. Un carril bici recorre el lugar y tambin se puede encontrar un kiosco para refrescarse tras un paseo. Su arbolado se compone de arces, moreras, olmos, pltanos de sombra, falsas acacias, pinos y chopos, entre otros. Dentro del parque existen varios enclaves interesantes, como el Rectnculo Real Ilusorio, escultura obra del escultor gaditano Enriquez de Salamanca, o el espacio dedicado a Miguel ngel Garca Oca, que trabaj para mejorar las condiciones de vida de las personas con lesin medular y otras discapacidades fsicas, y fue presidente de disitintas asciaciones y fundaciones relacionadas con el mundo de la discapacidad. Sin embargo, el punto ms emblemtico es su mirador, situado en la cima de las colinas, desde donde se puede disfrutar de impresionantes vistas panormicas de la ciudad, especialmente durante el atardecer. Este rincn se ha convertido en un sitio predilecto tanto para residentes como para visitantes que buscan contemplar Madrid desde una perspectiva nica y cautivadora. La panormica desde el cerro se han dado lugar a que all se rueden peliculas, haya sido escenario de mltiples series de televisin, como Fsica o Qumica, Aida y otras, o aparezca en multitud de guas tursticas de Madrid. Incluso el pintor manchego Antonio Lpez pint un lienzo denominado Madrid visto desde el Cerro del To Po, fechado en 1962-1963, que se conserva en el Museo Nacional Centro de Arte Reina Sofa.",,Zonas infantiles Zonas de mayores Instalaciones deportivas Kiosco Bar,"Bus: 54, 141 y 143 Servicio Bicimad, para consultar la estacin ms cercana, acceda al mapa de geolocalizacin de las estaciones.","Conservacin: Direccin General de Gestin del Agua y Zonas Verdes, rea de Gobierno de Medio Ambiente y Movilidad. Superficie: 159.745 m&sup2;. Vegetacin predominante: Ejemplares arbreos: pino pionero (Pinus pinea), acacia de tres espinas (Gleditsia triacanthos), morera (Morus). Arbustos: jazmn, espino de fuego (Pyracantha coccinea), cotoneaster. Macizos arbustivos: cotoneaster, espino de fuego (Pyracantha coccinea), enebro de pfitzer (Juniperus pfitzeriana).",2,http://www.madrid.es/sites/v/index.jsp?vgnextchannel=bfa48ab43d6bb410VgnVCM100000171f5a0aRCRD&vgnextoid=956bf5edd607e210VgnVCM1000000b205a0aRCRD,BENJAMIN PALENCIA,CALLE,V,2,,,,,MADRID,MADRID,28038,6,NUMANCIA,13,PUENTE DE VALLECAS,444395,4472030,40.39701982315709,-3.655239797848888,,,,/contenido/entidadesYorganismos/ParquesJardines
5991635,Parque Cerro guila,"El Parque Cerro guila es un espacio de carcter forestal que se destaca por su extenso pinar homogneo de pino pionero y por la vegetacin tpica del bosque mediterrneo. Este parque est atravesado en su mitad por el camino del Cerro del guila, que conduce al I.E.S.E. de la Universidad de Navarra. En su parte este, el parque limita con un campo de golf. A lo largo de su extensin, se pueden encontrar numerosas mesas que invitan al uso y disfrute de los vecinos, as como reas de merenderos. Adems, hay carteles informativos que brindan detalles sobre la fauna y flora del lugar, enriqueciendo la experiencia de quienes lo visitan.",,Merenderos,"Bus: 160 Servicio Bicimad, para consultar la estacin ms cercana, acceda al mapa de geolocalizacin de las estaciones.","Conservacin: Direccin General de Gestin del Agua y Zonas Verdes, rea de Gobierno de Medio Ambiente y Movilidad. Superficie: 212.362 m&sup2;.",2,http://www.madrid.es/sites/v/index.jsp?vgnextchannel=bfa48ab43d6bb410VgnVCM100000171f5a0aRCRD&vgnextoid=129b315b7b3be210VgnVCM2000000c205a0aRCRD,CERRO DEL AGUILA,CAMINO,V,1,,,,,MADRID,MADRID,28023,7,ARAVACA,9,MONCLOA-ARAVACA,435408,4478196,40.45190771190827,-3.761757187185669,,,,/contenido/entidadesYorganismos/ParquesJardines
5979417,Parque Ciudad de los ngeles,"Inaugurado en 1978, el Parque Ciudad de los ngeles se encuentra en el corazn del barrio del mismo nombre, una zona densamente poblada de Madrid. Este espacio verde ocupa el interior de la manzana delimitada por las calles Anoeta, Alegra de la Huerta y la del Manojo de Rosas, ofreciendo un valioso pulmn urbano para sus residentes. Originalmente este lugar se utilizaba para la celebracin de las fiestas del barrio y para ello el vecindario instalaba en su zona sur un pequeo recinto ferial. El parque se organiza en torno a dos paseos centrales adoquinados acompaados de alineaciones de castaos de Indias, que convergen en un templete. La vegetacin combina extensiones de csped y praderas con diversos macizos de arbustos con acantos, durillos y agracejos. El arbolado, adems de los castaos, se compone de pinos carrascos, cedros, pltanos de sombra, cipreses, ciruelos rojos, fresnos y eleagnos, entre otros. Entre sus instalaciones, destacan una zona infantil, un parque para personas mayores y varias pistas deportivas, lo que lo convierte en un lugar verstil para el ocio y la actividad fsica. Adems, el parque es un punto de encuentro comunitario, utilizado habitualmente por el vecindario para reuniones y la celebracin de actividades colectivas, fomentando un fuerte sentido de comunidad en el barrio.",,Zonas infantiles Zonas de mayores Instalaciones deportivas Templete,"Metro: Villaverde Bajo Cruce (linea 3) Bus: 18, 126 y 86 Servicio Bicimad, para consultar la estacin ms cercana, acceda al mapa de geolocalizacin de las estaciones.","Conservacin: Direccin General de Gestin del Agua y Zonas Verdes. rea de Gobierno de Medio Ambiente y Movilidad Superficie: 36.436 m&sup2;. Vegetaci&ccedil;n predominante: rboles: Pltano de sombra (Platanus &times; hispanica), Castao de Indias (Aesculus hippocastanum), Ciruelo rojo (Prunus cerasifera) y Ciprs de Ariznica (Cupressus arizonica). Arbustos: Adelfa (Nerium oleander) y Lilo (Syringa vulgaris). Macizos arbustivos: Lilo (Syringa vulgaris), Griolera (Cotoneaster) y Espirea (Spiraea).",2,http://www.madrid.es/sites/v/index.jsp?vgnextchannel=bfa48ab43d6bb410VgnVCM100000171f5a0aRCRD&vgnextoid=ca515ce64717e210VgnVCM2000000c205a0aRCRD,ANOETA,CALLE,V,14,,B,,,MADRID,MADRID,28041,5,LOS ANGELES,17,VILLAVERDE,440865,4467155,40.352850949880235,-3.6963807727286353,,,,/contenido/entidadesYorganismos/ParquesJardines
5991699,Parque Cuesta del Galbn,"El Parque Cuesta del Galbn es un espacio de carcter forestal que presenta una pendiente media, separando la zona de la Rosa Luxemburgo en dos reas distintas. En este parque se puede encontrar vegetacin tpica del bosque mediterrneo, incluyendo encinas, pinos, esparragueras y algunos rboles de carcter colonizador. Es un lugar muy apreciado por el vecindario residente, que disfruta de sus sendas marcadas por el uso continuo. El parque ofrece un ambiente ideal para el ocio y desconectar de la rutina diaria.",,,"Bus: 160 Servicio Bicimad, para consultar la estacin ms cercana, acceda al mapa de geolocalizacin de las estaciones.","Conservacin: Direccin General de Gestin del Agua y Zonas Verdes. rea de Gobierno de Medio Ambiente y Movilidad. Superficie: 70.882 m&sup2;. Vegetacin predominante: Ejemplares arbreos: pino pionero (Pinus pinea), encina (Quercus ilex), olmo de Siberia (Ulmus pumila).",2,http://www.madrid.es/sites/v/index.jsp?vgnextchannel=bfa48ab43d6bb410VgnVCM100000171f5a0aRCRD&vgnextoid=c37e65ba3d3be210VgnVCM2000000c205a0aRCRD,GALBAN,CUESTA,V,2,,,,,MADRID,MADRID,28023,7,ARAVACA,9,MONCLOA-ARAVACA,434871,4478011,40.45019927443574,-3.768070614824996,,,,/contenido/entidadesYorganismos/ParquesJardines
6457169,Parque Cua Verde de Viclvaro. Zona A,"La conocida como Cua Verde de Viclvaro est ubicada en el lmite noroeste del distrito de Viclvaro, colindante con los distritos de San Blas-Canillejas y Moratalaz a travs de la M-40 y la Radial 3. Est segmentada administrativamente en varias reas denominadas zonas A, B, C, D y E. Todas lindan con la avenida Daroca a excepcin de la zona C, situada ms al norte, separada por la presencia de la R-3. Las de mayor extensin son las zonas A, B y C. Las zonas D y E, situadas al suroeste de la Avenida de Daroca, son de menor tamao y no se describen en esta web como parques independientes. El Parque Cua Verde de Viclvaro (Zona A) es un parque periurbano ubicado junto a las edificaciones, cerca de las autopistas M-40 y Radial 3. Esta zona es contigua a las zonas E y B. Ofrece diversidad de actividades para el ocio y para el deporte. Tiene amplios espacios estanciales rodeados de vegetacin, predominando las sforas, pinos pioneros, olmos siberianos, castaos de indias y manzanos entre las espacies arbreas, y las fotinias, rosas, enebros y pitosporos entre las arbustivas. El parque dispone de paseos adoquinados y en el extremo sur del parque se encuentra una plaza circular que alberga una gran fuente ornamental y jardineras que forman una rosaleda. Tambin cuenta con zonas de juegos infantiles y con una zona canina, as como de pistas deportivas para la prctica de diferentes disciplinas. Destaca especialmente un jardn para personas con ceguera, que se distingue por contar con especies arbustivas aromticas, todas ellas etiquetadas en braille, ofreciendo una experiencia sensorial para las personas con discapacidad visual. Este jardn se renov en 2022.",,Zonas infantiles Zonas de mayores Zonas caninas Instalaciones deportivas.,"Metro: Viclvaro (linea 9) Bus: E3 Servicio Bicimad, para consultar la estacin ms cercana, acceda al mapa de geolocalizacin de las estaciones.","Conservacin: Direccin General de Gestin del Agua y Zonas Verdes. rea de Gobierno de Medio Ambiente y Movilidad. Superficie: 37.802 m&sup2;. Vegetacin predominante: rboles: Sfora (Styphnolobium japonicum), Pino pionero (Pinus pinea), Olmo de Siberia (Ulmus pumila) y Castao de Indias (Aesculus hippocastanum). Arbustos: Rosa de Siria (Hibiscus syriacus), Fotinia (Photinia) y Manzano (Malus domestica). Macizos arbustivos: Rosa (Rosa), Enebro de Pfitzer (Juniperus x pfitzeriana) y Pitosporo (Pittosporum tobira).",2,http://www.madrid.es/sites/v/index.jsp?vgnextchannel=bfa48ab43d6bb410VgnVCM100000171f5a0aRCRD&vgnextoid=402f9191ce6b7310VgnVCM2000000c205a0aRCRD,DAROCA,AVENIDA,V,300,,,,,MADRID,MADRID,28032,,AMBROZ,,VICALVARO,447563,4473414,40.40969329689759,-3.618025439807104,,,,/contenido/entidadesYorganismos/ParquesJardines
5984224,Parque Cua Verde de Viclvaro. Zona B,"La conocida como Cua Verde de Viclvaro est ubicada en el lmite noroeste del distrito de Viclvaro, colindante con los distritos de San Blas-Canillejas y Moratalaz a travs de la M-40 y la Radial 3. Est segmentada administrativamente en varias reas denominadas zonas A, B, C, D y E. Todas lindan con la avenida Daroca a excepcin de la zona C, situada ms al norte, separada por la presencia de la R-3. Las de mayor extensin son las zonas A, B y C. Las zonas D y E, situadas al suroeste de la Avenida de Daroca, son de menor tamao y no se describen en esta web como parques independientes. El Parque Cua Verde de Viclvaro (Zona B) es una gran zona verde periurbana ubicada junto a las autopistas M-40 y Radial 3 y alejada de las edificaciones. Esta zona es contigua a las zonas E y A. Se caracteriza por su diseo abierto y accesible, con zonas ajardinadas, amplias praderas naturales y paseos arbolados, en los que aparecen plantanos de sombra, pinos pioneros, ciruelos rojos o cipreses comunes. El parque ofrece variedad de instalaciones: pistas deportivas, una zona de calistenia y un anfiteatro en el centro, que sirve como escenario para eventos y actividades culturales. Tambin cuenta con una zona canina, as como un rea destinada a juegos para mayores, que incluye pistas de petanca, zonas de juegos infantiles y un carril bici que conecta con otras reas de la ciudad. En el centro del parque se encuentra una plaza con una fuente ornamental y una lmina de agua que fluye desde un pequeo estanque a travs de un canal artificial.",,Zonas infantiles Zonas de mayores Zonas caninas Instalaciones deportivas Auditorios,"Metro: San Cipriano (linea 9) Bus: 4 , 100, E3 Servicio Bicimad, para consultar la estacin ms cercana, acceda al mapa de geolocalizacin de las estaciones.","Conservacin:Direccin General de Gestin del Agua y Zonas Verdes.rea de Gobierno de Medio Ambiente y Movilidad. Superficie. 110.292 m&sup2;. Vegetacin predominante: rboles: Pltano de sombra (Platanus &times; hispanica), Pino pionero (Pinus pinea), Ciruelo rojo (Prunus cerasifera) y Ciprs comn (Cupressus sempervirens). Arbustos: Rosas (Rosa), Glicina (Wisteria) y Rosa de Siria (Hibiscus syriacus). Macizos arbustivos: Agracejo (Berberis vulgaris), Romero (Salvia rosmarinus) y Lilo (Syringa vulgaris).",2,http://www.madrid.es/sites/v/index.jsp?vgnextchannel=bfa48ab43d6bb410VgnVCM100000171f5a0aRCRD&vgnextoid=2030b8c8d109e210VgnVCM2000000c205a0aRCRD,DAROCA,AVENIDA,V,299,,,,,MADRID,MADRID,28032,,AMBROZ,,VICALVARO,447659,4473371,40.40930295868704,-3.616890442862423,,,,/contenido/entidadesYorganismos/ParquesJardines
6457255,Parque Cua Verde de Viclvaro. Zona C,"La conocida como Cua Verde de Viclvaro est ubicada en el lmite noroeste del distrito de Viclvaro, colindante con los distritos de San Blas-Canillejas y Moratalaz a travs de la M-40 y la Radial 3. Est segmentada administrativamente en varias reas denominadas zonas A, B, C, D y E. Todas lindan con la avenida Daroca a excepcin de la zona C, situada ms al norte, separada por la presencia de la R-3. Las de mayor extensin son las zonas A, B y C. Las zonas D y E, situadas al suroeste de la Avenida de Daroca, son de menor tamao y no se describen en esta web como parques independientes. El Parque Cua Verde de Viclvaro (Zona C) es un amplio parque periurbano ubicado entre la M-40 y la Radial 3. Est separado del resto de zonas por la R3, aunque se conecta con la zona B mediante una pasarela sobre dicha autopista. Se puede acceder desde la avenida de Canillejas a Viclvaro, as como a travs de un carril habilitado para ciclistas y peatones que conecta con Canillejas a travs de una pasarela sobre la M-40. Dispone tambin de aparcamiento propio. Este parque se caracteriza por un diseo sencillo, abierto y de carcter semiforestal. Est compuesto por amplias praderas y largos setos de espino de fuego, cuenta con diversas sendas y paseos y la vegetacin que predomina son platanos de sombra, olmos siberianos, pinos pioneros y moreras, as como durillos, retamas, fotinias, etc.",,Aparcamiento de sustrato terrizo,"Metro: Avenida de Guadalajara (lnea 2) Bus: E2 Servicio Bicimad, para consultar la estacin ms cercana, acceda al mapa de geolocalizacin de las estaciones.","Conservacin: Direccin General de Gestin del Agua y Zonas Verdes. rea de Gobierno de Medio Ambiente y Movilidad. Superficie: 127.836 m&sup2;. Vegetacin predominante: rboles: Pltano de sombra (Platanus &times; hispanica), Olmo de Siberia (Ulmus pumila), Pino pionero (Pinus pinea) y Morera (Morus alba). Arbustos: Durillo (Viburnum tinus), Pitosporo (Pittosporum tobira) y Retama amarilla (Retama sphaerocarpa). Macizos arbustivos: Espino de fuego (Pyracantha coccinea), Fotinia (Photinia) y Retama amarilla (Retama sphaerocarpa).",2,http://www.madrid.es/sites/v/index.jsp?vgnextchannel=bfa48ab43d6bb410VgnVCM100000171f5a0aRCRD&vgnextoid=2557b6495f6b7310VgnVCM2000000c205a0aRCRD,CANILLEJAS A VICALVARO,AVENIDA,V,102,,,,,MADRID,MADRID,28032,1,CASCO H.VICALVARO,19,VICALVARO,448175,4474190,40.41672706688541,-3.610853061814312,,,,
5982087,Parque Dehesa de la Villa,"La Dehesa de la Villa est situada al noroeste de la ciudad de Madrid, junto a Ciudad Universitaria, y acompaa a la Villa de Madrid desde el siglo XII. Su principal caracterstica es que mantiene su condicin forestal, con una masa de pinar de pionero adehesado sobre pradera natural, con espacios ajardinados en las zonas colindantes a los entornos urbanos, donde destacan las plantaciones de cedros. Durante el reinado de Isabel II, se repobl una parte con pinos, especialmente pioneros y carrascos, que son actualmente los ms comunes del parque. Tambin se pueden encontrar almendros, en su mayora amargos, encinas, almeces, pltanos de sombra y falsas acacias. En las vaguadas hmedas, aparecen chopos, fresnos y olmos, mientras que en las zonas ajardinadas se encuentran cedros y ciruelos de Pisard. El sustrato arbustivo est compuesto principalmente por jaras, retamas, romero y zarzamoras, entre otras especies. La Dehesa de la Villa alberga una importante variedad de avifauna, habindose avistado ms de 70 especies de aves, para lo que se ha habilitado un observatorio ornitolgico, lo que la convierte en una joya dentro de los parques de Madrid. Los vecinos y usuarios la perciben como un autntico bosque en el corazn de la ciudad. En 2023 se iniciaron los trmites para su declaracin como BIC en la categora de Paisaje Cultural, incondose el expediente por parte de la Comunidad de Madrid el 18 de octubre de 2023.",,Zonas infantiles Zonas de mayores Instalaciones deportivas Puntos de informacin ambiental Carril Bici Kioscos,"Metro: Francos Rodriguez y Valdezarza (lnea 7). Autobs: 44, 64, 82, 126, 127 y 132 Servicio Bicimad, para consultar la estacin ms cercana, acceda al mapa de geolocalizacin de las estaciones.","Conservacin: Direccin General de Gestin del Agua y Zonas Verdes, rea de Gobierno de Medio Ambiente y Movilidad. Superficie: 645.309 m&sup2;. Vegetacin predominante: Ejemplares arbreos: pino pionero (Pinus pinea), pino carrasco (Pinus halepensis), almendro (Prunus amygdalus), olmo de Siberia (Ulmus pumila). Arbustos: espirea, adelfa (Nerium oleander), tuya (Thuja occidentalis). Macizos arbustivos: jara, romero (Rosmarinus officinalis), jara pringosa (Cistus ladanifer).",2,http://www.madrid.es/sites/v/index.jsp?vgnextchannel=bfa48ab43d6bb410VgnVCM100000171f5a0aRCRD&vgnextoid=c2e013a90fb7e210VgnVCM2000000c205a0aRCRD,DEHESA DE LA VILLA,CARRETERA,V,1,,,,,MADRID,MADRID,28040,3,CIUDAD UNIVERSITARIA,9,MONCLOA-ARAVACA,438892,4478863,40.45817981904011,-3.7207253118064827,,,,/contenido/entidadesYorganismos/ParquesJardines/ParquesHistoricos
5987289,Parque Duque de Ahumada,"El Parque Duque de Ahumada es un parque urbano ubicado en el Casco Histrico de Viclvaro, rodeado por bloques residenciales. Su diseo est vertebrado longitudinalmente por paseos de adoqun que delimitan praderas con alineaciones de pinos y pltanos. Otras especies arbreas son el aligustre del japn y el arce negundo, as como arbustos como forsitias, adelfas y evnimos. El parque cuenta con varias instalaciones como un rea de ejercicio para mayores, una pequea zona canina y una zona de juegos infantiles. En 2023 se realizaron obras de rehabilitacin y se han incluido juegos de integracin en la zona infantil, bancos, ms arbolado, arbustivas atractivas para los polinizadores y una prgola, entre otras mejoras. Este parque es tambin conocido como el Parque de Ambroz, una denominacin popular que refleja su ubicacin. El nombre oficial del parque se debe a que el fundador y organizador de la institucin de la Guardia Civil, el mariscal de campo Francisco Javier Girn y Ezpeleta, II Duque de Ahumada, instal los dos primeros cuarteles de la benemrita en Viclvaro y en Legans. Viclvaro fue la primera sede de la Caballera de dicho cuerpo, en 1844.",,Zonas infantiles Zonas caninas,"Metro: San Cipriano (lnea 9) Bus: 4 , 106 Servicio Bicimad, para consultar la estacin ms cercana, acceda al mapa de geolocalizacin de las estaciones.","Conservacin:Direccin General de Gestin del Agua y Zonas Verdes. rea de Gobierno de Medio Ambiente y Movilidad. Superficie: 5248 m&sup2;. Vegetacin predominante: rboles: Pino pionero (Pinus pinea), Pltano de sombra (Platanus &times; hispanica), Aligustre del Japn (Ligustrum japonicum) y Arce negundo (Acer negundo). Arbustos: Forsitia (Forsythia) y Aligustre del Japn (Ligustrum japonicum). Macizos arbustivos: Adelfa (Nerium oleander), Pitosporo (Pittosporum tobira) y Evnimo (Euonymus).",2,http://www.madrid.es/sites/v/index.jsp?vgnextchannel=bfa48ab43d6bb410VgnVCM100000171f5a0aRCRD&vgnextoid=9445ff7fa5a9e210VgnVCM1000000b205a0aRCRD,LAGO VAN,CALLE,V,16,,,,,MADRID,MADRID,28032,1,CASCO H.VICALVARO,19,VICALVARO,448560,4472870,40.4048457851104,-3.6062315414157613,,,,/contenido/entidadesYorganismos/ParquesJardines
5994901,Parque El Calero,"El Parque El Calero, situado en el Distrito de Ciudad Lineal, se destaca como uno de los espacios verdes ms representativos de la zona, gracias a su estratgica localizacin, amplitud y la variedad de servicios que ofrece, pero sobre todo por ser uno de los parques pblicos no histricos ms antiguos de Madrid, al ser de los aos 50 del pasado siglo. Toma el nombre del arroyo del Calero, tributario del arroyo Abroigal por su margen izquierda. Con frondosas reas ajardinadas y un diverso arbolado, el parque proporciona numerosos senderos para pasear entre espacios sombreados. Entre sus mltiples instalaciones, se encuentran modernas zonas de juegos infantiles delimitadas, un carril bici que recorre el parque, fuentes, mesas de picnic perfectas para comidas al aire libre y un rea especfica para el esparcimiento de perros. Las personas ms aventureras pueden desafiarse en el rocdromo, mientras que las aficionadas a la petanca pueden disfrutar de sus pistas. Adems, el Parque El Calero alberga un auditorio al aire libre que se transforma en un escenario cultural durante el verano, ofreciendo espectculos y actividades y ofreciendo cine de verano. En 2013 se erigi en el parque un monolito en memoria del cientfico abulense Arturo Duperier Vallesa, que vivi y desarroll gran parte de su carrera en Madrid, fue catedrtico de Geofsica en 1934 en la Universidad de Madrid y realiz destacadas aportaciones en el campo de la astrofsica.",,Zonas infantiles Zonas de mayores Zonas caninas Instalaciones deportivas Auditorios,"Metro: Quintana y El Carmen (lnea 5) Bus: 21, 48 y 146 Servicio Bicimad, para consultar la estacin ms cercana, acceda al mapa de geolocalizacin de las estaciones.","Conservacin: Direccin General de Gestin del Agua y Zonas Verdes. rea de Gobierno de Medio Ambiente y Movilidad. Superficie: 64.281 m&sup2;. Vegetacin predominante: rboles: pino carrasco (Pinus halepensis), pltano de sombra (Platanus x hispanica), castao de Indias (Aesculus hippocastanum), pino pionero (Pinus pinea). Arbustos: laurel cerezo (Prunus laurocerasus), aligustre (Ligustrum vulgare), fotinia (Photinia spp.). Macizos arbustivos: griolera (Cotoneaster horizontalis), azahar de la China (Pittosporum tobira), agracejo (Berberis vulgaris).",2,http://www.madrid.es/sites/v/index.jsp?vgnextchannel=bfa48ab43d6bb410VgnVCM100000171f5a0aRCRD&vgnextoid=ba9545b9b59be210VgnVCM2000000c205a0aRCRD,JOSE DEL HIERRO,CALLE,V,1,,,,,MADRID,MADRID,28027,4,CONCEPCION,15,CIUDAD LINEAL,444707,4476306,40.43555222953495,-3.6519351470803567,,,,/contenido/entidadesYorganismos/ParquesJardines
5995399,Parque El Cedral,"El Parque El Cedral, ubicado en la confluencia de las calles Arturo Soria, Rodrguez Illanes y Asuncin Prez Vizcano, es uno de los mejores jardines de la Ciudad Lineal, procedente de una villa desaparecida, inaugurado en 1994 como parque pblico por el alcalde Jos Mara lvarez del Manzano. La entrada principal, enmarcada por un prtico de ladrillo, se extiende hacia un murete que abraza la seccin situada junto a la calle Arturo Soria, mientras que el interior del parque se embellece con una arquera del mismo material. Un sendero de tierra atraviesa este espacio verde, flanqueado por una variada vegetacin que pone especial nfasis en especies aromticas. Este recorrido rodea una de las joyas botnicas del parque: los majestuosos cedros que, con su imponente presencia y belleza, otorgan su nombre a este rincn urbano. En la zona inferior, se erige un monolito con placa y efigie en homenaje al ilustre ingeniero de caminos y urbanista madrileo Arturo Soria y Mata, un tributo que destaca la importancia histrica y cultural de esta rea. El parque, caracterizado por una pronunciada pendiente que desciende hacia la Calle 30, tambin cuenta con una pista deportiva en su extremo ms cercano a dicha calle.",,Instalaciones deportivas,"Bus: 7, 9, 70, 72 y 87 Servicio Bicimad, para consultar la estacin ms cercana, acceda al mapa de geolocalizacin de las estaciones.","Conservacin:Direccin General de Gestin del Agua y Zonas Verdes. rea de Gobierno de Medio Ambiente y Movilidad. Superficie: 6.856 m&sup2;. Vegetacin predominante: rboles: almez (Celtis australis), pino pionero (Pinus pinea), cedro llorn (Cedrus deodara) y cedro del Atlas (Cedrus atlantica). Arbustos: tuya oriental (Platycladus orientalis), ciprs de Leyland (Cupressus x leylandii) y tuya (Thuja occidentalis). Macizos arbustivos: romero (Rosmarinus officinalis), lavanda (Lavandula angustifolia) y salvia (Salvia officinalis).",2,http://www.madrid.es/sites/v/index.jsp?vgnextchannel=bfa48ab43d6bb410VgnVCM100000171f5a0aRCRD&vgnextoid=505093e51b9be210VgnVCM2000000c205a0aRCRD,ARTURO SORIA,CALLE,V,233,,,,,MADRID,MADRID,28033,8,ATALAYA,15,CIUDAD LINEAL,443618,4479348,40.462882951414265,-3.6650441004626564,,,,/contenido/entidadesYorganismos/ParquesJardines
5981476,Parque El Cruce,"El Parque El Cruce es un jardn aproximadamente cuadrangular que se extiende a lo largo de un paseo principal que lo atraviesa de norte a sur, flanqueado por diversas reas de vegetacin arbustiva y rocalla, protegidas en su mayora por pinos carrascos. A lo largo de su extensin, distintos caminos se conectan entre s y entre los que se observan diferentes especies de arbustos as como olmos, almeces, arces negundos, ciruelos rojos, aligustres y castaos de Indias, adems de los pinos. Existe un huerto urbano en su interior. Es destacable que el parque conserva parte del arbolado de alineacin del antiguo poblado, sobre todo pinos carrascos y olmos siberianos, que datan de los aos 50-60. Hacia el oeste, el jardn se ensancha, conservando su estructura de senderos de terrizo y zonas arbustivas. En esta rea ms amplia, se encuentran diversas zonas estanciales, un espacio dedicado a la calistenia y una zona de juegos infantiles, proporcionando opciones recreativas para visitantes de todas las edades. Destacan las cuidadas composiciones de flores y rocalla que adornan los flancos de la entrada norte, aadiendo un toque esttico distintivo al parque. El jardn conserva elementos pertenecientes a algunas de las antiguas villas prximas al que an era pueblo de Villaverde que existieron en la zona, como la fuente ornamental circular con la figura de una pia de la que brota el agua (Fuente de la Pia, que data de 1800 aproximadamente), situada en el acceso por la calle Alcocer, o la puerta monumental, llamada puerta de la Alcarria, que corresponde a una verja de hierro de la que se conservan siete tramos, igual a la que existe en la parte trasera del Museo del Prado. La tradicin popular dice que la citada puerta era la puerta del embarcadero del Real Canal del Manzanares, pero no parece probable. Posiblemente debi pertenecer tambin a alguna de las villas, como podra ser la finca de recreo de Alberto de Palacio (a veces nombrado Alberto Palacios), o a alguna otra villa de las que existieron en la zona. Este personaje fue un arquitecto vasco-francs, contemporneo de Antoni Gaud, con el que estudi. Fue propietario de una residencia llamada Villa Leonor, el nombre de su esposa. Este parque debe su denominacin a su situacin en el cruce de la carretera de Andaluca (hoy avenida) con la antigua entrada al pueblo de Villaverde. Se encuentra en un rea que estuvo ocupada por las villas o fincas citadas y en el entorno del arroyo de Butarque, hoy bajo la calle Cifuentes. Una vez abandonadas y demolidas las villas, se fue degradando y convirtiendo en zona de asentamientos chabolistas. En 1955 se cre la colonia del Cruce, que fue un Poblado de Absorcin (destinado a 'absorber' a la poblacin que resida en infraviviendas). Posteriormente, en un largo y complejo proceso de transformacin urbana llevado a cabo por la Comunidad de Madrid a travs del IVIMA a principios de este siglo, se demoli y remodel el poblado, construyendo nuevas viviendas y reservando espacio para zonas verdes. El parque es, por tanto, de reciente creacin y el IVIMA ajardin el espacio y lo dot de un parque infantil, juegos de petanca y pistas de patinaje, dando por finalizada la actuacin en 2006, aunque realmente an quedaban numerosos aspectos por rematar, que se ha ido completando progresivamente. La ltima renovacin fue en 2020.",,Zonas infantiles Zonas de mayores Zonas caninas Instalaciones deportivas,"Metro: Villaverde Bajo - Cruce (lnea 3) Autobs: 18, 22, 86, 116 y 130 Servicio Bicimad, para consultar la estacin ms cercana, acceda al mapa de geolocalizacin de las estaciones.","Conservacin: Direccin General de Zonas Verdes, Limpieza y Residuos. rea de Gobierno de Medio Ambiente y Movilidad. Superficie: 15.043 m&sup2;. Vegetacin predominante: rboles: Castao de Indias (Aesculus hippocastanum), Pino pionero (Pinus pinea), Aligustre del Japn (Ligustrum japonicum) y Olmo de Siberia (Ulmus pumila). Arbustos: Pitosporo (Pittosporum tobira) y Ciprs (Cupressus). Macizos arbustivos: Viburno (Viburnum), Junipero (Juniperus) y Hiedra (Hedera).",2,http://www.madrid.es/sites/v/index.jsp?vgnextchannel=bfa48ab43d6bb410VgnVCM100000171f5a0aRCRD&vgnextoid=03ff24622fa7e210VgnVCM2000000c205a0aRCRD,ALCOCER,CALLE,V,1,,,,,MADRID,MADRID,28021,5,LOS ANGELES,17,VILLAVERDE,441024,4466944,40.350970403692386,-3.6944891243298597,,,,/contenido/entidadesYorganismos/ParquesJardines
6012426,Parque Emir Mohamed I,"Este parque, inaugurado en 2010, recupera el estilo andalus, presentando un suelo decorado y una estrella en su centro, diseado para recordar la diversidad de culturas que han habitado en la ciudad de Madrid. En l se pueden encontrar diferentes especies arbreas, destacando un almez y una higuera como los ejemplares ms antiguos. Las zonas verdes recorren la muralla islmica y los cipreses de los parterres continan el diseo de la fuente con forma de estrella de seis puntas que preside el parque. Entre los aos 860 y 880, el emir M&uuml;hammad I fund la ciudad de Madrid (Mayrit) como enclave militar. Los restos de la muralla islmica visibles en este parque pertenecen al primer recinto amurallado de Madrid, construido en el siglo IX durante el dominio andalus de la regin. Se conserva un tramo de la muralla en el que destacan varios torreones de planta cuadrangular.","10:00 a 21:00 horas, fines de semana y festivos",,"Bus: 3, 31 , 41 , 50 , 65 Servicio Bicimad, para consultar la estacin ms cercana, acceda al mapa de geolocalizacin de las estaciones.","Conservacin: Direccin General de Gestin del Agua y Zonas Verdes, rea de Gobierno de Medio Ambiente y Movilidad. Superficie: 3.942 m&sup2;. Vegetacin predominante: Ejemplares arbreos: Ciprs Comn (Cupressus sempervirens), Cerezo Silvestre (Prunus avium) y Manzano (Malus spp.). Macizos arbustivos: Aubrietia (Aubrieta spp.), Salvia (Salvia spp.) y Rododendro (Rhododendron spp.).",2,http://www.madrid.es/sites/v/index.jsp?vgnextchannel=bfa48ab43d6bb410VgnVCM100000171f5a0aRCRD&vgnextoid=6671a26fbf7ee210VgnVCM1000000b205a0aRCRD,RAMON,CUESTA,V,1,,,,,MADRID,MADRID,28013,1,PALACIO,1,CENTRO,439357,4473997,40.41438785232736,-3.7147888896558188,,,,/contenido/entidadesYorganismos/ParquesJardines
5991419,Parque Emperatriz Mara de Austria,"El Parque Emperatriz Mara de Austria es el de mayor tamao del distrito de Carabanchel y se distingue por su sistema de riego sostenible, que utiliza agua regenerada de sus propios depsitos. El parque est estructurado en tres reas: Zona del Intercambiador de la plaza de Fernndez Ladreda (conocida como Plaza Elptica): esta seccin cuenta con praderas elevadas, jardineras y macizos de arbustos. Algunas especies vegetales incluyen carteles informativos que describen sus caractersticas, proporcionando un valor educativo para los visitantes. Intervenida entre 2004 y 2007 para la construccin del intercambiador. Zona Central: es la parte ms antigua del parque, situada entre el Intercambiador de Plaza Elptica y el Parque Familiar. Ofrece amplias praderas naturales y de csped, arbolado variado, macizos de arbustos y una red de caminos y reas de descanso con suelo terrizo. En esta zona se encuentran reas de juegos infantiles, juegos para adultos mayores, pistas de chito y calva, un circuito biosaludable y un mirador con vistas al Parque Familiar. Zona Parque Familiar: la ms reciente y ms meridonal. Ubicada entre la zona central y la Avenida de los Poblados, es un rea de creacin posterior que combina grandes praderas de csped y vegetacin ornamental. Este sector cuenta con dos niveles: en el nivel superior se sitan espacios deportivos para la prctica de petanca, ftbol y ftbol sala; en el nivel inferior, una ra desemboca en un lago de gran tamao. Tambin destacan la pista para vehculos de radiocontrol y un rea especfica para el ejercicio de perros. Las especies arbreas ms frecuentes son pinos pioneros, cipreses, cedros, chopos, castaos de Indias, etc. El riego que abastece a todo el parque se realiza a partir de agua regenerada. Este parque, por su diseo y diversidad de instalaciones, es un espacio nico para el esparcimiento, el deporte y la conexin con la naturaleza. Fue inaugurado en 1966 y ampliado en 2003 de forma notable. En 2019 se instal una microrreserva de biodiversidad . Es comunmente conocido como Parque Sur.",,Zonas infantiles Zonas de mayores Zonas caninas Instalaciones deportivas Auditorios Circuito deportivo Carril bici Zona bicicrs Zona cometas,"Bus: 47 , 81 , 108 , 116 , 121 , 131 , 155 Metro: Plaza Elptica (lnea 6 y 11) , Abrantes (lnea 11) Servicio Bicimad, para consultar la estacin ms cercana, acceda al mapa de geolocalizacin de las estaciones.","Conservacin: Direccin General de Gestin del Agua y Zonas Verdes. rea de Gobierno de Medio Ambiente. Superficie: 597.458 m&sup2;. Vegetacin predominante: rboles: Pino pionero (Pinus pinea), Olmo de Siberia (Ulmus pumila), Pltano de sombra (Platanus &times; hispanica) y Ciprs de Arizona (Cupressus arizonica). Arbustos: Adelfa (Nerium oleander), Laurel (Laurus nobilis) y Tuya (Thuja). Macizos arbustivos: Pitosporo (Pittosporum tobira) y Agracejo (Berberis vulgaris).",2,http://www.madrid.es/sites/v/index.jsp?vgnextchannel=bfa48ab43d6bb410VgnVCM100000171f5a0aRCRD&vgnextoid=57fc4fc4583be210VgnVCM1000000b205a0aRCRD,VIA LUSITANA,CALLE,V,3,,,,,MADRID,MADRID,28025,7,ABRANTES,11,CARABANCHEL,438652,4470443,40.382311100280766,-3.7227552919050586,,,,/contenido/entidadesYorganismos/ParquesJardines
5965783,Parque Enrique Tierno Galvn,"El origen del Parque Enrique Tierno Galvn se remonta a la transformacin de la zona del Cerro de la Plata, que anteriormente era una cantera de grava y arena. A finales de la dcada de 1970 y durante los aos 80, el rea fue remodelada y transformada en un parque urbano como parte de un esfuerzo ms amplio por revitalizar Madrid y mejorar sus espacios verdes. El parque fue inaugurado en 1986 y recibi el nombre de Enrique Tierno Galvn, quien fue alcalde de Madrid, conocido por su labor en la modernizacin y desarrollo de la ciudad durante su mandato. Su creacin form parte de un movimiento ms amplio para convertir Madrid en una ciudad ms habitable y sostenible, ofreciendo un espacio recreativo y cultural para la cuidadana. El diseo del parque incluye elementos como estanques, amplias praderas y caminos, instalaciones deportivas y el Planetario de Madrid, convirtindolo en un importante pulmn verde en la ciudad y en un lugar de encuentro para sus habitantes.",,Zonas infantiles Zonas deportivas Zonas adulto mayor Zonas caninas Auditorios Carril bici Circuito Biosaludable En el mismo se encuentran el Planetario y el Cine IMAX,"Bus: 148 Servicio Bicimad, para consultar la estacin ms cercana, acceda al mapa de geolocalizacin de las estaciones.",Conservacin: Direccin General de Gestin del Agua y Zonas Verdes. rea de Gobierno de Medio Ambiente y Movilidad. Superficie: 402.969 m&sup2;.,2,http://www.madrid.es/sites/v/index.jsp?vgnextchannel=bfa48ab43d6bb410VgnVCM100000171f5a0aRCRD&vgnextoid=e09f680e2383e210VgnVCM1000000b205a0aRCRD,MENESES,CALLE,V,4,,,,,MADRID,MADRID,28045,4,LEGAZPI,2,ARGANZUELA,442152,4471501,40.39210151448589,-3.681620654746187,,,,/contenido/entidadesYorganismos/ParquesJardines
5979033,Parque Entrevas Forestal,"El Parque Entrevas Forestal, ubicado al sur de Vallecas, se extiende como una vasta rea verde de carcter forestal. Este espacio se distingue por su frondoso y consolidado arbolado, predominando las conferas, lo que le confiere un entorno similar al de un bosque. Se trata bsicamente por un pinar maduro de pino carrasco, acompaado de otras especies de conferas, como la ariznica y el cedro, y algunas frondosas, como el almez, el fresno y la acacia de flor blanca. Su ambiente natural y tranquilo lo convierte en un lugar ideal para desconectar del bullicio urbano y disfrutar de la naturaleza. Una de las principales caractersticas de este parque es su integracin con el anillo verde ciclista de Madrid, proporcionando una ruta ideal para las personas aficionadas al ciclismo y entusiastas de los paseos al aire libre. Su irregular topografa es recorrida por diversos caminos y senderos, que serpentean entre praderas y densas arboledas. El Parque Entrevas Forestal se complementa con otras reas verdes cercanas, creando un extenso corredor ecolgico. Al norte se encuentra el Parque Entrevas Urbano, que destaca por su auditorio y reas deportivas e infantiles. Tambin est el Parque de las Comunidades, situado sobre la cornisa del barrio de Entrevas, que destaca por sus espectaculares miradores que ofrecen vistas panormicas hacia el Centro Sur de Madrid y que cuenta con un rea de juegos infantiles. Por ltimo, el Parque Soto de Entrevas, de carcter educativo, con su senda botnica que invita a conocer y aprender sobre la diversidad de la flora local. Este conjunto de parques proporciona un amplio abanico de opciones recreativas y educativas, haciendo de Entrevas un destino imprescindible para quienes desean disfrutar de la naturaleza y el deporte, o simplemente relajarse en un entorno verde y diverso.",,Carril bici Mirador,"Bus: 102, 111 Renfe: Asamblea de Madrid - Entrevas.","Conservacin: Direccin General de Gestin del Agua y Zonas Verdes. rea de Gobierno de Medio Ambiente y Movilidad. Superficie: 539.813 m&sup2;. Vegetacin predominante: rboles: Ciprs de Arizona (Cupressus arizonica), Pino de Alepo (Pinus halepensis), Pino pionero (Pinus pinea) y Cedro del Atlas (Cedrus atlantica). Macizos arbustivos: Adelfa (Nerium oleander), Taray (Tamarix gallica) y Gayomba (Spartium junceum).",2,http://www.madrid.es/sites/v/index.jsp?vgnextchannel=bfa48ab43d6bb410VgnVCM100000171f5a0aRCRD&vgnextoid=5be77fb92217e210VgnVCM1000000b205a0aRCRD,DEL SUR,RONDA,V,8,,,,,MADRID,MADRID,28053,1,ENTREVIAS,13,PUENTE DE VALLECAS,443363,4468797,40.36782603611024,-3.6670181171393064,,,,/contenido/entidadesYorganismos/ParquesJardines
5978478,Parque Entrevas Urbano,"El Parque Entrevas Urbano (o simplemente Parque de Entrevas) es un destacado espacio verde en Vallecas, que se ajusta en su trazado a la Ronda Sur, y es conocido por su majestuoso paseo de pltanos de sombra que proporciona un ambiente fresco y acogedor. Este parque se caracteriza por la diversidad de sus zonas, que incluyen amplias praderas estacionales y reas arboladas, con pinos pioneros y carrascos, cipreses, cedros, ciruelos rojos, olmos y arces entre otros, ubicados en pradera y acompaados por diferentes arbustos. Entre sus instalaciones se encuentra un auditorio al aire libre, escenario de actividades culturales que atraen a visitantes de todas las edades, as como zonas deportivas que fomentan la prctica de diferentes disciplinas y una completa rea de juegos infantiles. Un ramal del carril bici cruza el parque, lo que lo convierte en un lugar ideal para ciclistas y amantes del ejercicio. Una caracterstica particular de este espacio es su compromiso con la sostenibilidad: el riego de sus jardines y praderas se realiza con agua regenerada, contribuyendo al uso responsable de los recursos naturales. Gracias a su diseo y a la variedad de opciones que ofrece, el Parque Entrevas Urbano es un lugar frecuentado por personas de todas las edades, proporcionando un entorno ideal para pasear, desconectar o realizar actividades deportivas y recreativas en pleno corazn de la ciudad.",,Zonas infantiles Zonas caninas Instalaciones deportivas Auditorios Bar Mirador,"Bus: 102, 111 Renfe: Asamblea de Madrid, Entrevas Servicio Bicimad, para consultar la estacin ms cercana, acceda al mapa de geolocalizacin de las estaciones.","Conservacin: Direccin General de Gestin del Agua y Zonas Verdes. rea de Gobierno de Medio Ambiente y Movilidad. Superficie: 121.178 m&sup2;. Vegetacin predominantes: rboles: Platano de sombra (Platanus &times; hispanica), Pino pionero (Pinus Pinea), Olmo de Siberia (Ulmus pumila) y Pino de Alepo (Pinus halepensis). Macizos arbustivos: Laurel Cerezo (Prunus laurocerasus), Cotoneaster hoja de sauce (Cotoneaster salicifolius) y Forsitia (Forsythia).",2,http://www.madrid.es/sites/v/index.jsp?vgnextchannel=bfa48ab43d6bb410VgnVCM100000171f5a0aRCRD&vgnextoid=0190f1d80c07e210VgnVCM1000000b205a0aRCRD,SUR,RONDA,V,8,,,,,MADRID,MADRID,28053,1,ENTREVIAS,13,PUENTE DE VALLECAS,443138,4469322,40.37253969509114,-3.6698091602059613,,,,/contenido/entidadesYorganismos/ParquesJardines
5986948,Parque Este de Valdebernardo,"Ubicado en el extremo oriental del barrio de Valdebernardo, este parque forma parte de dos superficies divididas por el Bulevar de Jos Prat, con dos denominaciones prcticamente iguales: el Parque de Valdebernardo Este (al norte) y el Parque Este de Valdebernardo (al sur). El Parque Este de Valdebernardo es un parque periurbano de carcter forestal, ubicado muy cerca del parque temtico Faunia, colindante con la Avenida de la Democracia. Asimismo linda con una de las zonas del Parque Forestal de Valdebernardo, de titularidad de la Comunidad de Madrid. El parque se caracteriza por sus plantaciones de rboles como encinas, quejigos, chopos, pinos carrascos y pioneros, falsas acacias, almeces&hellip; y arbustos aromticos, dispuestos en parcelas definidas por caminos terrizos curvos, debido a su topografa irregular; se configura una depresin en la que se ubica un estanque alargado, en un manantial que en su da alimentaba al arroyo Carrantona. Entre sus instalaciones destaca una zona de barras y mesas de picnic. Tanto este parque como el Parque de Valdebernardo Este surgen paralelamente a la construccin de viviendas del entorno, que provena del Plan General de Ordenacin Urbana de 1985. En 1995, el desarrollo urbanistico estaba an en ejecucin, pero llegaron los primeros vecinos al mbito, y no finaliz hasta 2017, cuando el Ayuntamiento modific la delimitacin interna territorial del distrito y Valdebernardo se constituye como barrio administrativo.",,Ruta para bicicletas con circuito de habilidad para mountain-bike,"Metro: Valdebernardo (lnea 9) Bus: 71 Servicio Bicimad, para consultar la estacin ms cercana, acceda al mapa de geolocalizacin de las estaciones.","Conservacin:Direccin General de Gestin del Agua y Zonas Verdes. rea de Gobierno de Medio Ambiente y Movilidad. Superficie: 70.940 m&sup2;. Vegetacin predominante: rboles: Pino carrasco (Pinus halepensis), Pino pionero (Pinus pinea) y Falsa acacia (Robinia pseudoacacia). Arbustos: Romero (Salvia rosmarinus). Macizos arbustivos: Romero (Salvia rosmarinus), Adelfa (Nerium oleander) y Gayomba (Spartium junceum).",2,http://www.madrid.es/sites/v/index.jsp?vgnextchannel=bfa48ab43d6bb410VgnVCM100000171f5a0aRCRD&vgnextoid=ef74c9728e99e210VgnVCM1000000b205a0aRCRD,DEMOCRACIA,AVENIDA,V,25,,,,,MADRID,MADRID,28031,1,CASCO H.VICALVARO,19,VICALVARO,447520,4471609,40.393429973468265,-3.6183833916362733,,,,/contenido/entidadesYorganismos/ParquesJardines
5991581,Parque Eugenia de Montijo,"El Parque Eugenia de Montijo se distribuye en dos reas (Parque Eugenia de Montijo I y Parque Eugenia de Montijo II) separadas por la calle Monseor scar Romero y un aparcamiento pblico. La primera se encuentra junto a la Avenida de los Poblados y cerca de la histrica crcel de Carabanchel, demolida en 2009. La segunda limita con la calle Nuestra Seora de la Luz, junto al metro Eugenia de Montijo. La primera zona, de forma alargada, se caracteriza por amplias praderas con arbolado y grandes espacios estanciales con pavimento terrizo. Su jardinera combina rboles plantados en terrizo, macizos arbustivos y florales. Los paseos de esta rea son tanto pavimentados como terrizos. Adems, cuenta con diversas instalaciones deportivas, reas de juegos para nios y adultos mayores. Un aspecto destacado de este sector es una zona baja que conserva vestigios de la antigua finca de Eugenia de Montijo, aristcrata espaola y emperatriz consorte de Francia por su matrimonio con Napolen III. La finca albergaba un palacio que fue demolido en 1969, y en ella se encuentra un pequeo estanque, denominado de La Bruja, rodeado de imponentes cipreses catalogados que sobrevivieron al palacio, que aportan un valor histrico y natural al parque. La segunda rea presenta dos niveles interconectados por amplias praderas. El nivel superior incluye zonas terrizas y praderas, mientras que el nivel inferior, adems de contar con reas terrizas y masas arbustivas, dispone de una zona de juegos infantiles y elementos deportivos.",,Zonas infantiles Zonas de mayores Instalaciones deportivas Circuito Deportivo,"Metro: Eugenia de Montijo (lnea 5) Bus: 17 , 35 , 121 , 131 , 139 Servicio Bicimad, para consultar la estacin ms cercana, acceda al mapa de geolocalizacin de las estaciones.","Conservacin: Direccin General de Gestin del Agua y Zonas Verdes. rea de Gobierno de Medio Ambiente. Superficie: 72.933 m&sup2;. Vegetacin predominante: rboles: Falsa acacia (Robinia pseudoacacia), Pltano de sombra (Platanus &times; hispanica), Acacia del Japn (Styphnolobium japonicum) y Olmo de Siberia (Ulmus pumila). Arbustos: Evnimo (Euonymus), Taray (Tamarix canariensis) y Griolera (Cotoneaster). Macizos arbustivos: Acanto (Acanthus), Hiedra (Hedera) y Junco (Juncus).",2,http://www.madrid.es/sites/v/index.jsp?vgnextchannel=bfa48ab43d6bb410VgnVCM100000171f5a0aRCRD&vgnextoid=4d86dd17d93be210VgnVCM1000000b205a0aRCRD,PARQUE EUGENIA DE MONTIJO,CALLE,V,3,,,,,MADRID,MADRID,28047,4,VISTA ALEGRE,11,CARABANCHEL,436105,4470144,40.37942623334737,-3.7527174453988774,,,,/contenido/entidadesYorganismos/ParquesJardines
6009920,Parque Eva Duarte,"El Parque Eva Duarte de Pern, situado junto a la plaza de Manuel Becerra, ocupa el terreno de la antigua finca de Nogueras, tambin conocida como Quinta de los Leones o Quinta de Nogueras, sobre la que dise el parque actual Manuel Herrero Palacios. Este espacio verde cuenta con amplias zonas terrizas, acompaadas de cedros, arces, liquidmbares y castaos de Indias y alineaciones de grandes pltanos de sombra; cuenta con diversas instalaciones, entre las que se incluyen pistas de pdel, ftbol, baloncesto, elementos deportivos para personas mayores, reas infantiles y un rea destinada a perros. Entre los elementos ms destacados del parque se encuentran dos singulares fuentes ornamentales y un busto en honor a Eva Duarte de Pern, conocida como Evita, dirigente poltica y actriz argentina. La ltima remodelacin del parque fue en 2018, durante la cual se renov el sistema de drenaje, se acondicionaron los caminos y las zonas de estancia y se instalaron nuevas vallas para proteger las reas ajardinadas. Adems, las praderas fueron sustituidas por zonas arbustivas y el rea canina fue ampliada, con una renovacin completa de su vallado. En 2022 se construy una nueva rea canina.",Abierto de 7:30 a 00 horas,Zonas infantiles Zonas de mayores Zonas caninas Zonas deportivas,"Metro: Manuel Becerra (lnea 2 y 6) Bus: 12, 43, 56, 143, 156 Servicio Bicimad, para consultar la estacin ms cercana, acceda al mapa de geolocalizacin de las estaciones.","Conservacin: Direccin General de Gestin del Agua y Zonas Verdes, rea de Gobierno de Medio Ambiente y Movilidad. Superficie: 29.746 m&sup2;. Vegetacin predominante: Ejemplares arbreos: pltano de sombra (Platanus x hispanica), liquidmbar (Liquidambar styraciflua), arce (Acer spp.) y ciruelo rojo (Prunus cerasifera). Arbustos: laurentino (Viburnum tinus), laurel cerezo (Prunus laurocerasus) y laurel (Laurus nobilis). Macizos arbustivos: junpero horizontal (Juniperus horizontalis), pitosporo (Pittosporum tobira) y agracejo (Berberis spp.).",2,http://www.madrid.es/sites/v/index.jsp?vgnextchannel=bfa48ab43d6bb410VgnVCM100000171f5a0aRCRD&vgnextoid=a55f223d4b2ee210VgnVCM1000000b205a0aRCRD,DOCTOR GOMEZ ULLA,CALLE,V,9,,,,,MADRID,MADRID,28028,4,GUINDALERA,4,SALAMANCA,443337,4475684,40.42985671996897,-3.668031432543624,,,,/contenido/entidadesYorganismos/ParquesJardines
10554813,Parque Forestal Fuente Carrantona,"El Parque Forestal de Fuente Carrantona naci con el propsito de albergar y preservar ejemplares arbreos y arbustivos de gran porte que fueron reubicados debido a las importantes obras de infraestructura realizadas en Madrid en los primeros aos del siglo XXI. Este espacio verde, situado junto a la Cua Verde de O'Donnell, se cre mediante el trasplante y la integracin de numerosos rboles procedentes de diversas partes de la ciudad, revitalizando una antigua zona degradada y transformndola en un pulmn ecolgico que ha mejorado significativamente el entorno y la calidad ambiental del Distrito de Moratalaz, con pltanos de sombra, melias, pinos, olmos, encinas, moreras, acacias, cedros&hellip; Diversas reas de esparcimiento satisfacen las necesidades de personas de todas las edades. Para la tercera edad, el parque cuenta con zonas dedicadas al descanso y actividades recreativas, incluyendo una pista de petanca situada estratgicamente en un rea de fcil acceso desde las viviendas cercanas.Paralelo a las calles de Fuente Carrantona y de la Ciudad Encantada circula el carril-bici que forma parte del Anillo Verde Ciclista. Junto a este, hay una parte ms ajardinada. En ella se encuentran una zona infantil, zonas caninas y zonas estancialesEl rea infantil tiene un enfoque inclusivo, permitiendo que todos los niosy nias, independientemente de sus capacidades fsicas o sensoriales, puedan disfrutar y jugar sin barreras, en un entorno seguro y rodeado por la frondosa vegetacin del parque. Recientemente se ha instalado un bosque Miyawaki en las cercanas de la M-40, con la plantacin de 4.200 rboles y arbustos autctonos.",,Instalaciones para mayores Zonas infantiles para todas las capacidades,"Autobuses: E2, E4, 30, 100, 140 Metro: Alsacia (L2) Servicio Bicimad, para consultar la estacin ms cercana, acceda al mapa de geolocalizacin de las estaciones.","Conservacin: Direccin General de Gestin del Agua y Zonas Verdes, rea de Gobierno de Medio Ambiente y Movilidad. Superficie: 225.700 m&sup2;. Vegetacin predominantes: rboles: Pino (Pinus), Olmo (Ulmus minor), Almez (Celtis australis), Pltano de sombra (Platanus &times; hispanica), Melia (Melia azedarach), Acacia (Acacia) y Aligustre (Ligustrum vulgare) y Eucalipto (Eucalyptus). Macizos arbustivos: Agracejo rojo (Berberis atropurpurea), Jara Blanca (Cistus albidus), Retama negra (Cytisus scoparius), Hiprico rastrero (Hypericum calycinum), Uva de Oregn (Mahonia aquifolium), Barba de chivo (Poinciana gilliesii), Lila (Syringa vulgaris), Tomillo macho (Teucrium capitatum) y Enebro de Pfitzer (Juniperus chinensis pfitzeriana)",2,http://www.madrid.es/sites/v/index.jsp?vgnextchannel=bfa48ab43d6bb410VgnVCM100000171f5a0aRCRD&vgnextoid=d0a05d12ac8ef510VgnVCM2000001f4a900aRCRD,FUENTE CARRANTONA,CALLE,V,38,,,,,MADRID,MADRID,28030,2,HORCAJO,14,MORATALAZ,446570,4473464,40.410083041012584,-3.6297141827859876,,,,
10706071,Parque Forestal Julio Alguacil Gmez,"El Parque Forestal Julio Alguacil Gmez, anteriormente conocido como Parque Forestal de Villaverde, est delimitado por varios ejes importantes: al sur por la Calle Verde Viento y el P&ordm; de Plata y Castaar, al oeste por la A-42, al norte por el acceso a la Protectora de Animales y al este por la Carretera de Villaverde a Carabanchel. Los orgenes del parque se remontan a 2005-2006, cuando el PAU 14 de Villaverde se integr en el Programa de Reforestacin de medidas compensatorias del soterramiento de la M-30, al que, en cumplimiento de la Ordenanza General de Proteccin del Medio Ambiente Urbano de Madrid, estaban obligadas las empresas adjudicatarias de la construccin del mismo. Estas obligaciones se concretaban en la nueva plantacin en la ciudad de un nmero de rboles que compensase los que resultaron afectados por las obras de soterramiento de la M-30. El Ayuntamiento de Madrid cuantific esta obligacin en el Programa, as como los lugares y plazos de su cumplimiento, concretndose en la plantacin de 253.994 rboles que se realiz en tres fases, entre los meses de noviembre 2005 y abril de 2007, con cuatro tipologas de intervencin. El PAU 14 de Villaverde se integr en la fase I de dichas medidas compensatorias, en la tipologa de creacin de nuevos Parques Forestales, correspondiente a forestacin en mbitos de cierta extensin que, prcticamente, carecan de vegetacin arbrea; se plantaron casi 30.000 rboles, en su mayora pino carrasco, finalizndose la actuacin en marzo de 2006. Sin embargo, la intervencin con la que adquiere su actual fisonoma, tuvo lugar en 2011, mediante un proyecto cofinanciado en un 50% por la iniciativa URBAN, Fondo Europeo de Desarrollo Regional: &ldquo;Una manera de hacer Europa&rdquo;, consistente en la creacin de una zona singular que responda a la puesta en marcha de estrategias innovadoras de regeneracin urbana integrando aspectos sociales, econmicos y medioambientales para favorecer el desarrollo sostenible del distrito de Villaverde. En 2017 se realizaron tambin nuevos trabajos de repoblacin forestal. Casi la totalidad de este parque, con excepciones, est poblado por una masa forestal de pino carrasco. Est recorrido por paseos lineales de terrizo y se organiza en torno a dos ejes principales: Eje Sur: en la zona sur, el parque se desarrolla a travs de amplias zonas ajardinadas, cspedes, formaciones arbustivas y alineaciones de rboles, con un moderno sistema de riego que utiliza agua regenerada. Eje Norte-Sur: este eje divide el parque a lo largo de su longitud, con caminos geomtricos flanqueados por alineaciones de especies arbreas como el pino carrasco, el almez, el ciruelo rojo y el cinamomo. En la zona noroeste, el parque alberga diferentes estratos vegetales, destacando especies como el olivo, el almendro y el ciprs, junto con arbustos aromticos como el romero, la salvia y el agracejo. Estos vegetales actan como una pantalla acstica natural que mitiga el ruido del trfico rodado proveniente de la A-42. Una de las principales caractersticas de este parque es el carril bici que rodea todo su permetro y que conecta con las vas ciclistas del Plan de Movilidad Ciclista de Madrid, facilitando el acceso y la conectividad para los ciclistas. Desde 2018, por acuerdo del Pleno Municipal, este espacio conocido hasta entonces como Parque Forestal de Villaverde pas a adquirir su denominacin actual. Julio Alguacil Gmez, doctor en Sociologa y profesor titular den la Universidad Carlos III de Madrid, fue figura clave en el movimiento vecinal y activista de Villaverde Alto, que fund la asociacin de vecinos La Incolora.",,Circuito para bicicletas. zonas de juegos infantiles. zona para perros en libertad. Fuentes ornamentales,"Acceso en coche: Desde M-40 por salida 24, direccin Ctra Carabanchel a Villaverde. Desde Avenida de los Poblados, a calle Rafaela Ibarra, continuacin hasta Ctra Carabanchel a Villaverde Desde Calle Alcocer, Calle Villalonso o Av Real de Pinto, hasta interseccin con Ctra Carabanchel a Villaverde Acceso en transporte pblico: autobs MT 131 Servicio Bicimad, para consultar la estacin ms cercana, acceda al mapa de geolocalizacin de las estaciones.","Conservacin: Direccin General de Gestin del Agua y Zonas Verdes. rea de Gobierno de Medio Ambiente y Movilidad. Superficie: 446.071 m&sup2;. Vegetacin predominante: rboles: Pino carrasco (Pinus pinea), Almez (Celtis australis), Ciruelo rojo (Prunus cerasifera), Cinamomo (Melia azedarach), Castao de Indias (Aesculus hippocastanum), Encina (Quercus ilex), Olivo (Olea europaea), Almendro (Prunus dulcis), Ciprs (Cupressus) y Taray (Tamarix gallica). Arbustos: Romero (Salvia rosmarinus), Salvia (Salvia), Agracejo (Berberis vulgaris), Olivilla (Teucrium fruticans) y Rosal (Rosa).",2,http://www.madrid.es/sites/v/index.jsp?vgnextchannel=bfa48ab43d6bb410VgnVCM100000171f5a0aRCRD&vgnextoid=1bab840b7ce43610VgnVCM1000001d4a900aRCRD,Ctra Carabanchel a Villaverde con vuelta Calle Verde Viento,PARQUE,T,,,,,,MADRID,MADRID,,,,,DISTRITO,439059,4468043,40.36073540960827,-3.7177186736043275,,,,
7923966,Parque Forestal de Valdebebas-Felipe VI y Parque Princesa Leonor,"El Parque Forestal de Valdebebas-Felipe VI se asienta sobre terrenos que estuvieron ocupados por eriales, antiguas reas de cultivo y grandes vertederos y escombreras. Su concepcin y construccin se enmarcan dentro del desarrollo urbanstico de Valdebebas, conocido como 'Ciudad Aeroportuaria-Parque de Valdebebas'. Con una amplia extensin, que lo convierte en el segundo parque ms grande de la ciudad, el parque se encuentra ubicado al noreste de Madrid, en el distrito de Hortaleza, al sur del Arroyo de Valdebebas, que da nombre al mbito. Este espacio se organiza en varias zonas, mayoritariamente de carcter forestal, aunque tambin incorpora reas de jardinera urbana. El ncleo central del parque es su zona ms representativa, diseada para recrear un gran parque forestal en medio del entorno urbano, con una silueta que, a vista de pjaro, evoca la forma de un gran rbol. Con un enfoque basado en la sostenibilidad, representa los paisajes ms caractersticos del centro de la pennsula ibrica a travs de las formaciones vegetales que los definen. Estas zonas, denominadas Copa y Campo Abierto, constituyen la mayor parte del parque forestal. Dentro de este vasto espacio, se encuentran reas ajardinadas de carcter distintivo, que no solo le aportan singularidad y personalidad, sino que cumplen una funcin vertebradora, al facilitar la orientacin dentro del parque. Entre ellas destacan el Laberinto, que incluye una estructura central de madera, en forma de espiral ascendente, con una palmera en su centro: el Mirador del Laberinto; el Arboreto, compuesto por cinco cubetas de fondo sensiblemente plano cada uno con un material distinto, del que emergen islas con formaciones vegetales de diferentes familias; y las Terrazas, una superficie compuesta por plataformas ajardinadas (plazas, patios, laberintos y parterres) dispuestas en cascada, que descienden hacia el ro, localizadas entre muros prefabricados y paseos perimetrales que se elevan hacia los bancales norte y sur, formados por muros de piedra que emulan las terrazas mediterrneas, donde se establece una vegetacin antropizada, mezcla de especies naturales con cierto aprovechamiento y frutales. Las tres zonas anteriores &ndash;Laberinto, Arboreto y Terrazas&ndash; estn encajadas a lo largo de dos paseos peatonales, al norte y al sur, y forman el Tronco del rbol; las recorren en direccin este-oeste, donde se localizan varias zonas estanciales. La denominada Fachada de las Crcavas constituye una zona estancial (caminos y superficies pavimentadas) y de paseo, prxima a la zona urbana del barrio del mismo nombre, con colinas plantadas de especies peninsulares (rboles, arbustos y matas) agrupadas por sus condiciones cromticas (floracin, color de la planta, cambios de color por estaciones) y mantenimiento de parcelas de olivos y almendros existentes en la zona. En la periferia del ncleo central del parque se sitan nueve aparcamientos, dos de ellos para autocares. Cuentan con alineaciones de rboles y parterres de separacin. Existen cuatro plazas de acceso a este ncleo del parque, que se localizan prximas o inmediatas a los aparcamientos: al noroeste, al oeste, al suroeste y al sureste (la ltima denominada principal, cercana tambin a la estacin de cercanas de Valdebebas). En ellas destacan las prgolas de madera y los pavimentos de hormign impreso y, en menor medida, las superficies ajardinadas. El Ro lo constituye una depresin que atraviesa de norte a sur el parque en su zona centro oriental. En la vaguada se presentan formaciones vegetales asociadas a los cauces de agua, donde se reproduce un cauce ornamental, en la vaguada donde discurra o aun discurre el arroyo estacional de Valdehiguera, tributario del arroyo de Valdebebas. La atraviesan dos pasarelas de estructura metlica, y pavimento y barandillas de madera, de aproximadamente 200 metros de largo cada una de ellas, que prolongan los paseos norte y sur del Tronco hacia el este salvando la vaguada del Ro. En el permetro este de la vaguada se localizan los dos depsitos de agua regenerada que alimentan el parque. En una de las laderas varios grandes toboganes forman parte de una original rea infantil. En el interior de la Copa, cerca del arboreto se levanta una imagen de madera, denominada &uml;Virgen del Abrazo&rdquo;, del escultor Jess Arvalo, protegida de la intemperie por una cubierta de madera. Este parque est unido sin solucin de continuidad por su cara este al Parque Princesa Leonor, a travs de una vaguada, combinando reas de jardinera urbana y carcter forestal con una zona ms agraria. Todo el espacio se organiza en varias zonas, mayoritariamente de carcter forestal, aunque tambin incorpora reas de jardinera urbana. Estas zonas se describen en el apartado 'informacin relacionada'. En el Centro de Educacin Ambiental Princesa Leonor se realizan diversas actividades de educacin ambiental.","Horario general: Primavera (del 2 de marzo al 31 de mayo): de 8:00 a 20:30 horas Verano (del 1 de junio al 14 de octubre): de 8:00 a 22:00 horas Invierno (del 15 de octubre al 1 de marzo): de 9:00 a 18:30 horas Las puertas 0, 13, 14 y 20 tienen un horario ms ampliado: de junio a septiembre de 7:00 a 1:00 horas de octubre a mayo: viernes y sbado de 7:00 a 24:00 horas resto de la semana de 7:00 a 23:00 horas",Zonas infantiles Zona canina Cicuito de patinaje Tirolina Mirador,"Bus: 174 y SE 799. Servicio Bicimad, para consultar la estacin ms cercana, acceda al mapa de geolocalizacin de las estaciones.","Conservacin: Direccin General de Zonas Verdes, Limpieza y Residuos. rea de Gobierno de Medio Ambiente y Movilidad. Plantaciones: Copa y Campo Abierto. Contiene la representacin de cinco ecosistemas del centro peninsular: Sistema Ibrico, Montes de Toledo, Sistema Central, La Alcarria y La Mancha.Copa:rboles: 56.413 pies de 112 especies.Arbustivas y matorrales 122.624 pies de 137 especies.Campo Abierto:rboles: 263 pies de 34 especies.Arbustivas y matorrales 67.944 pies de 80 especies. Las Terrazas. rboles: 1.100 pies de 24 especies.Arbustivas y matorrales 9.817 pies de 3 especies. Fachada urbana de Crcavas. rboles: 673 pies de 37 especies.Arbustivas y matorrales 43.737 pies de 42 especies. Arboreto. rboles: 256 pies de 36 especies.Arbustivas y matorrales 14.899 pies de 21 especies. Zonas perifricas. rboles: 245.436 pies de 9 especies.Arbustivas y matorrales 36.700 pies de 2 especies. Plazas de acceso. rboles: 465 pies de 19 especies.Arbustivas y matorrales 1.140 pies de 15 especies. Aparcamientos. rboles: 5.364 pies de 3 especies.Arbustivas y matorrales 18.795 pies de 6 especies.",2,http://www.madrid.es/sites/v/index.jsp?vgnextchannel=bfa48ab43d6bb410VgnVCM100000171f5a0aRCRD&vgnextoid=65eda830bd9eb410VgnVCM2000000c205a0aRCRD,LAS FUERZAS ARMADAS,AVENIDA,V,11,,,,,MADRID,MADRID,28055,6,VALDEFUENTES,16,HORTALEZA,445636,4481782,40.48494412599755,-3.641451621738692,,,,/contenido/entidadesYorganismos/ParquesJardines/ParquesForestales
5968930,Parque Flix Rodrguez de la Fuente,"El Parque Flix Rodrguez de la Fuente, dedicado al reconocido naturalista y divulgador ambiental, alberga un grupo escultrico en su honor. Este espacio est delimitado por la M-30, la avenida Ramn y Cajal y la calle Padre Claret. Este parque se vio muy afectado por la nevada de la borrasca 'Filomena' en enero de 2021, por lo que en 2022 se procedi a una importante rehabilitacin. Albergaba bosquetes de pinos y chopos y amplias zonas terrizas, as como equipamiento deportivo y zonas infantiles, adems del grupo escultrico. La remodelacin integral incluy la ampliacin y mejora del alumbrado, la mejora de caminos, la plantacin de diversas especies arbreas, la actuacin en las zonas caninas y la instalacin de nuevos elementos de ejercicio para mayores, adems de instalacin de riego. Entre sus instalaciones, destacan amplias zonas terrizas con bancos y mesas de picnic, reas deportivas equipadas para la prctica de calistenia, una pista de skate y una zona de juegos infantiles delimitada para mayor seguridad de la infancia.",,Zonas infantiles Zonas deportivas Circuito Biosaludable,"Metro: Avenida la Paz (lnea 4) Bus: 9 , 72 , 73 , 120 Servicio Bicimad, para consultar la estacin ms cercana, acceda al mapa de geolocalizacin de las estaciones.","Conservacin: Direccin General de Gestin del Agua y Zonas Verdes, rea de Gobierno de Medio Ambiente y Movilidad. Superficie: 14.746 .m&sup2; Vegetacin predominante: Ejemplares arbreos: pino pionero (Pinus pinea), lamo plateado (Populus alba), olmo de Siberia (Ulmus pumila) y chopo negro (Populus nigra). Arbustos: tuya occidental (Thuja occidentalis). Macizos arbustivos: lirios (Iris spp.), celinda (Philadelphus spp.) y espirea (Spiraea spp.).",2,http://www.madrid.es/sites/v/index.jsp?vgnextchannel=bfa48ab43d6bb410VgnVCM100000171f5a0aRCRD&vgnextoid=f1b7e63d0384e210VgnVCM1000000b205a0aRCRD,PADRE CLARET,CALLE,V,38,,,,,MADRID,MADRID,28002,2,PROSPERIDAD,5,CHAMARTIN,443583,4478145,40.45205238274073,-3.6653500732558792,,,,/contenido/entidadesYorganismos/ParquesJardines
5982998,Parque General Fanjul - Santa Margarita,"El Parque General Fanjul - Santa Margarita se caracteriza por su forma lineal, que alberga amplias reas de terrizo, praderas verdes y un notable arbolado que otorga frescura al entorno. El parque ofrece diversas zonas de sombra y descanso, equipadas con bancos y mesas de juego. Adems, dispone de una pista de ftbol sala, un pequeo quiosco, varias zonas de juegos infantiles y un rea de ejercicio para personas mayores. En su interior, tambin se erige un monumento en homenaje a Clara Campoamor. Aunque modesto, es un espacio muy apreciado por los vecinos, perfecto para desconectar, reunirse y practicar deporte.",,Zonas infantiles Zonas de mayores Instalaciones deportivas Monumento,"Bus: 17, 34, 39, 117, 139 Renfe: Las guilas Servicio Bicimad, para consultar la estacin ms cercana, acceda al mapa de geolocalizacin de las estaciones.","Conservacin: Direccin General de Gestin del Agua y Zonas Verdes. rea de Gobierno de Medio Ambiente y Movilidad. Superficie: 12.166 m&sup2;. Vegetacin predominante: Ejemplares arbreos: Olmo de Siberia (Ulmus pumila), Ciruelo rojo (Prunus cerasifera), Aligustre del Japn (Ligustrum japonicum) y rbol del paraso (Elaeagnus angustifolia). Arbustos: Laurel cerezo (Prunus laurocerasus). Macizos arbustivos: Adelfa (Nerium oleander), Junpero horizontal (Juniperus horizontalis) y Espino de fuego (Pyracantha coccinea).",2,http://www.madrid.es/sites/v/index.jsp?vgnextchannel=bfa48ab43d6bb410VgnVCM100000171f5a0aRCRD&vgnextoid=972c17fe7c08e210VgnVCM1000000b205a0aRCRD,DE LAS GUILAS,AVENIDA,V,144,,,,,MADRID,MADRID,28044,7,LAS AGUILAS,10,LATINA,433494,4470268,40.38033890061462,-3.7834984766161837,,,,/contenido/entidadesYorganismos/ParquesJardines
6004533,Parque Hortaleza,"El Parque de Hortaleza, de diseo alargado y dispuesto en diferentes niveles, se encuentra ubicado junto a la M-11. Este espacio verde cuenta con variados paseos de terrizo, flanqueados por rboles que aportan sombra y frescura, creando agradables zonas de estancia. Parte del parque est aislado de la M-11 con una pantalla. Adems, el parque dispone de un carril bici que lo atraviesa, flanqueado por una pantalla verde lineal de chopos, proporcionando un recorrido atractivo gracias a la abundante vegetacin. Aparecen tambin zonas estanciales y reas de pradera natural o de csped compartidas con diferentes arbustos. En cuanto a especies arbreas, adems de los mencionados chopos, existen melias, pltanos de sombra, pinos, olmos y cedros, entre otros. El parque tambin est equipado con diversas instalaciones deportivas, como pistas polideportivas, zonas caninas y zonas de juegos infantiles delimitadas, lo que lo convierte en un lugar idneo para la prctica de actividades fsicas y recreativas. En sus proximidades se encuentra un amplio aparcamiento de tierra, donde cada domingo se organiza un mercadillo de barrio que contribuye a la animacin del entorno. En 2007, el parque experiment una importante remodelacin, que incluy la mejora de los caminos interiores y la actualizacin de la red de drenaje, lo que ha optimizado su funcionalidad y accesibilidad. A lo largo de los aos, ha recibido diversas denominaciones, como Parque de la Loma del Viento y Parque de Santa Adela.",,Zonas infantiles Zonas caninas Instalaciones deportivas,"Bus: 7 , 9 , 29 , 72 , 87 , 107 , 129 , 172 , 172SF Servicio Bicimad, para consultar la estacin ms cercana, acceda al mapa de geolocalizacin de las estaciones.","Conservacin: Direccin General de Gestin del Agua y Zonas Verdes. rea de Gobierno de Medio Ambiente y Movilidad. Superficie. 62.863 m&sup2;. Vegetacin predominante: rboles: Pltano de sombra (Platanus &times; hispanica), Chopo (Populus), Pino de Monterrey (Pinus radiata) y lamo blanco (Populus alba). Arbustos: Tuya gigante (Thuja plicata), Tuya oriental (Platycladus orientalis) y Forsitia (Forsythia). Macizos arbustivos: Adelfa (Nerium oleander), Junpero horizontal (Juniperus horizontalis) y Espino de fuego (Pyracantha coccinea).",2,http://www.madrid.es/sites/v/index.jsp?vgnextchannel=bfa48ab43d6bb410VgnVCM100000171f5a0aRCRD&vgnextoid=b482c897848de210VgnVCM1000000b205a0aRCRD,ESTACION DE HORTALEZA,CARRETERA,V,18,,,,,MADRID,MADRID,28033,4,PINAR DEL REY,16,HORTALEZA,444838,4481265,40.48024318499327,-3.650809942180937,,,,/contenido/entidadesYorganismos/ParquesJardines
50221073,Parque Huerta de la Salud,"El parque Huerta de la Salud ocupa algo ms de una hectrea y media, aproximadamente un tercio de la superficie que tena la finca original (Quinta de la Huerta de Salud). La construccin de la Urbanizacin Virgen de la Salud ocup parte del espacio perdido. El parque est cerrado perimetralmente y en su interior se ubican varios edificios de uso pblico: el Silo (hoy sala de exposiciones), una Biblioteca Municipal y, en el mismo inmueble, un Centro de Mayores y un Centro Sociocultural. El espacio se organiza mediante paseos rectilneos pavimentados que delimitan zonas terrizas y reas de csped y vegetacin, con distintos tramos de escaleras de obra que salvan los desniveles. La vegetacin combina grandes ejemplares de olivo, pino pionero, arce negundo o ciruelo rojo con alineaciones de chopo boleana y pltano de sombra, generando una composicin de aspecto geomtrico. En las praderas aparecen arbustos como cotoneaster, agracejo, adelfas, junperos y setos de aligustre. El parque cuenta adems con equipamiento deportivo, como un rea de calistenia y una pista de petanca. El elemento histrico ms destacado del parque es una puerta monumental de granito, la pieza ms antigua conservada. Fue trasladada a su ubicacin actual en 1999 gracias a la donacin de los herederos de Antonia lvarez Herranz. Su restauracin implic la reposicin de piezas y un error en la fecha de la inscripcin original que figura errneamente como grabado en 1749. Se trata de un epigrama latino compuesto en 1744 por el poeta y acadmico Juan de Iriarte para el primer propietario de la finca, haciendo referencia a lo agradable de la vida de campo para el hombre de ciudad. La puerta conserva parte de sus elementos originales y se complementa con un monolito que conmemora su traslado y donacin. Entre las construcciones singulares, de poca ms reciente, destacan el silo de 1928 (uno de los primeros edificios de hormign armado en Espaa, hoy sala de exposiciones) y el antiguo pabelln porticado convertido en biblioteca. Completa el conjunto el estanque ornamental, hoy fuera de uso, heredero del antiguo abrevadero del ganado, ampliado con el tiempo hasta adoptar la compleja estructura de vasos comunicados que presenta en la actualidad.",,Sala de exposiciones (silo) Biblioteca pblica Centro de mayores Centro sociocultural,"Metro: Hortaleza (lnea 4), Parque de Santa Mara (lnea 4) y San Lorenzo (lnea 4) Bus: 9, 72, 107, N2 Servicio Bicimad, para consultar la estacin ms cercana, acceda al mapa de geolocalizacin de las estaciones.","Conservacin: Direccin General de Gestin del Agua y Zonas Verdes, rea de Gobierno de Medio Ambiente y Movilidad. Vegetacin predominante: rboles: Olivo (Olea europaea), Pino Pionero (Pinus pinea), Arce negundo (Acer negundo), Ciruelo rojo (Prunus cerasifera), Chopo boleana ( Populus alba Bolleana) y Pltano de sombra (Platanus &times; hispanica). Arbustos: Cotoneaster (Cotoneaster), Agracejo (Berberis vulgaris), Adelfa (Nerium oleander), Junpero (Juniperus) y setos de Aligustre (Ligustrum vulgare).",0,http://www.madrid.es/sites/v/index.jsp?vgnextchannel=bfa48ab43d6bb410VgnVCM100000171f5a0aRCRD&vgnextoid=9eff3ac92864c910VgnVCM100000891ecb1aRCRD,MAR DE LAS ANTILLAS,CALLE,v,8,,,,,MADRID,MADRID,28033,4,PINAR DEL REY,16,HORTALEZA,,,,,,,,
5981830,Parque Huerta del Obispo.,"El Parque Huerta del Obispo es un jardn que destaca por su integracin de espacios verdes y actividades recreativas. Situado entre taludes cubiertos de csped y el Instituto Celestino Mutis, el parque est poblado de especies como ciruelo rojo, pino pionero, falsa acacia y castao de Indias y de arbustivas cotoneaster, evonimo, taray, agracejo, fotinia, etc. A lo largo de un paseo principal que atraviesa el parque, se distribuyen zonas estanciales, pistas deportivas y zonas infantiles, todas ellas rodeadas por un frondoso dosel arbreo que proporciona sombra y frescor. La pradera de csped se ve interrumpida por macizos arbustivos de diversas especies que crean contrastes estacionales. Cabe resear que existe otro parque con igual nombre en el distrito de Tetun.",,Zonas infantiles Instalaciones deportivas,"Bus: 22 , 76 , 79 Servicio Bicimad, para consultar la estacin ms cercana, acceda al mapa de geolocalizacin de las estaciones.","Conservacin: Direccin General de Gestin del Agua y Zonas Verdes. rea de Gobierno de Medio Ambiente y Movilidad. Superficie: 131.611 m&sup2;. Vegetacin predominante: rboles: Ciruelo rojo (Prunus cerasifera), Pino pionero (Pinus pinea), Falsa acacia (Robinia pseudoacacia) y Castao de Indias (Aesculus hippocastanum). Arbustos: Griolera (Cotoneaster), Evonimo (Euonymus) y Taray (Tamarix gallica). Macizos arbustivos: Agracejo (Berberis vulgaris), Fotinia (Photinia) y Piracanta (Pyracantha).",2,http://www.madrid.es/sites/v/index.jsp?vgnextchannel=bfa48ab43d6bb410VgnVCM100000171f5a0aRCRD&vgnextoid=2899b20479b7e210VgnVCM2000000c205a0aRCRD,PALOMARES,CALLE,V,34,,,,,MADRID,MADRID,28021,,SAN ANDRES,,VILLAVERDE,439520,4466514,40.346980092315505,-3.712145719392749,,,,/contenido/entidadesYorganismos/ParquesJardines
5987836,Parque Juan Carlos I,"El Parque Juan Carlos I, inaugurado con motivo de Madrid Capital Europea de la Cultura 1992, es un parque multifuncional y turstico y es uno de los principales pulmones verdes de la ciudad. Es el tercero de Madrid por su dimensin, tras la Casa de Campo y el parque forestal Valdebebas-Felipe VI. Su diseo y creacin permitieron la recuperacin de una zona degrada, preservando un olivar centenario y convitindolo en un espacio repleto de detalles interesantes para el disfrute de sus visitantes. Se ubica en la zona denominado Campo de las Naciones, en las cercanas de IFEMA, entre la va Dubln, la avenida de Logroo y la M-40. Est cerrado perimetralmente y alberga una gran variedad de elementos y servicios que lo hacen nico, tales como una gran ra, un lago, varios estanques, un laberinto, paseos y puentes pintorescos, as como varias esculturas al aire libre. De estilo moderno, con progagonismo del arte y del abstracto, dispone de un anillo del que surgen diferentes elementos singulares, organizado en cuatro tramos, uno por cada estacin del ao. El tramo norte o Paseo de Invierno se compone de diferentes conferas, fesnos y algunos acebos. El tramo este o paseo de Primavera presenta castaos de indias, fresnos y olmos. El tramo sur o Paseo de Verano consta de tilos, arces y pinos, entre otros, y por ltimo, al oeste o Paseo de Otoo aparecen robles, lamos y liquidmbares. Destacan, adems, los jardines monotemticos, el Jardn de las Tres Culturas y la Estufa Fra, un invernculo nico en su estilo. Adems, ofrece una zona canina, reas de juegos infantiles, tanto clsicos como modernos, amplias praderas y colinas y estancias arboladas. El parque tambin cuenta con un auditorio y tres puntos de informacin y ofrece actvidades como el prstamo de bicicletas, pistas de pdel y un recorrido en tren por el parque. La informacin se encuentra en Sevicios y horarios generales. Desde aqu tambin se puede consultar informacin ms detallada de cada una de las zonas del parque. Adems se realizan otras actividades dentro del programa de actividades ambientales 'Habitat Madrid'. Este espacio est diseado para ser accesible, con rampas en las zonas principales del parque, todas con pendientes inferiores al 8%, facilitando el acceso a personas con movilidad reducida.",De junio a septiembre: Todos los das de 7 a 1 horas. De octubre a mayo: Viernes y sbados de 7 a 24 horas. Resto de la semana de 7 a 23 horas. Para ms informacin consultar 'Informacin detallada del Parque Juan Carlos I',Zonas infantiles Zonas de mayores Zonas caninas Instalaciones deportivas Puntos de informacin ambiental Auditorios Prstamo de bicicletas Para ms informacin consultar 'Informacin detallada del Parque Juan Carlos I',"Metro: Feria de Madrid (lnea 8) Bus: 104, 112, 122 Servicio Bicimad, para consultar la estacin ms cercana, acceda al mapa de geolocalizacin de las estaciones.","Conservacin: Direccin General de Gestin del Agua y Zonas Verdes. rea de Gobierno de Medio Ambiente y Movilidad. Superficie: 1.473.974 m&sup2;. Vegetacin predominante: rboles: Olivo (Olea europaea), Pino pionero ( Pinus pinea), Catalpa comn ( Catalpa bignonioides), Ciprs de Leyland ( Cupressocyparis leilandii), Sfora ( Sophora japonica), Fresno comn ( Fraxinus excelsior), Ciprs comn ( Cupressus sempervirens), Pltano de sombra ( Platanus hybrida), lamo blanco ( Populus alba) y Morera blanca ( Morus alba). Arbustos: Enebro rastrero ( Juniperus horizontalis ), Griolera lechosa ( Cotoneaster lacteus), Hiedra ( Hedera helix), Fotinia ( Photinia serrulata), Adelfa ( Nerium oleander), Agracejo ( Berberis thunbergii), Rosas (Rosa), Taray ( Tamarix gallica), Olivilla ( Teucrium fruticans), Jazmn estrellado ( Trachelospermum jasminoides), Durillo ( Viburnum tinus), Abelia ( Abelia grandiflora), Pitosporo ( Pittosporum tobira ), Celinda ( Philadelphus coronarius), Rosa de Siria ( Hibiscus syriacus), Fotinia de hoja roja ( Photinia x fraseri), Romero ( Rosmarinus officinalis) y Espino de fuego ( Pyracantha coccinea). Horario Estufa Fra: De junio a septiembre: de 10 a 22 horas. De octubre a mayo: de 10 a 20 horas. Horario Fuente Tridimensional: De 15 de mayo al 15 de septiembre: de 12 a 20 horas. De junio a septiembre: de 13 a 19 horas. Horario Fuentes: De octubre a mayo: de 13 a 18 horas.",2,http://www.madrid.es/sites/v/index.jsp?vgnextchannel=bfa48ab43d6bb410VgnVCM100000171f5a0aRCRD&vgnextoid=8d9a78a0dea9e210VgnVCM1000000b205a0aRCRD,"S.A.R. DON JUAN DE BORBON Y BATTEMBERG, 5",GLORIETA,V,5,,,,,MADRID 28042,MADRID,28042,5,CORRALEJOS,21,BARAJAS,447867,4478996,40.45999848510341,-3.6148888706303586,630 630 710 (actividades) (de lunes a viernes de 9 a 14 h),,parquejuancarlos@madrid.es,
5996223,Parque Juan Pablo II,"El Parque Juan Pablo II se encuentra situado entre el Pinar de Barajas, la Avenida del Papa Negro, las avenidas de las Piceas y de los Andes y la M-40, siendo atravesado por la Avenida de Machu Picchu. Inaugurado en sus dos primeras fases en mayo de 2007 por el entonces Alcalde de Madrid, Alberto Ruz Gallardn, y en 2010 la tercera fase, es un parque multifuncional que ocupa una amplia extensin correspondiente a tres zonas principales: la zona estancial, la temtica y la deportiva, y una cuarta zona forestal. El diseo del parque pretende ser ejemplo de una jardinera sostenible con criterios y necesidades acordes a la creacin de zonas verdes de la actualidad y se debe a Federico Seplveda Gonzlez, que fue el mximo responsable de la Direccin General de Patrimonio Verde del Ayuntamiento de Madrid e impulsor de la jardinera pblica madrilea durante casi una dcada. En l se representan diferentes tipologas de jardines que se han ido sucediendo a lo largo de la historia. El agua es un elemento dominante en este espacio donde se optimiza su uso para conseguir un mantenimiento eficaz. La zona estancial, conocida como el Jardn del Sol y el Agua, se organiza a partir de la Plaza del Reloj de Sol, que constituye el centro y eje de un sistema de canales con estanques escalonados, caminos de geometras curvas, y plantaciones. En esta zona se encuentra tambin una vistosa prgola, zonas infantiles, una zona canina y un monumento de Juan Pablo II y la Virgen, denominado Camino de Santidad. Esta rea combina especies de flora mediterrnea tradicional, como el olivo, la vid y diversos frutales, con otras propias de la jardinera contempornea como tilos, moreras, almeces y liquidmbares, junto con diferentes arbustos como lavandas y romeros. La zona temtica, denominada Jardines Mediterrneos, ilustra la evolucin histrica de la jardinera de esta regin. En ella se encuentran representaciones alegricas del Jardn de Oriente Prximo, el Jardn Medieval, el Jardn rabe, el Palmeral y el Paraso, siendo el agua un elemento recurrente, presente en forma de juegos, riachuelos, canaletas y albercas, con uso racional y reutilizacin. La vegetacin de estas zonas se compone de diferentes arbustos, macizos de flor, huerto de aromticas y un variado arbolado compuesto de higueras, olivos, manzanos de flor, palmeras de Fortune, arces y fresnos, entre otros. En su extremo suroeste, que es la zona ms elevada, hay un pequeo mirador desde el que se puede disfrutar de las vistas del parque. Esta zona es conocida como Terrazas Mesopotmicas, en cuyas paredes hay diferentes relieves simblicos que representan distintas escenas de la historia mesopotmica o extractos del Poema de Gilgamesh escrito hacia el 2000 a.C., as como pequeos jardines colgantes. Existen tambin en esta rea zonas infantiles afines a la temtica. En cuanto a la zona deportiva, destaca un campo de rugby profesional con csped artificial, as como varias pistas de pdel, sin dejar de lado la lmina ornamental y las reas ajardinadas que completan el entorno, con un diseo geomtrico de lneas rectas y de forma cuadrada con distintos setos arbustivos y un pequeo estanque con la misma geometra sobre una plataforma llana. En su extremo se sita una zona forestal, denominada zona didctica en el proyecto original, correspondiendo a la cuarta fase, aunque los elementos didcticos nunca se llegaron a ejecutar. Es un pinar de pino carrasco y pionero, repoblado en 1995 que se completa la totalidad del parque Juan Pablo II. La superficie del parque posee un carril-bici que recorre toda su extensin. Un monolito conmemorativo en el parque lleva inscrita una frase de Juan Pablo II: 'Con mis brazos abiertos os llevo a todos en el corazn', dedicada al pueblo de Madrid en ocasin de su visita en el ao 2003. Este parque, de diseo armonioso y accesible, ofrece mltiples posibilidades para el ocio y el descanso, convirtindose en un espacio idneo para la recreacin y el esparcimiento de sus visitantes. Existe tambin en la zona estancial un monolito que recuerda al mencionado Federico Seplveda.",Abierto de 7 a 23 horas.,Zonas infantiles Zonas caninas Instalaciones deportivas Carril bici,"Bus: 112 , 122 Servicio Bicimad, para consultar la estacin ms cercana, acceda al mapa de geolocalizacin de las estaciones.","Conservacin: Direccin General de Gestin del Agua y Zonas Verdes. rea de Gobierno de Medio Ambiente y Movilidad. Superficie: 104.100 m&sup2;. Vegetacin predominante: rboles: Pino pionero (Pinus Pinea), Castao de Indias (Aesculus hippocastanum), Almez (Celtis australis), Almendro (Prunus dulcis) y Trachicarpo (Trachycarpus). Arbustos: Madroo (Arbutus unedo), Laurel (Laurus nobilis) y Ciprs de Lambert (Cupressus macrocarpa). Macizos arbustivos: Hiprico (Hypericum perforatum), Lavanda (Lavandula) y Romero (Salvia rosmarinus).",2,http://www.madrid.es/sites/v/index.jsp?vgnextchannel=bfa48ab43d6bb410VgnVCM100000171f5a0aRCRD&vgnextoid=ea452f20e2ebe210VgnVCM2000000c205a0aRCRD,MACHUPICHU,AVENIDA,V,1,,,,,MADRID,MADRID,28043,2,PIOVERA,16,HORTALEZA,447131,4478496,40.45544764269407,-3.623539375307719,,,,/contenido/entidadesYorganismos/ParquesJardines
11040880,Parque Juan de la Cosa,"Parque modesto ubicado entre las calles Potos, Cochabamba y Vctor Andrs Belaunde. Es un espacio verde dedicado a Juan de la Cosa, navegante y cartgrafo espaol, que particip junto a Cristbal Coln en el descubrimiento de Amrica, y autor del primer mapa en el que aparece el continente americano. Dispone de una espacios ajardinados con un paseo de terrizo, un rea de cesped, una zona de juegos infantiles y alberga un pequeo bar/cafetera con terraza en su interior.",,Zonas infantiles,"Metro: lneas 8 y 9 (Colombia) Bus: 14, 7, 16, 29, 51","Conservacin: Direccin General de Gestin del Agua y Zonas Verdes, rea de Gobierno de Medio Ambiente. Superficie: 3.707 m&sup2;. Vegetacin predominante: Ejemplares arbreos: arce negundo (Acer negundo), ciruelo rojo (Prunus cerasifera), pino pionero (Pinus pinea) y cedro llorn (Cedrus deodara). Arbustos: No hay. Macizos arbustivos: especies diversas no especificadas.",2,http://www.madrid.es/sites/v/index.jsp?vgnextchannel=bfa48ab43d6bb410VgnVCM100000171f5a0aRCRD&vgnextoid=949c882879abd610VgnVCM1000001d4a900aRCRD,VICTOR ANDRES BELAUNDE,CALLE,V,1,,,,,MADRID,MADRID,28016,4,HISPANOAMERICA,5,CHAMARTIN,442411,4478397,40.45424210617104,-3.679171627391412,,,,
5978304,Parque La Via,"El Parque La Via es un espacio verde multifuncional diseado para ofrecer a la ciudadana una amplia variedad de actividades en un entorno agradable y dinmico. Sus distintos desniveles y reas estanciales se adaptan a diferentes usos. El parque est excelentemente equipado para la prctica de deportes, con instalaciones que incluyen una pista de baloncesto, una de ftbol sala, reas dedicadas a la petanca y mesas de ping-pong. Estas facilidades, agrupadas en una zona accesible y bien organizada, invitan a disfrutar del deporte al aire libre. Adems, los paseos que serpentean entre las praderas y las reas arboladas ofrecen un entorno ideal para caminar y relajarse. El parque cuenta con dos reas de juegos infantiles bien delimitadas, proporcionando un espacio seguro y entretenido para la infancia. La Via es un lugar perfecto para reunirse con la familia, compartir momentos con amistades o pasear tranquilamente con las mascotas, convirtindose en un punto de encuentro y esparcimiento todas las edades.",,Zonas infantiles Instalaciones deportivas,Bus: 102 Renfe: Asamblea de Madrid- Entrevas,"Conservacin: Direccin General de Gestin del Agua y Zonas Verdes. rea de Gobierno de Medio Ambiente y Movilidad. Superficie: 43.693 m&sup2;. Vegetacin predominante: rboles: Tuya oriental (Platycladus orientalis), Falso pltano (Acer pseudoplatanus), lamo plateado (Populus alba) y Arce negundo (Acer negundo). Arbustos: Enebro de Pfizer (Juniperus pfitzeriana), Retama (Retama) y Rosa de Siria (Hibiscus syriacus). Macizos arbustivos: Espino de fuego (Pyracantha coccinea), Enebro de Pfitzer (Juniperus pfitzeriana) y Adelfa (Nerium oleander).",2,http://www.madrid.es/sites/v/index.jsp?vgnextchannel=bfa48ab43d6bb410VgnVCM100000171f5a0aRCRD&vgnextoid=848eeef66907e210VgnVCM1000000b205a0aRCRD,TIMOTEO PEREZ RUBIO,CALLE,V,9,,,,,MADRID,MADRID,28053,1,ENTREVIAS,13,PUENTE DE VALLECAS,442766,4470771,40.38556774381467,-3.67430914572838,,,,/contenido/entidadesYorganismos/ParquesJardines
5984737,Parque Ladera de los Almendros,"El Parque Ladera de los Almendros es un parque periurbano que sirve de transicin entre las viviendas del barrio de Valdebernardo y la autopista M-40. Se caracteriza por un diseo que integra un paseo arbolado paralelo a la M-40. Adems, cuenta con una amplia zona estancial abierta y arbolada y en su superficie predominan las catalpas, almeces, acacias del Japn y pinos pioneros. El parque dispone de varias instalaciones para el disfrute de todos los pblicos: un rea de juegos infantiles, una zona de ejercicios para mayores y una zona canina.",,Zonas infantiles Zonas caninas,"Bus: 8 , 71 Servicio Bicimad, para consultar la estacin ms cercana, acceda al mapa de geolocalizacin de las estaciones.","Conservacin:Direccin General de Gestin del Agua y Zonas Verdes. rea de Gobierno de Medio Ambiente y Movilidad. Superficie: 24.086 m&sup2;. Vegetacin predominante: rboles: Catalpa (Catalpa), Almez (Celtis australis), Acacia del Japn (Styphnolobium japonicum) y Pino pionero (Pinus pinea). Arbustos: Hiedra (Hedera), Aligustre del Japn (Ligustrum japonicum) y Taray (Tamarix gallica).",2,http://www.madrid.es/sites/v/index.jsp?vgnextchannel=bfa48ab43d6bb410VgnVCM100000171f5a0aRCRD&vgnextoid=60d548147809e210VgnVCM2000000c205a0aRCRD,LADERA DE LOS ALMENDROS,CALLE,V,46,,,,,MADRID,MADRID,28032,2,VALDEBERNARDO,19,VICALVARO,,,40.39616431537003,-3.6261065047300303,,,,/contenido/entidadesYorganismos/ParquesJardines
50347224,Parque Lineal Manolito Gafotas,"El Parque Lineal Manolito Gafotas se ubica en el distrito de Carabanchel, en homenaje al conocido personaje de las novelas infantiles de Elvira Lindo, que relatan la vida cotidiana en Carabanchel Alto. Limita al norte con el PAU de Carabanchel, al sur con la M-40, al este con la Avenida de Carabanchel Alto y al oeste con la Carretera de la Fortuna. El parque ha sido renovado y reinaugurado en marzo de 2026, cuenta con una extensin de 116.133 m2 y su recorrido este-oeste una longitud cercana a 2,5 km que configura un espacio verde lineal que acompaa el borde del barrio. El parque combina recorridos peatonales y ciclistas con reas estanciales y espacios de uso recreativo, favoreciendo tanto el paseo como la actividad fsica. Su trazado se organiza mediante tres recorridos longitudinales: una senda urbana accesible que atraviesa el parque de este a oeste, una senda forestal peatonal de carcter naturalizado y con criterios de biodiversidad, y una senda ciclista bidireccional, segregada de las peatonales mediante elementos vegetales y cunetas vegetadas. La senda urbana accesible y la senda forestal peatonal entrelazan su recorrido y conectan con hitos de inters del parque como el mirador sobre la M-40. El parque dispone de diversas zonas destinadas al ocio y la convivencia, entre las que se incluyen dos reas de juegos infantiles accesibles, espacios de ejercicio para mayores, zonas de calistenia, petanca, merenderos con mesas de picnic, bancos forestales, un anfiteatro y un skate park con distintas reas de uso diferenciado (street-park, bowl y wave-park). Estos equipamientos se distribuyen a lo largo del recorrido, generando espacios de encuentro para diferentes perfiles de usuarios. La vegetacin presenta un carcter de espacio forestal urbano, con predominio de especies autctonas que contribuyen a mejorar las condiciones ambientales, favoreciendo la sombra, la reduccin del ruido y la integracin paisajstica reduciendo el impacto de la M-40. La presencia de arbolado y amplias plantaciones arbustivas permite la creacin de corredores ecolgicos que favorecen la biodiversidad y el desarrollo de fauna urbana, incorporando adems elementos de refugio para aves e insectos polinizadores. Incorpora tambin soluciones de drenaje sostenible, como cunetas vegetadas y sistemas de infiltracin, que mejoran la gestin del agua de lluvia y la permeabilidad del suelo, as como alumbrado LED tanto en la senda urbana como en las zonas recreativas. Entre sus elementos singulares destacan un mirador orientado hacia la M-40 y una zona de puesta en valor de restos arqueolgicos vinculados a antiguos usos del territorio, que permiten aproximarse a la historia del paisaje de Carabanchel.",,"Deporte y salud: reas de calistenia, petanca y ejercicio para mayores. Diversin e infancia: Zonas de juegos infantiles y pista de patinaje. Convivencia: Merenderos con sombra, pista de baile y parcelas para plantaciones vecinales. Naturaleza: Un mirador con zona estancial integrado en la senda forestal.",,"Conservacin: Direccin General de Gestin del Agua y Zonas Verdes, rea de Gobierno de Medio Ambiente y Movilidad. Superficie: 116.133 m&sup2;. Vegetacin predominante: Predomina la vegetacin de carcter mediterrneo, con especies autctonas adaptadas a las condiciones climticas de Madrid.",2,http://www.madrid.es/sites/v/index.jsp?vgnextchannel=bfa48ab43d6bb410VgnVCM100000171f5a0aRCRD&vgnextoid=a1a6d4259d20f910VgnVCM200000f921e388RCRD,Calle de la Torta/Calle de los Morales,CALLE,,,,,,,MADRID,MADRID,,,Buenavista,,CARABANCHEL,,,,,,,,
5977748,Parque Lineal de Palomeras,"El Parque Lineal de Palomeras es un extenso y verstil espacio verde que forma parte del recorrido del anillo verde de Madrid, ofreciendo una variada gama de actividades recreativas y deportivas en un entorno natural. Este parque se extiende linealmente a lo largo de la M-40, entre esta va y la calle Miguel Hernndez, con vastas praderas cubiertas por un denso arbolado que proporciona sombra y frescura, adems de diversas plazas estanciales ideales para el descanso y la convivencia. Est atravesado por la avenida de la Albufera. Conocido tambin como parque de las colinas, fue proyectado en 1982 por Manuel Paredes &ndash;arquitecto&ndash; y Leandro Silva &ndash;paisajista de origen uruguayo, autor de numerosos jardines y uno de los artfices de la restauracin del Real Jardn Botnico de Madrid realizada entre 1978 y 1981- y ejecutado en 1988. Al igual que otros parques de la poca, fue fruto de importantes reivindicaciones vecinales en los primeros aos de la democracia, jugando un papel particularmente decisivo la Asociacin Vecinal Palomeras Bajas, primera legalizada en Madrid tras la desaparicin del rgimen franquista. Una de las caractersticas ms distintivas del parque son sus dos lminas de agua dispuestas a modo de canal, que aportan un toque de serenidad al paisaje. A lo largo de su extensin, se distribuyen cuidadosamente mltiples reas de entretenimiento y deporte: desde zonas de juegos infantiles, tanto clsicos como ms dinmicos, hasta instalaciones deportivas como pistas de petanca, un skate park, una zona de patinaje, y reas de calistenia. Adems, dispone de una pista de ftbol, un rocdromo, y una cancha de baloncesto, as como un largo paseo de pltanos de sombra sobre un terreno de tierra, ideal para pasear en un ambiente fresco. El Parque Lineal de Palomeras es reconocido por su variada oferta de actividades al aire libre y por ser un punto de encuentro vibrante para el ocio y el deporte. Las lomas que se elevan y son visibles desde la M-40 aaden un elemento visual nico al parque, convirtindolo en un lugar perfecto para disfrutar de la naturaleza, mantener la actividad, relajarse y socializar.",,,"Bus: 54, 58, 103, 142, 143, 310 Metro: Miguel Hernndez Servicio Bicimad, para consultar la estacin ms cercana, acceda al mapa de geolocalizacin de las estaciones.","Conservacin: Direccin General de Gestin del Agua y Zonas Verdes. rea de Gobierno de Medio Ambiente y Movilidad. Superficie: 395.508 m&sup2;. Vegetacin predominante: rboles: Pltano de sombra (Platanus &times; hispanica), Arce negundo (Acer negundo), Falsa acacia (Robinia pseudoacacia) y Pino pionero (Pinus Pinea). Arbustos: Laurel Cerezo (Prunus laurocerasus), Romero (Salvia rosmarinus) y Retama (Retama). Macizos arbustivos: Romero (Salvia rosmarinus), Gayomba (Spartium junceum) y Tomillo (Thymus vulgaris).",2,http://www.madrid.es/sites/v/index.jsp?vgnextchannel=bfa48ab43d6bb410VgnVCM100000171f5a0aRCRD&vgnextoid=d757e2fa26c6e210VgnVCM2000000c205a0aRCRD,ALBUFERA,AVENIDA,V,293,,,,,MADRID,MADRID,28038,4,PALOMERAS SURESTE,13,PUENTE DE VALLECAS,445987,4470776,40.38581882868559,-3.6363631773029352,,,,/contenido/entidadesYorganismos/ParquesJardines
5987787,Parque Lineal del Manzanares (Usera - Pte de Vallecas),"El Parque Lineal del Manzanares, situado a ambos lados del ro Manzanares entre los distritos de Usera y Puente de Vallecas, fue diseado por el taller de arquitectura de Bofill. Es un espacio muy arquitecturizado, tanto las grandes avenidas peatonales o los conjuntos monumentales como los pequeos detalles, como el estilo de las barandillas, bancos o muretes. Est organizado en torno al curso del ro Manzanares, en un eje peatonal que recorre el parque en lnea recta como alternativa al curso del ro y a una trama ortogonal de caminos que conectan las diferentes reas del espacio. Cuenta con dos amplias zonas de aparcamiento, una de ellas situada en la calle Embajadores y la otra en Camino de Perales. El parque se estructura a travs del eje principal peatonal -el Paseo de los Sentidos- rodeado de olivos, que cruza el ro conectando ambas orillas, y en cuyos extremos se encuentran dos de los grandes conjuntos arquitectnicos del parque: el Auditorio y la Montaa. Un segundo eje (oblicuo al primero) distribuye una gran pirmide, la Atalaya (con vistas panormicas de Madrid) y una amplia extensin de pradera a sus pies. Al recorrer el parque de norte a sur, se pueden encontrar diversos puntos de inters: Plaza Verde: con forma de medialuna, en la que destaca un auditorio pensado y diseado para la celebracin de eventos culturales. Paseo de los Sentidos: bordeado de grandes rboles y una pasarela peatonal de gran tamao. Plazas cuadradas con laberintos, un umbrculo frondoso y dos fuentes con juegos de agua. Prgola: que aporta sombra y un ambiente agradable. La Atalaya: una montaa artificial formada por residuos de construccin y demolicin, coronada por la escultura 'La Dama del Manzanares', una obra del artista Manuel Valds, realizada en bronce y acero, dedicada al ro que atraviesa la ciudad. Esta escultura de 13 metros de altura se encuentra en la cima de un cerro artificial, diseado como mirador, que eleva la estructura 21 metros sobre el nivel del parque. rea de los Deportes, junto a los rboles Tecnolgicos: que incluye dos campos de ftbol, pistas polivalentes, una zona de juegos infantiles, vestuarios y aseos. La Pradera: una extensa zona de csped. Parque del Belvedere: con juegos infantiles y de petanca. La Montaa, tambin conocida como &ldquo;Cerro Coyote&rdquo;: un antiguo depsito de residuos sobre el que se llev a cabo una restauracin medioambiental con plantaciones de pinos y realizacin de caminos hasta la cima. El Parque Lineal del Manzanares cuenta tambin con interesantes miradores: tanto desde la Dama del del Manzanares como desde la Montaa, las vistas de Madrid son magnficas, de 360&ordm; poco usuales de Madrid, con espectaculares panormicas de la Sierra. Este parque no solo ofrece amplias zonas de esparcimiento y actividades deportivas, sino tambin un entorno natural y paisajstico que invita a la relajacin y el disfrute al aire libre.",En Otoo e Invierno: de 7 a 22 horas. En Primavera y Verano: de 7 a 24 horas (se inicia el fin de semana del cambio a horario de verano).,Zonas infantiles Zonas de mayores Zonas caninas Instalaciones deportivas Auditorios Senda botnica Mirador Circuito deportivo,"Metro: Doce de Octubre (lnea 3) Bus: 23 , 123 , 78 Servicio Bicimad, para consultar la estacin ms cercana, acceda al mapa de geolocalizacin de las estaciones.","Conservacin: Direccin General de Gestin del Agua y Zonas Verdes. rea de Gobierno de Medio Ambiente y Movilidad. Superficie: 447.342 m&sup2;. Vegetacin predominante: rboles: Pino pionero (Pinus pinea), Tilos (Tilia), Olivo (Olea europaea) y Pltanos de sombra (Platanus &times; hispanica). Arbustos: Sauzgatillo (Vitex agnus-castus), Abelia (Abelia) y Bamb dorado (Phyllostachys aurea). Macizos arbustivos: Hiedra (Hedera), Romero (Salvia rosmarinus) y Viburno (Viburnum).",2,http://www.madrid.es/sites/v/index.jsp?vgnextchannel=bfa48ab43d6bb410VgnVCM100000171f5a0aRCRD&vgnextoid=a0a4b0cedda9e210VgnVCM1000000b205a0aRCRD,PERALES,CAMINO,V,47,,,,,MADRID,MADRID,28026,4,ALMENDRALES,12,USERA,,,40.379745,-3.690042,,,,/contenido/entidadesYorganismos/ParquesJardines
6372574,Parque Madrid Ro,"El proyecto Madrid Ro naci en 2005 como parte de la reforma de la M-30 y el soterramiento de la autopista, transformando una de las principales arterias de la ciudad en un gran parque lineal a lo largo del ro Manzanares. Este parque, que se extiende desde el Puente de los Franceses hasta el Nudo Sur, con una prolongacin en el noroeste hacia la avenida de Portugal, constituye un espacio verde que integra naturaleza, deporte, cultura y ocio en un entorno nico, con ms de 6 kilmetros de longitud y una superficie de ms de 106 hectreas. La espina dorsal del parque es el Saln de Pinos, un paseo arbolado de 30 metros de ancho que recorre todo el parque, dando acceso a los seis grandes jardines que lo componen: Jardines Aniceto Marinas, Jardines de Virgen del Puerto, Jardines Bajos del Puente de Segovia, Jardines del Puente de Toledo, Parque de la Arganzuela y Matadero. A lo largo de su recorrido se encuentran monumentos, puentes, pasarelas, presas y fuentes ornamentales que aaden valor al paisaje. El agua es una constante en Madrid Ro, presente tanto en el ro Manzanares como en diversas fuentes y estanques que decoran el recorrido, como la fuente ornamental frente a la Casa de Vargas, denominada &ldquo;Fuente de la Buena suerte&rdquo; (el Ayuntamiento la gestiona dentro del mbito de Casa de Campo), los estanques en el Puente de Segovia y las fuentes en los jardines de Virgen del Puerto. En el Parque de la Arganzuela destaca la playa urbana, una de las ms originales del parque. Uno de los mayores atractivos del parque son sus puentes de nueva construccin, como el Puente Monumental de Arganzuela, diseado por Dominique Perrault, y los puentes gemelos de Matadero e Invernadero, con sus impresionantes bvedas decoradas con mosaicos de Daniel Canogar. Adems, el parque cuenta con el Puente del Principado de Andorra y el Puente Oblicuo, que se suman a los histricos puentes del Rey, de Segovia y de Toledo. Madrid Ro ofrece una gran variedad de instalaciones deportivas y recreativas. Con ms de 30 kilmetros de sendas ciclables, el parque incluye 33 pistas deportivas para patinaje, skate, escalada, ftbol, pdel, tenis, baloncesto y ciclismo BMX. Tambin cuenta con 18 reas de juegos infantiles, 3 circuitos biosaludables, 9 pistas de petanca y varias plataformas para eventos culturales ubicadas en puntos emblemticos como el Puente del Rey, el Parque de Arganzuela y el Matadero. El Centro de Interpretacin del Ro Manzanares ofrece una visin educativa sobre el entorno natural, mientras que el Complejo Cultural de Matadero Madrid y el futuro centro de remo amplan la oferta cultural y deportiva del parque. Madrid Ro es, sin duda, uno de los principales pulmones verdes de la ciudad y uno de los destinos ms recomendados para turistas y residentes por su gran diversidad de espacios, sus instalaciones deportivas, su rico patrimonio arquitectnico y su capacidad para conectar a los madrileos con la naturaleza en pleno corazn de la ciudad. Este parque se incluye entre las visitas recomendadas a turistas que visitan la ciudad, segn la web oficial de turismo de Madrid.",,"Zonas infantiles Jabales (C/ Ribera del Manzanares, 1) Bosque de Trepa (Junto Puente del Rey) Mikado (P&ordm; Marqus de Monistrol, 3) Jabales (P&ordm; de la Ermita del Santo, 8) Esqueleto (Av. Del Manzanares, 12) Columpios (Av. Del Manzanares, 44) Columpios (Bajo enlace Pirmides; Marqus de Vadillo, Margen derecha) Accesibilidad Universal (Frente a Pasarela de Bolas) Equilibrios (Av. Del Manzanares, 172) Tirolina (Av. Del Manzanares, 206) El Vado (C/ Antonio Lpez, 183) Bosque de Trepa (C/ Virgen del Puerto, 47) Columpios (Bajo enlace Pirmides; Marqus de Vadillo, Margen izquierda) Esqueleto (P&ordm; de Yeseras, 9) Toboganes (P&ordm; de Yeseras, 27) Barco Lapset (P&ordm; de Yeseras, 49) Tirolina (P&ordm; de la Chopera, 37) Columpios (C/ Embajadores, 314, en BMX) Zonas de mayores Zonas caninas Instalaciones deportivas Pistas de padel (P&ordm; Marqus de Monistrol, s/n) Petanca (San Pol de Mar) Petanca (Junto al Puente de San Isidro) Pistas polideportivas (Junto al Puente de San Isidro) Circuito biosaludable (Av.. del Manzanares, frente al Estadio Vicente Caldern) Rocdromo Roc 30 (Av. del Manzanares, 108) Pistas polideportivas (Pasaje de Montserrat, s/n) Petanca (P&ordm; de Yeseras, 29) Ftbol 11 y 7 (Parque de Arganzuela, junto Puente de Praga) Skatepark y Patinaje (P&ordm; de la Chopera, junto Puente de Praga) Pistas de padel y tenis (Av. Del Manzanares, junto Puente de Praga) Circuito biosaludable (Entre Puente de Praga y C/ San Graciano) Petanca (Frente al Invernadero de Arganzuela) Centro de Remo (Pasarela de la Princesa) Pistas polideportivas (C/ del Vado, s/n) Pista de baloncesto (C/ Ricardo Damas) Pista de BMX (C/ Embajadores, 316) Circuito biosaludable (C/ Embajadores, 314, en BMX) Puntos de informacin ambiental Auditorios Quioscos y cafeteras Caf. Bar Puente de Segovia (P&ordm; de la Ermita del Santo, 4) Caf. Bar Virgen del Puerto (P&ordm; Virgen del Puerto, 45) Cafetera Pasaje de Montserrat (Al norte del Pasaje de Montserrat) Quiosco de helados y bebidas (P&ordm; de las Yeseras, 31) Caf. Bar Playa (P&ordm; de las Yeseras, 41) Puentes, pasarelas y presas (de norte a sur) Puente de los Franceses Presa n&ordm; 3 Pasarela de Almuecar Presa n&ordm; 4 Pasarela histrica de Aniceto Marinas Puente del Rey Presa n&ordm; 5 Puente de Segovia Puente Oblicuo Presa n&ordm; 6 Pasarela del Principado de Andorra Puente de San Isidro Presa n&ordm; 7 Pontona Norte Puente de Toledo Pasarela del Canal Puente de Bolas Puente Monumental o Pasarela Perrault Pasarela de la Playa Presa n&ordm; 8 Puente de Praga Pasarela de Praga Puente del Invernadero Puente de Matadero Puente de la Princesa Pasarela de la Princesa Presa n&ordm; 9 Pasarela Nudo Sur","Metro: Prncipe Po (lnea 6 y 10), Puerta del ngel (lnea 6), Pirmides (lnea 5), Marqus de Vadillo (lnea 5), Legazpi (lnea 3 y 6) y Almendrales (lnea 3). RENFE: Prncipe Po, Pirmides. Aparcamiento Pblico (prximo): Paseo de Extremadura y Principe Pio. Servicio Bicimad, para consultar la estacin ms cercana, acceda al mapa de geolocalizacin de las estaciones.","Conservacin: Direccin General de Gestin del Agua y Zonas Verdes. rea de Gobierno de Medio Ambiente y Movilidad. Vegetacin predominante: rboles: Pino carrasco (Pinus halepensis), Pino pionero (Pinus pinea), Pltano de sombra (Platanus x hispanica) y Chopo negro (Populus nigra). Macizos arbustivos: Lavanda (Lavandula), Romero (Salvia rosmarinus), Pitosporo enano (Pittosporum tobira nana) y Aligustre del Japn (Ligustrum japonicum).",2,http://www.madrid.es/sites/v/index.jsp?vgnextchannel=bfa48ab43d6bb410VgnVCM100000171f5a0aRCRD&vgnextoid=4fec1d25e5356310VgnVCM2000000c205a0aRCRD,PASEO DE LAS YESERIAS,PASARELA HISTORICA,T,,,,,,MADRID,MADRID,,,,,DISTRITO,439532,4472193,40.39815439895114,-3.7125359439695975,,,,
5983740,Parque Martal-Dionisio Ridruejo,"El Parque Martal-Dionisio Ridruejo, uno de los ms apreciados en el barrio de Moratalaz, se distingue por sus amplias reas de csped arboladas y la belleza serena de su estanque, que invita a la relajacin y el disfrute del entorno. Este espacio verde cuenta con una red de anchos senderos que recorren el parque, haciendo que los paseos sean una experiencia placentera y revitalizante para vecindario y visitantes. Configuran parcelas de pradera con arbustos y arbolado, como cedros, olmos pumila, arces negundos, cipreses, catalpas, liquidmbares, ciruelos rojos, etc. Equipado con mltiples zonas recreativas, el parque dispone de reas de juegos infantiles, as como espacios deportivos que incluyen mesas de ping-pong y una pista de patinaje para los amantes del deporte al aire libre. Tambin se ha destinado una rea especfica para perros, donde las mascotas pueden correr y jugar libremente en un entorno seguro. Un detalle interesante del Parque Martal-Dionisio Ridruejo es la presencia de las antiguas vas de tren que, en su da, conectaban con Arganda del Rey y con todo el valle del Tajua en Guadalajara, recordando a sus visitantes una parte de la historia ferroviaria de la zona. Se conservan tambin en el parque restos de la sealizacin. La estacin de cabecera estaba en el Distrito de Retiro, junto a los Jardines del Buen Retiro, en Nio Jess, y atravesaba todo el distrito de Moratalaz, lo cual an se intuye en otros parques como en el parque Vandel. De este tren se deca, por su lentitud, 'el tren de Arganda, que pita ms que anda&rdquo;. Otra curiosidad reseable es que en 1985, en las casas colindantes al parque, en la calle Mrida, cay accidentalmente una bomba desactivada de un caza del ejrcito, causando serios desperfectos. Este parque es uno de los ms populares del distrito de Moratalaz. Rinde homenaje a Dionisio Ridruejo, poltico y escritor soriano que perteneci a la generacin del 36 y premiado en 1950 con el Premio Nacional de Literatura.",,Zonas infantiles Zonas de mayores Zonas caninas Instalaciones deportivas,"Bus: 32, 71 Servicio Bicimad, para consultar la estacin ms cercana, acceda al mapa de geolocalizacin de las estaciones.","Conservacin: Direccin General de Gestin del Agua y Zonas Verdes. rea de Gobierno de Medio Ambiente y Movilidad. Superficie: 33.639 m&sup2;. Vegetacin predominantes: rboles: Platano de sombra (Platanus &times; hispanica), Cerezo ciruelo (Prunus cerasifera), Pino pionero (Pinus Pinea) y Olmo de siberia (Ulmus pumila). Arbustos: Tuya oriental (Platycladus orientalis), Espino de fuego (Pyracantha coccinea) y Mahonia (Mahonia). Macizos arbustivos: Adelfa (Nerium oleander), Durillo (Viburnum tinus) y Spirea (Spiraea).",2,http://www.madrid.es/sites/v/index.jsp?vgnextchannel=bfa48ab43d6bb410VgnVCM100000171f5a0aRCRD&vgnextoid=f6719706b5f8e210VgnVCM2000000c205a0aRCRD,MOLINA DE SEGURA,CALLE,V,4,,,,,MADRID,MADRID,28030,3,MARROQUINA,14,MORATALAZ,445812,4473265,40.40824188658946,-3.6386309739526754,,,,/contenido/entidadesYorganismos/ParquesJardines
5963936,Parque Martin Luther King,"El Parque Martin Luther King es un parque urbano, situado de forma paralela a la M-30, que se caracteriza por su diseo alargado, ideal para el paseo. En uno de sus extremos, se encuentra un campo de ftbol de csped artificial y una pista de baloncesto. Adems, el parque dispone de dos reas con juegos infantiles y una pasarela que conecta con el distrito de Puente de Vallecas. Parte de la zona verde imita la ribera de un ro, con arbolado tpico de estas reas naturales. En el ao 2009 se llev a cabo una remodelacin integral del parque y en el ao 2020 se realizaron nuevas reformas, sustituyendo parte del mobiliario urbano, creando nuevas zonas estanciales y construyendo nuevas instalaciones deportivas e infantiles, con criterios de gestin sostenible del agua y supresin de barreras arquitectnicas.",,Zonas infantiles Instalaciones deportivas Auditorios,"Metro: Conde de Casal (lnea 6). Bus: 8 , 10 , 24 , 54 , 56 , 57 , 113 , 136, 141 , 148 , 310. Servicio Bicimad, para consultar la estacin ms cercana, acceda al mapa de geolocalizacin de las estaciones.","Conservacin: Direccin General de Gestin del Agua y Zonas Verdes, rea de Gobierno de Medio Ambiente y Movilidad. Superficie: 33.722 m&sup2;. Vegetacin predominante: Ejemplares arbreos: liquidmbar (Liquidambar styraciflua), ciprs de Leyland (Cupressus &times; leylandii), rbol de Jpiter (Lagerstroemia indica) y pino pionero (Pinus pinea). Arbustos: picea (Picea spp.) y picea azul (Picea pungens var. glauca). Macizos arbustivos: hierba doncella (Vinca spp.), adelfa (Nerium oleander), rosas (Rosa spp.) y fotinia (Photinia spp.).",2,http://www.madrid.es/sites/v/index.jsp?vgnextchannel=bfa48ab43d6bb410VgnVCM100000171f5a0aRCRD&vgnextoid=14ec3abc4be2e210VgnVCM1000000b205a0aRCRD,CERRO NEGRO,CALLE,V,1,,,,,MADRID,MADRID,28007,2,ADELFAS,3,RETIRO,443131,4472170,40.398195733324194,-3.6701340560704026,,,,/contenido/entidadesYorganismos/ParquesJardines
5965953,Parque Mirador de Tierno Galvn,"Este espacio completa junto con el Parque Enrique Tierno Galvn una gran superficie verde. Con un diseo muy caracterstico, de forma triangular, con paseos simtricos ajardinados y placetas estanciales, destaca por una pasarela que lo recorre en altura. Cuenta con una diversidad de especies arbustivas y arboreas. Es un lugar tranquilo en el que reunirse y pasear.",,,"Bus: 148 Servicio Bicimad, para consultar la estacin ms cercana, acceda al mapa de geolocalizacin de las estaciones.","Conservacin: Direccin General de Gestin del Agua y Zonas Verdes, rea de Gobierno de Medio Ambiente y Movilidad. Superficie: 22.202 m&sup2;. Vegetacin predominante: Ejemplares arbreos: Tilo de hojas grandes (Tilia platyphyllos), Pltano de sombra (Platanus &times; hispanica), Ciprs comn (Cupressus sempervirens) y rbol del amor (Cercis siliquastrum). Arbustos: Madroo (Arbutus unedo), Laurel Cerezo (Prunus laurocerasus) y Espino de fuego (Pyracantha spp.). Macizos arbustivos: Piracanta o Espino de fuego (Pyracantha spp.), Cotoneaster horizontal (Cotoneaster horizontalis) y Hiedra (Hedera spp.).",2,http://www.madrid.es/sites/v/index.jsp?vgnextchannel=bfa48ab43d6bb410VgnVCM100000171f5a0aRCRD&vgnextoid=5fd8433bf683e210VgnVCM1000000b205a0aRCRD,NEBULOSAS,CALLE,V,7,,,,,MADRID,MADRID,28045,5,DELICIAS,2,ARGANZUELA,441813,4471797,40.394735491209424,-3.6856299107811368,,,,/contenido/entidadesYorganismos/ParquesJardines
6006578,Parque Mirador de las Crcavas,"El Parque Mirador de las Crcavas se localiza a lo largo de la M-11, en el tramo comprendido entre las calles Gregorio Snchez Herrez y la calle Antonio Lpez Torres. Tal y como su nombre sugiere, el parque cuenta con un mirador situado en su punto ms elevado, desde el cual se disfruta de una vista panormica de la zona. Este mirador se encuentra en una plaza circular, en cuyo suelo se representa una rosa de los vientos, lo que aade un elemento simblico y atractivo al espacio. El parque tambin est dotado de diversas instalaciones deportivas y zonas de juegos infantiles, lo que lo convierte en un lugar adecuado para la prctica de actividades recreativas y deportivas. Una caracterstica destacada de este parque es la presencia de agrupaciones de dos especies arbreas poco comunes: Paulownia tomentosa y Zelkova serrata, que aportan una singularidad botnica al entorno.",,Zonas infantiles Instalaciones deportivas Mirador,"Bus: 87 Servicio Bicimad, para consultar la estacin ms cercana, acceda al mapa de geolocalizacin de las estaciones.","Conservacin: Direccin General de Gestin del Agua y Zonas Verdes. rea de Gobierno de Medio Ambiente y Movilidad. Superficie: 31.610 m&sup2;. Vegetacin predominante: rboles: Catalpa (Catalpa), Pino pionero (Pinus pinea), Ciprs comn (Cupressus sempervirens) y Aligustre del Japn (Ligustrum japonicum). Arbustos: Laurel cerezo (Prunus laurocerasus), Jara (Cistus) y Madroo (Arbutus unedo). Macizos arbustivos: Gayomba (Spartium junceum), Espino de fuego (Pyracantha coccinea) y Junpero horizontal (Juniperus horizontalis).",2,http://www.madrid.es/sites/v/index.jsp?vgnextchannel=bfa48ab43d6bb410VgnVCM100000171f5a0aRCRD&vgnextoid=fdbec6fde0dde210VgnVCM2000000c205a0aRCRD,RAFAELA APARICIO,CALLE,V,2,,,,,MADRID,MADRID,28055,6,VALDEFUENTES,16,HORTALEZA,446347,4481136,40.47917989766592,-3.6330084507532687,,,,/contenido/entidadesYorganismos/ParquesJardines
5983593,Parque Mujeres de Orcasitas,"El Parque Mujeres de Orcasitas es un importante espacio verde y deportivo en el barrio de Orcasitas, en el Distrito de Usera, que ha sido muy valorado por la comunidad local. Este parque, anteriormente conocido como el Parque de la Meseta de Orcasitas, adopt su nuevo nombre como parte de un gesto de empoderamiento comunitario, con el objetivo de reconocer y honrar el papel fundamental de las mujeres en la historia y el desarrollo del barrio. En la dcada de los 60, el barrio de la Meseta de Orcasitas surgi en terrenos previamente desocupados que pertenecan a Mara Orcasitas, marcando el comienzo de una comunidad donde las mujeres desempearon un rol esencial. En una poca en la que las viviendas eran comnmente objeto de derribo, las mujeres se erigieron como las principales defensoras del hogar, asumiendo la responsabilidad de la familia mientras los hombres trabajaban fuera. La iniciativa de cambiar el nombre al parque fue impulsada por la Mesa de Igualdad, LGTBI y Contra la Violencia de Gnero, junto con la Mesa Orcasitas PIBA del Foro Local de Usera, en reconocimiento a la significativa contribucin de las mujeres en la identidad del barrio. El parque se inici en 1982, en fases, y culmin en 1985. En 2000 se anexionaron terrenos ocupados hasta entonces por la fbrica Peugeot. En 2019 se realiz una importante mejora. El parque ocupa una gran extensin y ofrece un paseo perimetral que recorre toda su longitud. La variedad botnica es elevada. Presenta grandes ejemplares de pino pionero, pino carrasco y cedro sobre zonas de csped y terrizos, as como por tuya, pltano de sombra, chopo booleana, arce negundo, ciruelo rojo y almez. El parque carece prcticamente de arbustos, excepto algunos golpes de adelfas en la zona delimitada por la Ronda de las Cooperativas. En su interior, los visitantes pueden disfrutar de diversas instalaciones deportivas, como pistas de baloncesto y ftbol, as como reas dedicadas a juegos infantiles y una zona canina, lo que lo convierte en un espacio inclusivo y dinmico para la comunidad.",,Zonas infantiles Zonas caninas Instalaciones deportivas,"Bus: 60 Servicio Bicimad, para consultar la estacin ms cercana, acceda al mapa de geolocalizacin de las estaciones.","Conservacin:Direccin General de Gestin del Agua y Zonas Verdes. rea de Gobierno de Medio Ambiente y Movilidad. Superficie: 48.413 m&sup2;. Vegetacin predominante: rboles: Pltano de sombra (Platanus &times; hispanica), Pino pionero (Pinus pinea), Olmo comn (Ulmus minor) y Tuya oriental (Platycladus orientalis). Arbustos: Ciruelo rojo (Prunus cerasifera), Romero (Salvia rosmarinus) y Espino de fuego (Pyracantha coccinea). Macizos arbustivos: Espino de fuego (Pyracantha coccinea), Pitosporo (Pittosporum tobira) y Griolera (Cotoneaster).",2,http://www.madrid.es/sites/v/index.jsp?vgnextchannel=bfa48ab43d6bb410VgnVCM100000171f5a0aRCRD&vgnextoid=1f344f963318e210VgnVCM1000000b205a0aRCRD,COOPERATIVAS,RONDA,V,6,,,,,MADRID,MADRID,28041,1,ORCASITAS,12,USERA,439919,4468772,40.3673502443602,-3.7076605178679096,,,,/contenido/entidadesYorganismos/ParquesJardines
5998367,Parque Norte - Carmen Tagle,"El Ayuntamiento de Madrid construy este parque sobre un antiguo vertedero municipal, inaugurndose en 1978 con el nombre de Parque Norte. Entre los aos 2015 a 2017, se realizaron importantes mejoras en toda su extensin. En 2018 el nombre pas a ser oficialmente Parque Norte-Carmen Tagle en memoria de la fiscal de la Audiencia Nacional asesinada por la banda terrorista ETA en 1989. El Parque Norte-Carmen Tagle es una extensa zona verde que cuenta con un rea de pinar, perfectamente adaptada a la orografa de la regin. Su arbolado maduro ofrece bosquetes y agradables sombras a lo largo de sus diferentes trayectos y reas de descanso. En todo el parque, los visitantes pueden disfrutar de diversas instalaciones deportivas y sociales, como una pista de baloncesto, un rea de calistenia, merenderos, zonas de juegos infantiles y un rea canina. Adems, destaca una fuente-estanque y diversas esculturas y monumentos dispersos por el parque, as como la ubicacin de un centro cultural en su interior. Desde el parque, se pueden apreciar vistas del Cuatro Torres Business Area (CTBA) por encima del arbolado. Este lugar es muy valorado por el vecindario, siendo ideal para el ocio, la prctica deportiva y el descanso. Actualmente acoge 'El Beso', escultura de gran tamao realizada por Xu Hongfei, la primera obra de un artista chino instalada en nuestra ciudad, que el cantons ha donado a Madrid para celebrar la llegada del Ao del Dragn en 2024.",,Zonas infantiles Zonas de mayores rea canina Instalaciones deportivas Mirador,"Bus: 124, 137 Servicio Bicimad, para consultar la estacin ms cercana, acceda al mapa de geolocalizacin de las estaciones.","Conservacin: Direccin General de Gestin del Agua y Zonas Verdes. rea de Gobierno de Medio Ambiente y Movilidad. Superficie: 195.230 m&sup2;. Vegetacin predominantes : rboles: Pltano de sombra (Platanus x hispanica), olmo de Siberia (Ulmus pumila), pino pionero (Pinus pinea), ciruelo rojo (Prunus cerasifera). Arbustos: Laurel cerezo (Prunus laurocerasus), formio (Phormium spp.), griolera (Cotoneaster spp.). Macizos arbustivos: jazmines (Trachelospernum jasminoides y asiaticum), espino de fuego (Pyracantha coccinea), zarzamora (Rubus ulmifolius).",2,http://www.madrid.es/sites/v/index.jsp?vgnextchannel=bfa48ab43d6bb410VgnVCM100000171f5a0aRCRD&vgnextoid=10d3ed24a83ce210VgnVCM1000000b205a0aRCRD,ARZOBISPO MORCILLO,CALLE,V,7,,,,,MADRID,MADRID,28029,5,LA PAZ,8,FUENCARRAL-EL PARDO,441233,4481384,40.48106787416528,-3.6933504628706095,,,,/contenido/entidadesYorganismos/ParquesJardines
5997754,Parque Nudo Norte de Begoa,"Parque muy visible desde la M-30 con un gran talud de pradera. Tiene zonas infantiles a la salida del metro, lugares estanciales muy cmodos y campos de ftbol sala y baloncesto.",,Zonas infantiles Instalaciones deportivas,"Metro: Begoa (lnea 10) Bus: 124, 137 Servicio Bicimad, para consultar la estacin ms cercana, acceda al mapa de geolocalizacin de las estaciones.",Conservacin a cargo de: Direccin General de Gestin del Agua y Zonas Verdes. rea de Gobierno de Medio Ambiente y Movilidad Superficie. 21.071 m2 % Especies predominantes (nombre comn) con respecto a especies principales: rboles. N&ordm; total de unidades arbreas: 324Olmo de Siberia 22%Pino pionero 21%lamo plateado 16%Almez 8% Arbustos. N&ordm; total de unidades arbustivas: 9 Rosa de siria 33%Pita 33%Viburnos 11% Macizos arbustivos. Superficie de macizos arbustivos: 1.912 m2 Griolera 27%Espino de fuego 8%Romero 24%,2,http://www.madrid.es/sites/v/index.jsp?vgnextchannel=bfa48ab43d6bb410VgnVCM100000171f5a0aRCRD&vgnextoid=28588ffa023ce210VgnVCM1000000b205a0aRCRD,LLANO CASTELLANO,AVENIDA,V,1,,,,,MADRID,MADRID,28034,6,VALVERDE,8,FUENCARRAL-EL PARDO,441989,4481693,40.483895554775785,-3.6844715393162772,,,,/contenido/entidadesYorganismos/ParquesJardines
5983597,Parque Olof Palme,"El Parque Olof Palme recibe su nombre en homenaje al primer ministro sueco, destacado defensor del pacifismo, quien fue asesinado en 1986. En 1987 se inaugur el parque, que se cre sobre una colonia de pisos anteriormente demolida, situada en el llamado Cerro del Basurero. El parque est dividido en dos zonas claramente diferenciadas, separadas por la calle Cerecinos. El sector principal, situado entre la calle Cerecinos y la Avenida Rafaela Ybarra, se caracteriza por su amplia extensin de praderas de csped, zonas terrizas y reas infantiles, entre las que destaca un tobogn de tres pisos. Adems, cuenta con una zona canina, todas ellas interconectadas por caminos de adoqun y de zahorra. En el extremo norte de este sector, se encuentra un auditorio que, mediante varios tramos de escaleras, conecta con la fuente ornamental ubicada en el centro del parque, convirtindose en un punto de inters central. La segunda zona, ubicada entre la calle Cerecinos y la calle San Magn, est formada principalmente por grandes masas arbustivas que cubren gran parte del espacio terrizo. En el centro de esta rea, se dispone de una pequea zona estancial, mientras que las zonas infantiles y para mayores estn situadas cerca de la calle Cerecinos. El arbolado lo constituyen en su mayora pinos pioneros y pltanos de sombra, acompaados de otras especies como acacias del Japn y cedros. Este parque no solo ofrece un entorno de esparcimiento y recreo, sino que tambin rinde homenaje a un lder comprometido con la paz, integrando espacios para el disfrute de todas las edades. Destacan elementos patrimoniales como el monolito grantico en memoria de Olof Palme ubicado en el extremo sureste del parque, y una fuente octogonal, construida con murete de ladrillo vidriado. Pero quiz lo ms singular son los capiteles que remataban las columnas del primer monumento levantado en 1908 en la calle Mayor a las vctimas del atentado a Alfonso XIII el 31 de mayo de 1906, da de su boda con Victoria Eugenia. El resto del conjunto se encuentra depositado en los almacenes municipales. En 2007 se realizaron importantes obras de mejora en sus instalaciones, entre otras la renovacin de los juegos infantiles por otros nuevos sobre pavimento de caucho. En 2021 se iniciaron nuevas actuaciones de mejora integral en la mitad sur del parque.",,Zonas infantiles Zonas de mayores Zonas caninas,"Metro: Plaza Elptica (lnea 6 y 11) Bs: 47 , 60 , 81 , 247 Servicio Bicimad, para consultar la estacin ms cercana, acceda al mapa de geolocalizacin de las estaciones.","Conservacin: Direccin General de Gestin del Agua y Zonas Verdes. rea de Gobierno de Medio Ambiente y Movilidad. Superficie: 48.867 m&sup2;. Vegetacin predominante: rboles: Pino pionero (Pinus pinea), Pltano de sombra (Platanus &times; hispanica), Acacia del Japn (Styphnolobium japonicum) y Cedro llorn (Cedrus deodara). Arbustos: Espino de fuego (Pyracantha coccinea), Bonetero (Euonymus europaeus) y Adelfa (Nerium oleander). Macizos arbustivos: Vinca (Vinca), Taray (Tamarix gallica) y Espino de fuego (Pyracantha coccinea).",2,http://www.madrid.es/sites/v/index.jsp?vgnextchannel=bfa48ab43d6bb410VgnVCM100000171f5a0aRCRD&vgnextoid=5af9053c8718e210VgnVCM1000000b205a0aRCRD,CERECINOS,CALLE,V,1,,,,,MADRID,MADRID,28026,6,ZOFIO,12,USERA,439486,4470667,40.38439900273861,-3.7129519968429445,,,,/contenido/entidadesYorganismos/ParquesJardines
10965194,Parque Orlando Zapata Tamayo,"El Parque Orlando Zapata Tamayo es un parque urbano situado entre bloques de viviendas, delimitado por las calles Vctor de la Serna, Uruguay y Puerto Rico. Su nombre actual se debe a una propuesta vecinal en homenaje al disidente cubano Orlando Zapata Tamayo, quien falleci en 2010 tras realizar una huelga de hambre. El parque cuenta con varias zonas verdes ajardinadas, con una densa cobertura arbrea, y una placeta central que acta como punto de encuentro. Entre sus instalaciones se encuentran una zona de juegos infantiles clsicos, delimitada para mayor seguridad, una zona deportiva con algunas canastas, y un rea de ejercicios destinada a personas mayores. Anteriormente, el parque era conocido como Parque de Santa Marca.",,Zonas infantiles Zonas deportivas Cancha de baloncesto,"Metro: lneas 8 y 9 (Colombia) Bus: 52 Servicio Bicimad, para consultar la estacin ms cercana, acceda al mapa de geolocalizacin de las estaciones.","Conservacin: Direccin General de Gestin del Agua y Zonas Verdes, rea de Gobierno de Medio Ambiente. Superficie: 12.857 m&sup2;. Vegetacin predominante: Ejemplares arbreos: olmo de Siberia (Ulmus pumila), arce negundo (Acer negundo), pino pionero (Pinus pinea), acacia del Japn (Styphnolobium japonicum), cedro del Atlas (Cedrus atlantica) y acacia de tres espinas (Gleditsia triacanthos). Arbustos: presencia limitada, sin especies predominantes identificadas. Macizos arbustivos: especies diversas no especificadas.",2,http://www.madrid.es/sites/v/index.jsp?vgnextchannel=bfa48ab43d6bb410VgnVCM100000171f5a0aRCRD&vgnextoid=95b86c7fe412b610VgnVCM2000001f4a900aRCRD,URUGUAY,CALLE,V,6,,,,,MADRID,MADRID,28016,4,HISPANOAMERICA,5,CHAMARTIN,442825,4478479,40.455011305200735,-3.6743070613284736,,,,
5991690,Parque Paseo Marcelino Camacho,"El Parque Paseo Marcelino Camacho es una pequea zona ajardinada de carcter central, ubicada junto a la histrica Plaza de Toros de Vistalegre. Su jardinera incluye praderas, macizos arbustivos y agrupaciones de rboles que enriquecen el entorno. En este parque tambin se encuentran varias reas de descanso, principalmente pavimentadas, situadas alrededor de dos fuentes ornamentales de distintos tamaos y relevancia. Adems, el parque est equipado con una zona de juegos infantiles y un rea destinada a los perros, ofreciendo un espacio agradable para el disfrute de todos sus visitantes.",,Zonas infantiles Zonas caninas,"Bus: 34 , 35 Servicio Bicimad, para consultar la estacin ms cercana, acceda al mapa de geolocalizacin de las estaciones.","Conservacin: Direccin General de Gestin del Agua y Zonas Verdes. rea de Gobierno de Medio Ambiente. Superficie: 2.750 m&sup2;. Vegetacin predominante: rboles: Tilos (Tilia), Madroo (Arbutus), Liquidambar (Liquidambar) y Cedro llorn (Cedrus deodara). Macizos arbustivos: Bonetero rastrero (Euonymus fortunei), Enebro comn (Juniperus communis) y Sabina rastrera (Juniperus sabina).",2,http://www.madrid.es/sites/v/index.jsp?vgnextchannel=bfa48ab43d6bb410VgnVCM100000171f5a0aRCRD&vgnextoid=2bc1fe8cec3be210VgnVCM1000000b205a0aRCRD,MARCELINO CAMACHO,PASEO,V,6,,,,,MADRID,MADRID,28025,4,VISTA ALEGRE,11,CARABANCHEL,437204,4470763,40.385086008433305,-3.7398326701482016,,,,/contenido/entidadesYorganismos/ParquesJardines
5978254,Parque Payaso Fof,"El Parque Payaso Fof es un espacio verde con un diseo cuidadosamente organizado, que se distribuye en diversas alturas y taludes, creando un entorno dinmico y atractivo. Sus amplias praderas de csped estn intercaladas con largas alineaciones de rboles que proporcionan sombra y embellecen los paseos, haciendo de este lugar un refugio ideal para disfrutar de la naturaleza. El parque cuenta con una variedad de instalaciones que lo convierten en un destino perfecto para el ocio y la recreacin. Entre ellas, destacan una pista deportiva para practicar diferentes actividades, zonas de juegos infantiles y un rea canina que permite a las mascotas disfrutar en libertad. Adems, desde varios puntos del parque, se pueden admirar impresionantes vistas de la ciudad de Madrid. Junto a la calle Puerto de Costabona se erige el mirador Payaso Fof, que se integra en la red de miradores de Puente de Vallecas junto a otros como el de Entrevas, Azorn o Cerro del To Po. En su extremo sureste, se encuentra el complejo de pistas del Club de Tenis de Vallecas, que complementa la oferta deportiva del parque. Con su combinacin de naturaleza, deporte y reas de esparcimiento, el Parque Payaso Fof es un lugar idneo para pasear, disfrutar en familia o simplemente descansar en un entorno sereno y bien cuidado. El nombre del parque est dedicado a Alfonso Aragn Bermdez, conocido como Fof, miembro de 'Los payasos de la Tele', compaa familiar de payasos que realizaban el programa 'El gran Circo de TVE', de enorme xito, que se emiti entre 1972 y 1981 y que perdura en la memoria de varias generaciones de nios y nias.",,Zonas infantiles Zonas caninas Instalaciones deportivas,"Bus: 57, 136, 144, 310, 410. RENFE: Asamblea de Madrid - Entrevas. Servicio Bicimad, para consultar la estacin ms cercana, acceda al mapa de geolocalizacin de las estaciones.","Conservacin:Direccin General de Gestin del Agua yZonas Verdes. rea de Gobierno de Medio Ambiente y Movilidad. Superficie: 76.819 m&sup2;. Vegetacin predominantes: rboles: Castao de indias (Aesculus hippocastanum), Cerezo-ciruelo (Prunus cerasifera), Ciprs (Cupressus) y Chopo del Canad (Populus x canadensis). Arbustos: Frambueso (Rubus idaeus), Espino de fuego (Pyracantha coccinea) y Tilo (Tilia). Macizos arbustivos: Santolina (Santolina), Laurel (Laurus nobilis) y Agracejo (Berberis vulgaris).",2,http://www.madrid.es/sites/v/index.jsp?vgnextchannel=bfa48ab43d6bb410VgnVCM100000171f5a0aRCRD&vgnextoid=3cadb9566807e210VgnVCM1000000b205a0aRCRD,PAYASO FOFO,CALLE,V,11,,,,,MADRID,MADRID,28018,3,PALOMERAS BAJAS,13,PUENTE DE VALLECAS,443987,4471144,40.38901086962944,-3.6599692832803825,,,,/contenido/entidadesYorganismos/ParquesJardines
5966334,Parque Peuelas,"Uno de los parques urbanos ms visitados dentro del distrito de Arganzuela, con un caracterstico puente en su punto central. Este parque ofrece varias zonas ajardinadas con amplios paseos, reas de juegos infantiles y espacios de estancia equipados con numerosos bancos, lo que lo convierte en un lugar ideal para la relajacin y el esparcimiento. Adems, el parque cuenta con dos grandes zonas caninas, lo que permite que las personas propietarias de mascotas disfruten de un espacio adecuado para el esparcimiento de sus animales. Ubicado sobre un parking, el parque es un ejemplo de la integracin de diversas reas verdes en una ciudad cosmopolita como Madrid, proporcionando un respiro en medio del entorno urbano y fomentando la conexin de la ciudadana con la naturaleza.",,Zonas infantiles Zonas adulto mayor Zonas caninas,"Metro: Pirmides (lnea 5) Bus:18, 62 Servicio Bicimad, para consultar la estacin ms cercana, acceda al mapa de geolocalizacin de las estaciones.","Conservacin: Direccin General de Gestin del Agua y Zonas Verdes, rea de Gobierno de Medio Ambiente y Movilidad. Superficie: 27.401 m&sup2;. Vegetacin predominante: Ejemplares arbreos: Castao de indias (Aesculus hippocastanum), rbol del amor (Cercis siliquastrum), Arce (Acer spp.) y Palmera datilera (Phoenix dactylifera). Arbustos: Glicinia japonesa (Wisteria floribunda), Tuya (Thuja spp.) y Picea (Picea spp.). Macizos arbustivos: Taray (Tamarix spp.), Madroo (Arbutus unedo) y Genistas (Genista spp.).",2,http://www.madrid.es/sites/v/index.jsp?vgnextchannel=bfa48ab43d6bb410VgnVCM100000171f5a0aRCRD&vgnextoid=41b0a2aad983e210VgnVCM2000000c205a0aRCRD,GARGANTILLA,CALLE,V,2,,,,,MADRID,MADRID,28005,2,ACACIAS,2,ARGANZUELA,440265,4472283,40.39900396358797,-3.703926416750334,,,,/contenido/entidadesYorganismos/ParquesJardines
5995661,Parque Pinar de la Elipa,"El origen del Pinar de la Elipa se sita en los trabajos desarrollados por la Comisara General de Ordenacin Urbana de Madrid entre 1946 y 1952, siendo Alcalde de Madrid el Conde de Mayalde y el Jefe Nacional de Urbanismo Pedro Bidagor, autor del afamado Plan General de Ordenacin Urbana de Madrid de 1941, aprobado por ley en 1946. Estos trabajos tuvieron como objetivo, al decir de la poca, la redencin de los suburbios y la creacin de zonas verdes y, en este caso, la creacin de una masa verde para envolver el cementerio de Nuestra Seora de la Almudena, variando el paisaje de todo este sector de la ciudad mediante la plantacin de 50.000 pinos. La inauguracin del parque, en 1978, se retras debido a estar ligado a la construccin de la Avenida de la paz (M-30), mientras se esperaba a la inuguracin, permaneci cerrado con una valla y con cierto grado de abandono. Inicialmente era mayor que en la actualidad, perdiendo superficie debido a las construcciones que se sitan en su interior, como son dos centro educativos, el C.E.I.P. San Juan Bosco y el I.E.S. Francisco de Goya, as como el Club Social de Mayores de La Elipa. El Parque Pinar de la Elipa es un extenso espacio verde de carcter forestal, con el pino carrasco como especie principal, acompaado de pinos pioneros, cipreses, pequeas encinas, madroos, chopos, prunos, arces negundos entre otros, as como masas arbustivas. A travs de sus caminos serpenteantes y un carril bici bien integrado, este parque se ha convertido en un lugar muy popular para el paseo y la actividad al aire libre, tanto para residentes como para visitantes. El parque cuenta con diversas instalaciones. Entre las que se incluyen un rea de juegos infantiles delimitada, una zona canina para el esparcimiento de las mascotas y una pista de patinaje, que atraen tanto a familias como a deportistas. En su interior existe un huerto urbano comunitario, que ofrece una experiencia educativa y recreativa. Con unas vistas excepcionales del nudo de O'Donnell y del emblemtico Pirul, el Parque Pinar de la Elipa se presenta como un lugar perfecto para disfrutar de un picnic, practicar deporte o participar en diversas actividades al aire libre. Este parque se vio fuertemente afectado por el temporal Filomena en enero de 2021, como ocurri con la mayora de las masas forestales de la ciudad, por lo que a final de 2024 se han inicado intervenciones enfocadas en la biodiversidad y el confort de la ciudadana, con plantaciones de rboles y arbustos con especies que enriquecen la diversidad, rehabilitacin de los principales caminos y sendas y con sistemas de drenaje sostenible para gestionar la escorrenta y evitar la erosin del terreno.",,Zonas infantiles Instalaciones deportivas,"Bus: 28 , 71 , 110 , 113 , 210 Servicio Bicimad, para consultar la estacin ms cercana, acceda al mapa de geolocalizacin de las estaciones.","Conservacin:Direccin General de Gestin del Agua y Zonas Verdes. rea de Gobierno de Medio Ambiente y Movilidad. Superficie: 145.094 m&sup2;. Vegetacin predominante: rboles : Pino carrasco (Pinus halepensis), Pino pionero (Pinus pinea) y Encina (Quercus ilex).",2,http://www.madrid.es/sites/v/index.jsp?vgnextchannel=bfa48ab43d6bb410VgnVCM100000171f5a0aRCRD&vgnextoid=dd872e3d07cbe210VgnVCM2000000c205a0aRCRD,FELIX RODRIGUEZ DE LA FUENTE,CALLE,V,26,,,,,MADRID,MADRID,28017,1,VENTAS,15,CIUDAD LINEAL,444319,4474450,40.418806485625446,-3.6563469592354387,,,,/contenido/entidadesYorganismos/ParquesJardines
6007525,Parque Pinar del Rey,"El Parque Pinar del Rey presenta una forma triangular y est distribuido en tres niveles diferenciados. El primer nivel, el ms cercano a la glorieta Pilar Mir, alberga un pequeo bar con terraza, rodeado por una vegetacin destacada que incluye rboles como el ciruelo japons, en su variedad Pisardii, y la magnolia grandiflora. A continuacin, se encuentra el caracterstico auditorio al aire libre del parque, un espacio emblemtico que permite la celebracin de diversos eventos culturales. El segundo nivel se compone de una zona terriza flanqueada por una alineacin de castaos de indias, que aporta un sombreado agradable. En esta rea se instalan las casetas de feria durante las festividades de la primavera en el distrito de Hortaleza, convirtindola en un punto de encuentro y celebracin. Finalmente, el tercer nivel del parque alberga dos reas infantiles y numerosas mesas situadas bajo agrupaciones de pino pionero, creando un ambiente acogedor para el esparcimiento familiar. Esta zona est vinculada a la Zona Forestal de Pinar del Rey, por el que discurra el arroyo de las Caas, tributario del arroyo del Abroigal y vinculado a los viajes de agua de Madrid, que extiende el entorno natural del parque y enriquece la experiencia de quienes lo visitan. El origen del parque se debe a la Primera Fiesta del rbol documentada en Espaa, celebrada en Madrid el da 26 de marzo de 1896 en el Cerro del Centinela, hoy Pinar del Rey. El acto fue promovido por Ricardo Codornu, ingeniero de montes, que pasara a la historia como el &ldquo;Apstol del rbol&rdquo; por su dedicacin y defensa del medio ambiente y de los bosques, e impulsado por el arquitecto y diputado Mariano Belms. Fue organizado por el Ayuntamiento y la Diputacin y patrocinado por la reina regente Mara Cristina. Tuvo una gran acogida, con una afluencia estimada de ms de 40.000 personas. Ambos espacios verdes, el Parque Pinar del Rey y el Pinar del Rey propiamente dicho se vieron muy afectados por la borrasca Filomena en enero de 2021, por lo que el Ayuntamiento de Madrid abord un proyecto de reforma integral, cuya ejecucin, que se est realizando a caballo entre 2024 y 2025, no est exenta de polmica entre alguna de las asociaciones del distrito.",,Zonas infantiles Auditorios Cafetera con terraza,"Bus: 9 , 72 , 87 , 125 , 229 Servicio Bicimad, para consultar la estacin ms cercana, acceda al mapa de geolocalizacin de las estaciones.","Conservacin:Direccin General de Gestin del Agua y Zonas Verdes. rea de Gobierno de Medio Ambiente y Movilidad. Superficie: 30.720 m&sup2;. Vegetacin predominante: rboles: Pino pionero (), Castao de indias (), Ciruelo rojo () y Ciprs comn (). Arbustos: Fotinia (), Griolera () y Laurentino (). Macizos arbustivos: Espino de fuego (), Adelfa () y Junpero horizontal ().",2,http://www.madrid.es/sites/v/index.jsp?vgnextchannel=bfa48ab43d6bb410VgnVCM100000171f5a0aRCRD&vgnextoid=d53460fc97dde210VgnVCM2000000c205a0aRCRD,CANILLAS,CARRETERA,V,1,,,,,MADRID,MADRID,28043,3,CANILLAS,16,HORTALEZA,444414,4479404,40.463441129364256,-3.6556488853143465,,,,/contenido/entidadesYorganismos/ParquesJardines
5985975,Parque Plaza Chozas de Canales,"El Parque Plaza Chozas de Canales se encuentra en una zona de alto trnsito peatonal y se extiende alrededor de una fuente central, que constituye su elemento principal. Esta fuente est rodeada por un conjunto de rosales y praderas de csped, que se combinan con diversos macizos de arbustos de cotoneaster, junpero o fotinia, as como otros arbustos como griolera y viburno, creando contrastes cromticos y visuales de gran intensidad. Sus rboles principales son olmo de Siberia, almez, ciruelo rojo y arce. La zona estancial del parque alberga un rea de juegos infantiles, lo que, junto a los otros elementos y ornamentos del lugar, invita a la ciudadana a hacer una pausa y disfrutar del entorno. El diseo del parque ofrece un espacio agradable para el descanso y la recreacin en medio de la actividad urbana.",,Zonas infantiles,"Metro: Villaverde Bajo Cruce (lnea 3) Bus: 22, 59, 79, 85, 123, 130 Servicio Bicimad, para consultar la estacin ms cercana, acceda al mapa de geolocalizacin de las estaciones.","Conservacin: Direccin General de Gestin del Agua y Zonas Verdes. rea de Gobierno de Medio Ambiente y Movilidad. Superficie: 9.423 m&sup2;. Vegetacin predominante: rboles: Olmo de Siberia (Ulmus pumila), Almez (Celtis australis), Ciruelo rojo (Prunus cerasifera) y Arce (Acer). Arbustos: Griolera (Cotoneaster), Viburno (Viburnum), Ciruelo rojo (Prunus cerasifera) y Adelfa (Nerium oleander). Macizos arbustivos: Griolera ( Cotoneaster), Junipero horizontal (Juniperus horizontalis) y Fotinia (Photinia).",2,http://www.madrid.es/sites/v/index.jsp?vgnextchannel=bfa48ab43d6bb410VgnVCM100000171f5a0aRCRD&vgnextoid=4d56195e7559e210VgnVCM2000000c205a0aRCRD,VILLAVERDE A VALLECAS,CARRETERA,V,10,,,,,MADRID,MADRID,28021,4,LOS ROSALES,17,VILLAVERDE,441360,4467143,40.35277786522202,-3.6905392176697744,,,,/contenido/entidadesYorganismos/ParquesJardines
5986841,Parque Plaza Colonia Oroquieta,"El Parque Plaza Colonia Oroquieta se distingue por su distribucin de espacios, diseada especficamente para el disfrute y uso por parte de la ciudadana. El parque cuenta con diversas zonas estanciales, pistas deportivas y reas infantiles, que ocupan la mayor parte de su superficie, ofreciendo mltiples opciones para la recreacin y el deporte. El arbolado principal se compone de lamo blanco, aligustre del Japn, pino pionero y olmo de Siberia. Todo el permetro del parque est delimitado por una combinacin de setos, macizos arbustivos y praderas de csped, cuyos colores y texturas varan segn la estacin del ao, creando intensos contrastes visuales. Esta disposicin no solo favorece la funcionalidad del espacio, sino que tambin aporta un atractivo esttico, adaptndose a los cambios estacionales y proporcionando un ambiente agradable en cualquier poca del ao.",,Zonas infantiles Instalaciones deportivas,"Metro: Villaverde Cruce (lnea 3) Bus: 22, 59, 79, 85, 123, 130 Servicio Bicimad, para consultar la estacin ms cercana, acceda al mapa de geolocalizacin de las estaciones.","Conservacin: Direccin General de Gestin del Agua y Zonas Verdes. rea de Gobierno de Medio Ambiente y Movilidad. Superficie : 10.093 m&sup2;. Vegetacin predominante: rboles: lamo blanco (Populus alba), Aligustre del Japn (Ligustrum japonicum), Pino pionero (Pinus Pinea) y Olmo de Siberia (Ulmus pumila). Macizos arbustivos: Griolera ( Cotoneaster), Coronilla (Coronilla) y Piracanta (Pyracantha).",2,http://www.madrid.es/sites/v/index.jsp?vgnextchannel=bfa48ab43d6bb410VgnVCM100000171f5a0aRCRD&vgnextoid=920907ea5d99e210VgnVCM2000000c205a0aRCRD,VILLAVERDE A VALLECAS,CARRETERA,V,1,,B,,,MADRID,MADRID,28041,4,LOS ROSALES,17,VILLAVERDE,441255,4467101,40.35239211569256,-3.691771736219469,,,,/contenido/entidadesYorganismos/ParquesJardines
50215260,Parque Princesa Leonor,"El parque Princesa Leonor es contiguo al parque Forestal de Valdebebas-Felipe VI en su lado este, unidos sin solucin de continuidad por la vaguada que une a ambos y que forma la zona denominada 'el Ro' del parque Forestal de Valdebebas-Felipe VI. Se trata de una superficie de alrededor de 80 hectreas que estaba incluida en la superficie verde del desarrollo urbanstico y por diversas circunstancias se qued sin ejecutar hasta varios aos despus. Es una zona de transicin entre la urbanizacin y el parque forestal. En 2009 se convoc un concurso internacional de ideas para el diseo del Parque Central, organizado por el Ayuntamiento de Madrid, la Junta de Compensacin de Valdebebas, el Colegio Oficial de Arquitectos de Madrid y la Asociacin Espaola de Paisajistas. El proyecto ganador fue 'Sol y Sombra', diseado por Joao Ferreira Nunes, junto con Carlos Infante y la paisajista Bet Figueras. Se realiz a su vez en dos fases: la franja limtrofe con la urbanizacin, denominada fachada urbana de Valdebebas, que se ejecut en 2018, y otra ms naturalizada, en el interior del parque, que vino a denominarse inicialmente parque central o parque agrourbano, al incluir campos de cultivo en su diseo, y que se inaugur en marzo de 2023. El conjunto de ambos espacios se se denomina Parque Princesa Leonor, en honor a la Princesa Leonor de Borbn, actual Princesa de Asturias, por aprobacin en sesin plenaria municipal. La fachada urbana de Valdebebas est abierta completamente para su uso 24 horas al da y tiene una serie de muros (de hormign, de gaviones) que van formando diversos rincones y espacios a la vez que sirven de cerramiento del parque central, jardinera, una lmina de agua y un edificio que alberga los grupos de bombeo. El parque central se compone en tres unidades de paisaje: la dehesa, la ribera del arroyo y la zona agraria. En su interior se encuentran varios paseos peatonales, carril bici, miradores, zonas de ocio infantil y centro de informacin. Adems, se ha respetado la hidrologa natural de este espacio y la laguna situada en el punto bajo del mbito es alimentada por las escorrentas del arroyo de Valdefuentes, conduciendo las aguas de lluvia a la laguna, que conforma un hbitat de gran biodiversidad. Mltiples recorridos superan zonas con fuertes pendientes, dando la sensacin de estar en mitad del campo, con diez kilmetros de caminos y sendas peatonales y tres kilmetros de carril bici. Hay dos grandes miradores con vistas privilegiadas de Madrid y diversos equipamientos, incluyendo un espacio para huertos urbanos y dos reas de juegos infantiles. La zona agraria incluye parcelas para cultivos de secano y diversos frutales, con un marcado caracter educativo. En la dehesa predominan encinas y robles, en la ribera chopos, fresnos y sauces, y en la zona agrcola frutales.",,,"Bus: 171, 174 y SE 799. Servicio Bicimad, para consultar la estacin ms cercana, acceda al mapa de geolocalizacin de las estaciones.","Conservacin: Direccin General de Zonas Verdes, Limpieza y Residuos. rea de Gobierno de Medio Ambiente y Movilidad.",2,http://www.madrid.es/sites/v/index.jsp?vgnextchannel=bfa48ab43d6bb410VgnVCM100000171f5a0aRCRD&vgnextoid=36014060e132c910VgnVCM100000891ecb1aRCRD,MARA DE LAS MERCEDES DE BORBN,CALLE,V,186,,,,,MADRID,MADRID,28055,6,VALDEFUENTES,16,HORTALEZA,,,,,,,,
5985750,Parque Quinta de los Molinos,"El origen de esta quinta se remonta a comienzos del siglo XX, con la adquisicin de la primera de las parcelas que ms tarde conformaran la finca, por parte de D. Cesar Cort Bot, un prestigioso ingeniero y arquitecto, catedrtico de la Escuela Superior de Arquitectura de Madrid y concejal del Ayuntamiento de Madrid, que fue adquiriendo ms parcelas hasta conformar un espacio de casi 30 hectreas. Cort fue un profesional dedicado principalmente al urbanismo, amigo y seguidor de Arturo Soria, que desarroll diversas teoras urbansticas sobre el trnsito de la ciudad al campo y que plasm en varias publicaciones. Precisamente, en la Quinta de los Molinos puso en prctica algunas de sus concepciones urbansticas. El Parque Quinta de los Molinos, originalmente finca de recreo rstico urbana con zonas de explotacin agrcola y con un marcado carcter mediterrneo, con el tiempo, se ha transformado en un espacio urbano de gran valor histrico y natural. La finca, que incluye elementos arquitectnicos de elevado inters, est incluido con nivel 1 de proteccin en el Catlogo de Parques Histricos y Jardines de Inters. Limita con la calle Alcal al sur, la calle Juan Ignacio Luca de Tena al norte, la Avenida 25 de Septiembre al este y la calle Miami al oeste, y est cerrado en su totalidad por un permetro de cercas y dispone de cinco puertas de acceso. El parque es especialmente conocido por sus almendros, que en los meses de febrero y marzo ofrecen un espectculo visual impresionante con su floracin, siendo uno de los mayores atractivos del parque. Pero tiene tambin otras extensiones de arbolado, donde destacan diversas especies como olivos, pinos carrascos, cipreses, cedros, pltanos, tilos, eucaliptos y arbustos como lilos y rosales. El diseo del parque se divide en dos zonas diferenciadas: La zona norte, que sigue un estilo paisajista romntico mediterrneo, con caminos sinuosos, jardines cuidados y una gran variedad de rboles ornamentales, arbustos y planta de flor. Dispone de praderas, paseos curvos, estanques y fuentes. En esta zona estn los edificios del Palacete estilo secesin vienesa, la Casa del Reloj, el Invernadero, los Molinos o la pista de tenis. La zona sur, que tiene un carcter ms agrcola, conservando vestigios de su pasado, con espacios ms abiertos y sencillos, pero igualmente interesantes. Es esta zona estn los conocidos almendros, plantados al tresbolillo, que ofrecen el espectculo floral a finla de invierno o principios de primavera. La superficie de almendros est conformada en cuarteles con distintas variedades, separados entre s por grandes rboles que les protegen del viento, con una serie de pasos peatonales. La Quinta de los Molinos ha sido declarada Bien de Inters Cultural de la Comunidad de Madrid en la categora de Conjunto Histrico por el Decreto 71/2025, de 3 de septiembre, del Consejo de Gobierno. Figura en el PGOUM 1997 como 'Jardn Histrico' Figura en el Catlogo de Parques Histricos y Jardines de Inters del PGOUM con nivel 1",De 6:30 a 22 horas (durante todo el ao),Zonas de mayores Instalaciones deportivas,"Metro: Suanzes (lnea 5) Bus: 77, 104, 105, L5 Servicio Bicimad, para consultar la estacin ms cercana, acceda al mapa de geolocalizacin de las estaciones.","Conservacin: Direccin General de Gestin del Agua y Zonas Verdes. rea de Gobierno de Medio Ambiente y Movilidad. Superficie: 212.619 m&sup2;. Vegetacin predominante: rboles: Almendro (Prunus dulcis), Pino carrasco (Pinus halepensis), Ciprs comn (Cupressus sempervirens) y Pino pionero (Pinu pinea). Arbustos: Rosa (Rosa), Lilo (Syringa vulgaris) y Pitosporo (Pittosporum tobira). Macizos arbustivos: Lilo (Syringa vulgaris), Lirio (Lilium) y Artemisa (Artemisia vulgaris).",2,http://www.madrid.es/sites/v/index.jsp?vgnextchannel=bfa48ab43d6bb410VgnVCM100000171f5a0aRCRD&vgnextoid=3e0264a7f259e210VgnVCM2000000c205a0aRCRD,ALCALA,CALLE,V,527,,,,,MADRID,MADRID,28027,8,EL SALVADOR,20,SAN BLAS-CANILLEJAS,446935,4476935,40.44245748722783,-3.6217095632137375,,,,/contenido/entidadesYorganismos/ParquesJardines/ParquesHistoricos
10966231,Parque Ramrez de Prado,"Espacio significativo en el distrito de Arganzuela, que ofrece una variedad de opciones de ocio. Alberga diversas instalaciones deportivas, incluidas pistas de ftbol, baloncesto, patinaje y mesas de ping-pong. Adems, dispone de agradables zonas de juegos infantiles, mesas de juego y amplios paseos rodeados de vegetacin y la sombra de los rboles. La riqueza vegetal del parque es notable, destacando especialmente la abundancia de carpes y catalpas. Integrado en el lmite del parque, se encuentra una escuela infantil, lo que convierte a este espacio en un recurso muy utilizado por las familias del distrito, promoviendo as la convivencia y el disfrute del entorno natural.",,Zonas infantiles Zonas deportivas,"Metro: Delicias (lnea 3) Bus: 8, 102, 152, N11, N13 Servicio Bicimad, para consultar la estacin ms cercana, acceda al mapa de geolocalizacin de las estaciones.","Conservacin: Direccin General de Gestin del Agua y Zonas Verdes, rea de Gobierno de Medio Ambiente y Movilidad. Superficie: 20.878 m&sup2;. Vegetacin predominante: Ejemplares arbreos: Alianto (Ailanthus altissima), Almez (Celtis australis), Carpe (Carpinus betulus), Catalpa (Catalpa spp.), Fresno de la tierra (Fraxinus angustifolia) y Aligustre del Japn (Ligustrum japonicum). Macizos arbustivos: Fotinia (Photinia spp.), Taray (Tamarix spp.) y Durillo (Viburnum tinus).",2,http://www.madrid.es/sites/v/index.jsp?vgnextchannel=bfa48ab43d6bb410VgnVCM100000171f5a0aRCRD&vgnextoid=2bbb8ebbc762b610VgnVCM1000001d4a900aRCRD,RAMIREZ DE PRADO,CALLE,V,2,,,,,MADRID,MADRID,28045,5,DELICIAS,2,ARGANZUELA,441489,4472308,40.39932569185547,-3.6894842200951024,,,,
5963656,Parque Roma,"Este parque fue diseado por el arquitecto Eduardo Mangada, que fue concejal de Urbanismo del Ayuntamiento de Madrid, y lo inaugur en 1980 el presidente de la Repblica Italiana Sandro Pertini. Parque periurbano de gran tamao, situado a la orilla de la M-30 y cercano a varios centros escolares, es un lugar idneo para pasear por sus paseos delimitados por la vegetacin y arbolado de grandes dimensiones. Dispone de diferentes recintos de juegos infantiles, una rea de ejercicios para mayores, un lago, un kiosko, mesas de pinpon, pistas de ftbol sala, de baloncesto y un rocdromo. Entre las zonas ajardinadas y las praderas de csped, se sita un jardn con carteles divulgativos sobre las especies adaptados para invidentes. Otros elementos que destacan son un escudo de Madrid de grandes dimensiones, visible desde la autova, y una reproduccin del taurobolio romano de Mrida, donde figura el nombre del parque.",,Zonas infantiles Zonas de mayores Zonas caninas Zonas deportivas,"Metro: Sanz de Baranda (lnea 6 y 9) Autobs: 30 , 56 , 143, 215 Servicio Bicimad, para consultar la estacin ms cercana, acceda al mapa de geolocalizacin de las estaciones.","Conservacin: Direccin General de Gestin del Agua y Zonas Verdes, rea de Gobierno de Medio Ambiente y Movilidad. Superficie: 112.100 m&sup2;. Vegetacin predominante: Ejemplares arbreos: pino pionero (Pinus pinea), laurel cerezo (Prunus laurocerasus), tuya oriental (Platycladus orientalis), chopo del Canad (Populus &times; canadensis) y pino carrasco (Pinus halepensis). Arbustos: adelfa (Nerium oleander). Macizos arbustivos: pitosporo (Pittosporum spp.), adelfa (Nerium oleander) y griolera (Cotoneaster spp.).",2,http://www.madrid.es/sites/v/index.jsp?vgnextchannel=bfa48ab43d6bb410VgnVCM100000171f5a0aRCRD&vgnextoid=675e280d37e2e210VgnVCM1000000b205a0aRCRD,JUAN ESPLANDIU,CALLE,V,4,,,,,MADRID,MADRID,28007,3,ESTRELLA,3,RETIRO,443786,4474188,40.41641041087398,-3.662606100328213,,,,/contenido/entidadesYorganismos/ParquesJardines
5995523,Parque Salvador de Madariaga,"El Parque Salvador de Madariaga, ubicado entre la Mezquita de Madrid y el tanatorio de la Calle 30, es un espacio urbano que ofrece diversas opciones para el esparcimiento y la actividad fsica. En su centro se encuentra una placeta circular que se combina con las pistas deportivas, creando un rea multifuncional rodeada de amplias zonas de csped y arbolado. Adems, el parque dispone de un rea de juegos infantiles. Una de las caractersticas ms distintivas de este parque es su pista de frontenis, un espacio nico en Madrid que atrae a los aficionados a este deporte. Dispone tambin de una pasarela peatonal que cruza la Avenida de la Paz, conectando el parque con el cercano Parque de Breogn, lo que ha mejorado la accesibilidad y la integracin de ambos espacios. Es Conocido tambin como Parque de la Mezquita o Parque del Tanatorio, el Parque Salvador de Madariaga.",,Zonas infantiles Instalaciones deportivas,"Bus: 21 , 48 , 53 Servicio Bicimad, para consultar la estacin ms cercana, acceda al mapa de geolocalizacin de las estaciones.","Conservacin:Direccin General de Gestin del Agua y Zonas Verdes. rea de Gobierno de Medio Ambiente y Movilidad. Superficie: 8.672 m&sup2;. Vegetacin predominante: rboles: Pino pionero (Pinus pinea), Ciruelo rojo (Prunus cerasifera), Peral (Pyrus) y Falsa acacia (Robinia pseudoacacia).",2,http://www.madrid.es/sites/v/index.jsp?vgnextchannel=bfa48ab43d6bb410VgnVCM100000171f5a0aRCRD&vgnextoid=51f610b32d9be210VgnVCM2000000c205a0aRCRD,SALVADOR DE MADARIAGA,CALLE,V,9,,,,,MADRID,MADRID,28027,5,SAN PASCUAL,15,CIUDAD LINEAL,444268,4476735,40.439387584092685,-3.6571484128652396,,,,/contenido/entidadesYorganismos/ParquesJardines
5985083,Parque San Blas - El Paraso,"El Parque San Blas - El Paraso es uno de los principales pulmones verdes del distrito de San Blas, destacando por su amplia superficie, su frondoso arbolado y su variada oferta de instalaciones. Se ubica a lo largo de una ladera que recorre la avenida de Arcentales, con forma irregular; la parte ms amplia est en su zona central y en sus extremos norte y sur tiene forma de dos franjas estrechas. stas se conforman como praderas arboladas recorridas por un camino. En la zona norte se levanta una fuente ornamental. La parte central es atravesada por diferentes caminos que conectan la avenida de Arcentales y la calle del Castillo de Ucls, en una zona arbolada predominantemente con pinos pioneros maduros. En su corazn se encuentra un moderno auditorio, epicentro de las celebraciones y eventos del barrio. Dispone tambin de una lmina de agua con cuatro chorros. El parque ofrece zonas infantiles, pistas deportivas (incluyendo petanca y patinaje) y un circuito biosaludable. Es recorrido por un carril-bici a lo largo de la calle Alberique. Al sur, en la zona que antes era conocida como parque Ajofrn y que ahora est integrada en el parque le Paraso, existe un reloj de sol y una prgola adornada con plantas trepadoras. El parque se compone de amplias praderas de csped y rboles de gran porte, que proporcionan grandes sombras. Predominan los pinos pioneros, el pltanos de sombra, la tuya o la acacia del japn, entre otros. En 2005 se construy el auditorio y en 2006-2007 el parque sufri una remodelacin en dos fases, con mejoras significativas. En 2024 ha tenido tambin una renovacin, en la que se destaca una importante incorporacinde arbustivas, sustituyendo parte de las praderas.",,Zonas infantiles Zonas de mayores Instalaciones deportivas Auditorios Reloj de sol Fuentes ornamentales,"Metro: Simancas (lnea 7) Bus: 38, 109 y L7 Servicio Bicimad, para consultar la estacin ms cercana, acceda al mapa de geolocalizacin de las estaciones.","Conservacin:Direccin General de Gestin del Agua y Zonas Verdes. rea de Gobierno de Medio Ambiente y Movilidad. Superficie: 167.102 m&sup2;. Vegetacin predominante: rboles: Pino pionero (Pinus pinea), Pltano comn (Platanus &times; acerifolia), Tuya occidental (Thuja occidentalis) y Acacia del Japn (Styphnolobium japonicum). Arbustos: Espino de fuego (Pyracantha coccinea), Tuya oriental (Platycladus orientalis) y Ciruelo rojo (Prunus cerasifera). Macizos arbustivos: Espino de fuego (Pyracantha coccinea), Cotoneaster (Cotoneaster ) y Cornejo (Cornus). Enclaves de especial significacin: Auditorio. Avda. de Arcentales s/n. Inaugurado en el ao 2007, con un original diseo es el centro de las fiestas del distrito. Fuente ornamental. Localizada entre el auditorio y la Gta. de Arcentales. Reloj de sol. Avda. de Arcentales c/v Hnos Garcia Noblejas",2,http://www.madrid.es/sites/v/index.jsp?vgnextchannel=bfa48ab43d6bb410VgnVCM100000171f5a0aRCRD&vgnextoid=9967511f3649e210VgnVCM2000000c205a0aRCRD,ARCENTALES,AVENIDA,V,4,,,,,MADRID,MADRID,28037,2,HELLIN,20,SAN BLAS-CANILLEJAS,447225,4475668,40.42996840999023,-3.622184001035289,,,,/contenido/entidadesYorganismos/ParquesJardines
5963115,Parque San Jos de Calasanz,"El Parque San Jos de Calasanz es un modesto parque urbano, principalmente pavimentado, que cuenta con zonas ajardinadas que incluyen masas arbustivas y rboles de sombra. El parque dispone de una zona infantil diseada con el mismo tipo de plantacin, lo que permite aislarla del trfico vehicular de las calles adyacentes. Este espacio tambin es conocido como Jardines de Joaqun Mara Lpez.",,Zona Infantil,"Metro: Islas Filipinas (lnea 7) Bus: 2, 16, 61, 202 Servicio Bicimad, para consultar la estacin ms cercana, acceda al mapa de geolocalizacin de las estaciones.","Conservacin:Direccin General de Gestin del Agua y Zonas Verdes. rea de Gobierno de Medio Ambiente y Movilidad. Superficie: 1.831 m&sup2;. Vegetacin predominante: rboles: pltano de sombra (Platanus hispanica), ciruelo rojo (Prunus cerasifera). Arbustos: aralia (Fatsia japonica) , hiedra (Hedera helix) , escalonia (Escallonia spp .) . Macizos arbustivos: enebro rastrero (Juniperus horizontalis), laurentino (Viburnum tinus), abelia (Abelia x grandiflora).",2,http://www.madrid.es/sites/v/index.jsp?vgnextchannel=bfa48ab43d6bb410VgnVCM100000171f5a0aRCRD&vgnextoid=7898311dbbd2e210VgnVCM2000000c205a0aRCRD,JOAQUIN MARIA LOPEZ,CALLE,V,39,,,,,MADRID,MADRID,28015,1,GAZTAMBIDE,7,CHAMBERI,439395,4476576,40.43761436823094,-3.7145867743039878,,,,/contenido/entidadesYorganismos/ParquesJardines
5995933,Parque San Juan Bautista,"El Parque San Juan Bautista es un espacio verde, con un arbolado consolidado y amplias reas de csped, muy visitado por estudiantes de los colegios e institutos cercanos. El parque cuenta con una pista multifuncional que permite la prctica tanto de baloncesto como de ftbol, ofreciendo a personas jvenes y adultas un espacio para la actividad fsica. Adems, dispone de una zona de juegos infantiles.",,Zonas infantiles Instalaciones deportivas,"Bus: 53 Servicio Bicimad, para consultar la estacin ms cercana, acceda al mapa de geolocalizacin de las estaciones.","Conservacin: Direccin General de Gestin del Agua y Zonas Verdes. rea de Gobierno de Medio Ambiente y Movilidad. Superficie: 29.233 m&sup2;. Vegetacin predominante: rboles: Olmo de Siberia (Ulmus pumila), Pltano de sombra (Platanus &times; hispanica), lamo blanco (Populus alba) y Cerezo silvestre (Prunus avium). Arbustos: Adelfa (Nerium oleander), Tuya occidental (Thuja occidentalis) y Evnimo (Euonymus). Macizos arbustivos: Adelfa (Nerium oleander), Junipero horizontal (Juniperus occidentalis) y Espino de fuego (Pyracantha coccinea).",2,http://www.madrid.es/sites/v/index.jsp?vgnextchannel=bfa48ab43d6bb410VgnVCM100000171f5a0aRCRD&vgnextoid=816eec727cdbe210VgnVCM2000000c205a0aRCRD,AGASTIA,CALLE,V,87,,,,,MADRID,MADRID,28043,6,SAN JUAN BAUTISTA,15,CIUDAD LINEAL,444384,4478056,40.451304609076615,-3.6558964974118364,,,,/contenido/entidadesYorganismos/ParquesJardines
6010395,Parque Sancho Dvila,"Parque Sancho Dvila es un parque alargado y en pendiente, ubicado junto a la M-30 y la calle Sancho Dvila, que ofrece vistas a la autova. Este espacio cuenta con caminos que serpentean entre amplias praderas y diversos macizos arbustivos, adems de bosquetes de chopos, pinos y cedros. El parque presenta un puente peatonal que cruza por encima de la M-30, conectando ambos lados. Alberga dos extensas zonas infantiles diseadas para el disfrute de los ms pequeos, junto a un huerto vecinal y un rea canina situada en el centro del parque.",,Zonas infantiles Zonas caninas,"Metro: Ventas (lnea 2 y 5) Bus: 12 Servicio Bicimad, para consultar la estacin ms cercana, acceda al mapa de geolocalizacin de las estaciones.","Conservacin: Direccin General de Gestin del Agua y Zonas Verdes, rea de Gobierno de Medio Ambiente y Movilidad. Superficie: 4,30 hectreas. Vegetacin predominante: Ejemplares arbreos: pino pionero (Pinus pinea), lamo plateado (Populus alba), ciprs de Arizona (Cupressus arizonica) y cedro del Atlas (Cedrus atlantica). Arbustos: espirea (Spiraea spp.), rosa de Siria (Hibiscus syriacus) y adelfa (Nerium oleander). Macizos arbustivos: hiedra (Hedera spp.), vinca (Vinca spp.) y adelfa (Nerium oleander).",2,http://www.madrid.es/sites/v/index.jsp?vgnextchannel=bfa48ab43d6bb410VgnVCM100000171f5a0aRCRD&vgnextoid=6926a3575e2ee210VgnVCM2000000c205a0aRCRD,AMERICA ESPAOLA,PLAZA,V,4,,,,,MADRID,MADRID,28028,3,FUENTE DEL BERRO,4,SALAMANCA,443866,4475639,40.42949627920971,-3.6617795915510434,,,,/contenido/entidadesYorganismos/ParquesJardines
5997450,Parque Santa Eugenia,"El Parque Santa Eugenia, ubicado entre la avenida de Santa Eugenia, la Calle de Zazuar y la Calle de Puentelarr, es una zona verde caracterizada por su diversidad vegetal, que incluye reas de csped y un arbolado consolidado, con especies como pino carrasco, olmo siberiano, eucaplipto y ciruelo rojo. Entre los arbustos destacan la tuya oriental, el bamb dorado o la glicinia japonesa, entre otros. El parque dispone de instalaciones como una zona de juegos infantiles, un rea de ejercicio para personas mayores, un espacio para la prctica de skate, otra zona destinada al entrenamiento fsico, as como mesas de ping-pong y mesas para juegos, que fomentan la interaccin social y la actividad fsica. Situado frente a un colegio, el parque es un lugar muy frecuentado por familias, estudiantes y vecindario.",,Zonas infantiles Instalaciones deportivas,"Bus: 58 , 63, 145, N9 Servicio Bicimad, para consultar la estacin ms cercana, acceda al mapa de geolocalizacin de las estaciones.","Conservacin: Direccin General de Gestin del Agua y Zonas Verdes. rea de Gobierno de Medio Ambiente y Movilidad. Superficie: 20.003 m&sup2;. Vegetacin predominante: rboles: Pino carrasco (Pinus halepensis), Olmo de Siberia (Ulmus pumila), Eucalipto (Eucalyptus) y Ciruelo rojo (Prunus cerasifera). Arbustos: Tuya orientral (Platycladus orientalis), Bamb dorado (Phyllostachys aurea) y Glicinia japonesa (Wisteria floribunda). Macizos arbustivos: Pitosporo (Pittosporum tobira), Adelfa (Nerium oleander) y Evnimo (Euonymus).",2,http://www.madrid.es/sites/v/index.jsp?vgnextchannel=bfa48ab43d6bb410VgnVCM100000171f5a0aRCRD&vgnextoid=db73abd0991ce210VgnVCM1000000b205a0aRCRD,Puentelarra,CALLE,V,13,,,,,MADRID,MADRID,28031,2,SANTA EUGENIA,18,VILLA DE VALLECAS,448352,4470258,40.38131130575197,-3.608459149580722,,,,/contenido/entidadesYorganismos/ParquesJardines
5990397,Parque Santa Rita,"El Parque Santa Rita se encuentra en las proximidades de la Plaza de Carabanchel, sede de la Junta Municipal de Distrito y en la que se ubican tres inmensos eucaliptus catalogados, y tambin cerca de la Plaza de la Iglesia de Carabanchel, donde se encuentra la histrica Iglesia de San Sebastin. La superficie del parque est compuesta principalmente por amplias praderas, adornadas con macizos de rosales, y un campo de ftbol. El arbolado, joven, aporta frescura a la zona. El parque cuenta con paseos, zonas de descanso, varias reas de juegos infantiles y una zona canina, convirtindolo en un espacio adecuado tanto para el ocio como para el esparcimiento al aire libre.",,Zonas infantiles Zonas caninas Instalaciones deportivas,"Bus: 34 Servicio Bicimad, para consultar la estacin ms cercana, acceda al mapa de geolocalizacin de las estaciones.","Conservacin: Direccin General de Gestin del Agua y Zonas Verdes. rea de Gobierno de Medio Ambiente y Movilidad. Superficie: 27.870 m&sup2;. Vegetacin predominante: rboles: Aligustre arbreo (Ligustrum lucidum), Morera blanca (Morus alba), Arce real (Acer platanoides) y Falsa acacia (Robinia pseudoacacia). Arbustos: Laurel cerezo (Prunus laurocerasus). Macizos arbustivos: Rosa (Rosa), Romero (Salvia rosmarinus) y Griolera (Cotoneaster).",2,http://www.madrid.es/sites/v/index.jsp?vgnextchannel=bfa48ab43d6bb410VgnVCM100000171f5a0aRCRD&vgnextoid=c2fefb42fb4ae210VgnVCM2000000c205a0aRCRD,ALBA DE TORMES,CALLE,V,2,,,,,MADRID,MADRID,28025,5,PUERTA BONITA,11,CARABANCHEL,436950,4470094,40.379040097900265,-3.742770522229555,,,,/contenido/entidadesYorganismos/ParquesJardines
5983453,Parque Segura,"El Parque Segura es una zona verde caracterizada por una serie de paseos terrizos que se entrelazan con reas estanciales, rodeadas de parterres ajardinados, praderas y macizos arbustivos. Este espacio est diseado para satisfacer las necesidades de diversos usuarios, ofreciendo una zona de ejercicios para mayores, un rea de juegos infantiles, un circuito biosaludable y una zona canina, lo que lo convierte en un lugar ideal para el disfrute y bienestar de la comunidad.",,Zonas infantiles. Zonas de mayores. Zonas caninas. Circuito deportivo,"Bus: 60 Servicio Bicimad, para consultar la estacin ms cercana, acceda al mapa de geolocalizacin de las estaciones.","Conservacin: Direccin General de Gestin del Agua y Zonas Verdes. rea de Gobierno de Medio Ambiente y Movilidad. Superficie: 21.979 m&sup2;. Vegetacin predominante: rboles: Olmo de Siberia (Ulmus pumila), Fresno comn (Fraxinus excelsior), Peral (Pyrus) y Manzano (Malus domestica). Arbustos: Laurel (Laurus nobilis). Macizos arbustivos: Viburno (Viburnum), Espirea (Spiraea) y Abelia (Abelia).",2,http://www.madrid.es/sites/v/index.jsp?vgnextchannel=bfa48ab43d6bb410VgnVCM100000171f5a0aRCRD&vgnextoid=f6105a8a5118e210VgnVCM1000000b205a0aRCRD,SEGURA,CALLE,V,5,,,,,MADRID,MADRID,28041,1,ORCASITAS,12,USERA,439223,4468850,40.368011394592635,-3.7158770172855813,,,,/contenido/entidadesYorganismos/ParquesJardines
5978156,Parque Soto de Entrevas,"El Parque Soto de Entrevas es un espacio verde de diseo atractivo que se integra en el denominado cinturn verde de Entrevas, formado por el Soto, por un parque urbano y uno forestal. Situado junto al Parque Entrevas Urbano, es atravesado por un carril-bici que enlaza, a travs del Parque Forestal de Entrevas, con el Anillo Verde Ciclista. El parque se estructura en dos plataformas, lo que le otorga un carcter distintivo. En la plataforma inferior, destacan dos lminas de agua que aaden un toque de serenidad al entorno. El recorrido por el parque invita a descubrir diversas reas temticas, sobresaliendo un recorrido botnico en toda su superficie, en el que se muestran distintos tipos de vegetacin de la sierra madrilea: pinos, arces y fresnos, adems de otras especies diversas, como enebro, ginkgo, madroo, haya, encina, roble, etc. y diferentes arbustos, proporcionando un espacio educativo y de inmersin en la flora local. Adems, el parque cuenta con varias zonas estanciales, ideales para descansar y disfrutar del paisaje, as como un rea canina donde las mascotas pueden disfrutar de la libertad. En su compromiso con la sostenibilidad, todo el parque se riega con agua regenerada, promoviendo el uso responsable de los recursos naturales. El Parque Soto de Entrevas es un lugar para disfrutar de la naturaleza, realizar paseos tranquilos o pasar tiempo en familia, en un entorno que respeta y celebra la biodiversidad local.",,Zonas caninas. Puntos de informacin ambiental,"Bus: 102, 111 Servicio Bicimad, para consultar la estacin ms cercana, acceda al mapa de geolocalizacin de las estaciones.","Conservacin: Direccin General de Gestin del Agua y Zonas Verdes. rea de Gobierno de Medio Ambiente y Movilidad. Superficie: 33.491 m&sup2;. Vegetacin predominantes: rboles: Olmo de siberia (Ulmus pumila), Ailanto (Ailanthus altissima), Castao de indias (Aesculus hippocastanum) y Cerezo-ciruelo (Prunus cerasifera). Arbustos: Pita (Agave americana), Madroo (Arbutus unedo) y Formio (Phormium). Macizos arbustivos: Rusco (Ruscus), Lavanda (Lavandula) y Taray (Tamarix gallica).",2,http://www.madrid.es/sites/v/index.jsp?vgnextchannel=bfa48ab43d6bb410VgnVCM100000171f5a0aRCRD&vgnextoid=aa18e6b39707e210VgnVCM1000000b205a0aRCRD,ACCESO A LA ESTACION DE AUTOBUSES DE LA E.M.T.,CARRETERA,V,9,,,,,MADRID,MADRID,28053,1,ENTREVIAS,13,PUENTE DE VALLECAS,442697,4469773,40.376563359161366,-3.675043967167776,,,,/contenido/entidadesYorganismos/ParquesJardines
5997775,Parque Urpisa,"El Parque Urpisa es una modesta zona verde localizada entre las calles del Camino de Vasares, Puerto del Bruch y Felipe lvarez, que ofrece un entorno tranquilo y sencillo. Consta de dos pequeas reas estanciales, rodeadas por parterres con diversas plantaciones arboreas y arbustivas, con pino carrasco, chopo de Simn, rbol del paraso, arce campestre y macizos arbustivos de adelfa, forsitia y mahonia, entre otros. Recientemente se ha instalado una zona para que las personas mayores puedan realizar una actividad adaptada a su condicin fsica, se han aadido elementos biosaludables, bancos, papeleras, una fuente y se ha creado un itinerario accesible. El parque est ligado a la Colonia del mismo nombre. Tiene su origen enla dcada de los ochenta del pasado siglo y se cre para aportar zonas verdes a la promocin de viviendas desarrolladas por la sociedad URBANIZACIONES y PISOS, S.A. (URPISA) en los primeros aos de los sesenta.",,,"Bus: 54, 58, 103, 142 y N9 Metro: Villa de Vallecas (lnea 1) Servicio Bicimad, para consultar la estacin ms cercana, acceda al mapa de geolocalizacin de las estaciones.","Conservacin:Direccin General de Gestin del Agua y Zonas Verdes. rea de Gobierno de Medio Ambiente y Movilidad. Superficie: 4.487 m&sup2;. Vegetacin predominante: rboles: Pino carrasco (Pinus halepensis), Chopo de Simn (Populus simonii), rbol del paraso (Elaeagnus angustifolia) y Arce campestre (Acer campestre). Macizos arbustivos: Adelfa (Nerium oleander), Forsitia (Forsythia) y Mahonia (Mahonia).",2,http://www.madrid.es/sites/v/index.jsp?vgnextchannel=bfa48ab43d6bb410VgnVCM100000171f5a0aRCRD&vgnextoid=d36f8ffa023ce210VgnVCM1000000b205a0aRCRD,VASARES,CAMINO,V,2,,,,,MADRID,MADRID,28031,1,CASCO H.VALLECAS,18,VILLA DE VALLECAS,447404,4470439,40.38289158525453,-3.619641837988416,,,,
6451784,Parque Valdebernardo Este,"Ubicado en el extremo oriental del barrio de Valdebernardo, este parque forma parte de dos superficies divididas por el Bulevar de Jos Prat, con dos denominaciones prcticamente iguales: el Parque de Valdebernardo Este (al norte) y el Parque Este de Valdebernardo (al sur). El Parque Valdebernardo Este es un amplio espacio verde periurbano ubicado en el extremo oriental del barrio de Valdebernardo, que linda con la Avenida de la Democracia. Dispone de rboles como castaos de indias, pltanos de sombra, olmos siberianos y falsas acacias, as como de diversos arbustos aromticos, dispuestos en parcelas definidas por caminos terrizos. Adems, el parque est dotado de numerosas instalaciones deportivas y zonas infantiles, convirtindolo en un lugar multifuncional. Tanto este parque como el Parque Este de Valdebernardo surgen paralelamente a la construccin de viviendas del entorno, que provena del Plan General de Ordenacin Urbana de 1985. En 1995, el desarrollo urbanstico estaba an en ejecucin, pero llegaron los primeros vecinos al mbito, y no finaliz hasta 2017, cuando el Ayuntamiento modific la delimitacin interna territorial del distrito y Valdebernardo se constituye como barrio administrativo.",,Zonas infantiles Instalaciones deportivas,"Metro: Valdebernardo (lnea 9) Bus: 71 Servicio Bicimad, para consultar la estacin ms cercana, acceda al mapa de geolocalizacin de las estaciones.","Conservacin: Direccin General de Gestin del Agua y Zonas Verdes. rea de Gobierno de Medio Ambiente y Movilidad. Superficie: 83.012 m&sup2;. Vegetacin predominante: rboles: Castao de Indias (Aesculus hippocastanum), Pltano de sombra (Platanus &times; hispanica), Olmo de Siberia (Ulmus pumila) y Falsa Acacia (Robinia pseudoacacia). Arbustos: Junpero (Juniperus) y Gayomba (Spartium junceum). Macizos arbustivos: Romero (Salvia rosmarinus), Jara pringosa (Cistus ladanifer) y Taray (Tamarix gallica).",2,http://www.madrid.es/sites/v/index.jsp?vgnextchannel=bfa48ab43d6bb410VgnVCM100000171f5a0aRCRD&vgnextoid=bd7e544ed3d97310VgnVCM2000000c205a0aRCRD,CORDEL DE PAVONES,CALLE,V,2,,,,,MADRID,MADRID,28032,1,CASCO H.VICALVARO,19,VICALVARO,447581,4472644,40.4027578376722,-3.617738099849234,,,,/contenido/entidadesYorganismos/ParquesJardines
6003192,Parque Valle de Enmedio,"El Parque Valle de Enmedio es una zona verde de barrio que se distribuye en diferentes reas, organizadas por la divisin de las vas urbanas. Presenta arbolado joven y una disposicin abierta, con amplios paseos pavimentados que recorren todo el parque. Este espacio alberga diversas zonas de juegos infantiles y reas de descanso, siendo muy utilizado por sus vecinos para pasear y disfrutar del ocio.",,Zonas infantiles Instalaciones deportivas Zonas de petancas y patinaje,"Bus: 64 Metro: Lacoma (lnea 7) Servicio Bicimad, para consultar la estacin ms cercana, acceda al mapa de geolocalizacin de las estaciones.","Conservacin: Direccin General de Gestin del Agua y Zonas Verdes. rea de Gobierno de Medio Ambiente y Movilidad. Superficie: 61.722 m&sup2;. Vegetacin predominante: Ejemplares arbreos: liquidmbar americano (Liquidambar styraciflua), pltano de sombra (Platanus x hispanica), pino pionero (Pinus pinea). Macizos arbustivos: adelfa (Nerium oleander) , griolera (Cotoneaster horizontalis) , rosas.",2,http://www.madrid.es/sites/v/index.jsp?vgnextchannel=bfa48ab43d6bb410VgnVCM100000171f5a0aRCRD&vgnextoid=86803c95f87de210VgnVCM1000000b205a0aRCRD,MIRADOR DE LA REINA,CALLE,V,22,,,,,MADRID,MADRID,28035,7,MIRASIERRA,8,FUENCARRAL-EL PARDO,438663,4482311,40.48922371593969,-3.7237594350747143,,,,/contenido/entidadesYorganismos/ParquesJardines
5997881,Parque Vallecas Villa,"Este parque est ubicado en el Casco Histrico de Vallecas y tambin es conocido como parque de las Cataratas, en referencia a la impresionante fuente de cuatro alturas que asemeja a una catarata. Est organizado en dos pisos. La parte ms baja, amplia y llana, dispone de caminos y zonas estanciales de terrizo, reas infantiles y deportivas, elementos deportivos y biosaludables para personas mayores, pistas de petanca, una zona canina y una zona para la prctica del skate. El piso superior es ms pequeo y en l se encuentra un rea infantil. Ambos pisos estn comunicados por unas escaleras. El parque cuenta con ms de 400 rboles de varias especies, como pinos carrascos, cedros, ciruelos rojos, fresnos, encinas, chopos de canad, acacias, almeces o castaos de indias, adems de hiedras, abelias, durillos, pitosporos y enebros, entre otros arbustos. El elemento ms sobresalientes del parque, su fuente, de cinco niveles con cuatro cascadas, de fuerte carcter arquitectnico, salva el acusado desnivel entre las dos zonas del parque, flanqueada a ambos lados por grandes escalinatas. En el nivel superior se alinean tres estanques con surtidores centrales. Este parque se construy para el desahogo del barrio del Casco Histrico, por lo que es muy anterior al desarrollo del Ensanche de Vallecas. En 2018, los muros de la catarata fueron decorados por los participantes de los talleres de pintura de Vallecas Labora, con figuras de flora y fauna de distintas partes del mundo y con la imagen de una dragona (la dragona-k) saliendo de su guarida.",,Zonas infantiles Zonas caninas Instalaciones deportivas Fuente ornamental,"Bus: 54, 103, 142 y N9 Metro: Congosto (lnea 1) Servicio Bicimad, para consultar la estacin ms cercana, acceda al mapa de geolocalizacin de las estaciones.","Conservacin:Direccin General de Gestin del Agua y Zonas Verdes. rea de Gobierno de Medio Ambiente y Movilidad. Superficie: 31.962 m&sup2;. Vegetacin predominante: rboles: Pino carrasco (Pinus halepensis), Cedro llorn (Cedrus deodara), Ciruelo rojo (Prunus cerasifera) y Chopo de Canad (Populus x canadensis). Arbustos: Abelia (Abelia) y Durillo (Viburnum tinus). Macizos arbustivos: Hiedra (Hedera), Pitosporo (Pittosporum tobira) y Enebro de Pfitzer (Juniperus x pfitzeriana).",2,http://www.madrid.es/sites/v/index.jsp?vgnextchannel=bfa48ab43d6bb410VgnVCM100000171f5a0aRCRD&vgnextoid=e83b9805833ce210VgnVCM1000000b205a0aRCRD,BABILAFUENTE,CALLE,V,2,,,,,MADRID,MADRID,28031,1,CASCO H.VALLECAS,18,VILLA DE VALLECAS,447039,4469253,40.37217516332789,-3.6238430832643598,,,,
5983786,Parque Vandel,"El Parque Vandel es un espacio verde alargado que se extiende sobre la explanacin del antiguo tren de Arganda, transformando esta rea histrica en un entorno para el esparcimiento y el descanso. El ferrocarril conectaba Madrid con el valle del Tajua y sus vestigios an existen en el Parque Martal-Dionisio Ridruejo. El parque Vandel est estructurado con amplios paseos centrales y una red de viales terrizos de trazado geomtrico, que facilitan la circulacin y definen parcelas ajardinadas con una variada seleccin de arbustos aromticos. A lo largo de sus senderos, sus visitantes pueden disfrutar de distintas presentaciones de vegetacin. Los paseos conectan las plazoletas y estn recorridos por una hilera de cipreses en la parte central, que deja sus dos lados transitables. En las pequeas parcelas que se forman por los caminos crece una pradera natural con diferentes arbustos y arbolado, como pinos, arces, castaos de Indias, cedros, chopos y pltanos de sombra, entre otros. Entre sus instalaciones destacan las zonas de juegos infantiles. El Parque Vandel es un lugar muy recurrido por quienes buscan dar un paseo tranquilo, desconectar del bullicio urbano y disfrutar de un ambiente relajante.",,Zonas infantiles,"Bus: 32 Servicio Bicimad, para consultar la estacin ms cercana, acceda al mapa de geolocalizacin de las estaciones.","Conservacin: Direccin General de Gestin del Agua y Zonas Verdes. rea de Gobierno de Medio Ambiente y Movilidad. Superficie: 30.568 m&sup2;. Vegetacin predominantes: rboles: Almez (Celtis australis), Pino pionero (Pinus pinea), Castao de indias (Aesculus hippocastanum), Arce real (Acer platanoides), Laurel cerezo (Prunus laurocerasus), Espirea (Spiraea) y Palo loro (Prunus lusitanica). Macizos arbustivos: Lavanda (Lavandula), Romero (Salvia rosmarinus) y Espino de fuego (Pyracantha coccinea).",2,http://www.madrid.es/sites/v/index.jsp?vgnextchannel=bfa48ab43d6bb410VgnVCM100000171f5a0aRCRD&vgnextoid=236dc11457f8e210VgnVCM2000000c205a0aRCRD,MOLINA DE SEGURA,CALLE,V,10,,,,,MADRID,MADRID,28030,3,MARROQUINA,14,MORATALAZ,445952,4472896,40.4049148503112,-3.636955454805149,,,,/contenido/entidadesYorganismos/ParquesJardines
5981878,Parque Virgen de la Esperanza,"El Parque Virgen de la Esperanza es un espacio verde fragmentado que se encuentra ubicado entre bloques de viviendas, abrindose hacia el oeste debido a la cercana de una va frrea. Esta disposicin le otorga una estructura ms propia de los grandes parques urbanos, ofreciendo una transicin entre el entorno residencial y los espacios abiertos. El parque est principalmente constituido por amplias zonas de csped, complementadas por macizos arbustivos y reas de terrizo, que aportan diversidad al paisaje. Las especies arbreas predominantes son pltano de sombra, olmo siberiano, ciruelo rojo y pino pionero y las arbustivas, sea en macizos o en individuos separados, adelfas, fotinias, rosales y laurentinos. Entre sus instalaciones, destacan las zonas estanciales y de juegos infantiles, as como diversas pistas deportivas, que lo convierten en un lugar adecuado para el ocio y la prctica deportiva.",,Zonas infantiles Instalaciones deportivas,"Bus: 22 , 76 , 79 Servicio Bicimad, para consultar la estacin ms cercana, acceda al mapa de geolocalizacin de las estaciones.","Conservacin: Direccin General de Gestin del Agua y Zonas Verdes. rea de Gobierno de Medio Ambiente y Movilidad. Superficie: 33.301 m&sup2;. Vegetacin predominante: rboles: Pltano de sombra (Platanus &times; hispanica), Olmo de Siberia (Ulmus pumila), Ciruelo rojo (Prunus cerasifera) y Pino pionero (Pinus pinea). Arbustos: Adelfa (Nerium oleander), Fotinia (Photinia) y Rosa (Rosa). Macizos arbustivos: Adelfa (Nerium oleander), Rosa (Rosa) y Laurentino (Viburnum tinus).",2,http://www.madrid.es/sites/v/index.jsp?vgnextchannel=bfa48ab43d6bb410VgnVCM100000171f5a0aRCRD&vgnextoid=73aba8be5ab7e210VgnVCM2000000c205a0aRCRD,ANOETA,CALLE,V,45,,,,,MADRID,MADRID,28041,5,LOS ANGELES,17,VILLAVERDE,440471,4466956,40.351030215596516,-3.7010015933831006,,,,/contenido/entidadesYorganismos/ParquesJardines
5968415,Parque de Alfonso XIII,"El Parque de Alfonso XIII es un parque ajardinado limitado por la avenida de Alfonso XIII, la calle de Santa Mara Magdalena y la calle de Federico Salmn. El parque cuenta con amplias praderas, algunas de ellas bordeadas por setos de aligustre, as como macizos de arbustos y diversas alineaciones arbreas en sus zonas terrizas. Entre sus instalaciones, destacan dos pistas, una de baloncesto y otra de petanca, ubicadas en el centro del parque. Es un lugar agradable para pasar el rato y desconectar del bullicio urbano.",,Zonas infantiles Zonas deportivas,"Bus: 52 Servicio Bicimad, para consultar la estacin ms cercana, acceda al mapa de geolocalizacin de las estaciones.","Conservacin: Direccin General de Gestin del Agua y Zonas Verdes, rea de Gobierno de Medio Ambiente y Movilidad. Superficie: 10.423 m&sup2;. Vegetacin predominante: Ejemplares arbreos: almez (Celtis australis), olmo de Siberia (Ulmus pumila), ciprs de Leyland (Cupressus &times; leylandii) y ciruelo rojo (Prunus cerasifera). Arbustos: rosa de Siria (Hibiscus syriacus), laurentino (Viburnum tinus) y laurel cerezo (Prunus laurocerasus). Macizos arbustivos: espino de fuego (Pyracantha coccinea), santolina (Santolina chamaecyparissus), escalonia (Escallonia spp.) y junpero (Juniperus spp.).",2,http://www.madrid.es/sites/v/index.jsp?vgnextchannel=bfa48ab43d6bb410VgnVCM100000171f5a0aRCRD&vgnextoid=45a10c3e4f74e210VgnVCM2000000c205a0aRCRD,ALFONSO XIII,AVENIDA,V,136,,,,,MADRID,MADRID,28016,5,NUEVA ESPAA,5,CHAMARTIN,443267,4479019,40.45990434942118,-3.669142805075655,,,,/contenido/entidadesYorganismos/ParquesJardines
5986764,Parque de Ams Acero,"El Parque de Ams Acero, ubicado en el corazn del barrio de San Diego en Vallecas, es un parque urbano de uso intensivo que, a pesar de no ser de grandes dimensiones, ofrece una amplia variedad de instalaciones y actividades para todo el vecindario. Su diseo funcional lo convierte en un lugar muy utilizado para el esparcimiento diario, con elementos como pistas de petanca, zonas infantiles y reas estanciales para relajarse y disfrutar del entorno. Debe su nombre Ams Acero Lpez, maestro de primera enseanza que durante la segunda repblica fue alcalde del pueblo de Vallecas, antes de que Vallecas fuera anexionada a Madrid. El parque tambin alberga una fuente ornamental y algunas esculturas que enriquecen su esttica. Dispone de una zona de ejercicio especialmente diseada para fomentar la actividad fsica en la tercera edad. Adems, un paseo central recorre el parque, conduciendo hasta un anfiteatro con gradas de obra, lo que le da un carcter nico y lo convierte en un espacio para eventos y actividades culturales. Rodeado de una vegetacin y arboleda que aporta frescura y sombra, el Parque de Ams Acero (tambin conocido como Parque de las Palomeras) es un punto de encuentro vibrante en la zona, ideal para disfrutar de momentos de ocio, practicar deporte o participar en actividades comunitarias.",,Zonas infantiles,"Bus: 57, 103, 111, 144, 310 Servicio Bicimad, para consultar la estacin ms cercana, acceda al mapa de geolocalizacin de las estaciones.","Conservacin: Direccin General de Gestin del Agua y Zonas Verdes, rea de Gobierno de Medio Ambiente y Movilidad. Superficie: rea de 9.987 m&sup2;. Vegetacin predominante: Ejemplares arbreos: Pltano de sombra (Platanus x hispanica), pino pionero (Pinus pinea), paraso (Melia azedarach) y melocotonero (Prunus persica). Arbustos: Adelfa (Nerium oleander), cotoneaster (Cotoneaster spp.) y olivilla (Phillyrea angustifolia). Macizos arbustivos: Pitosporo (Pittosporum spp.), adelfa (Nerium oleander) y evnimo (Euonymus spp.).",2,http://www.madrid.es/sites/v/index.jsp?vgnextchannel=bfa48ab43d6bb410VgnVCM100000171f5a0aRCRD&vgnextoid=c723cd641b99e210VgnVCM2000000c205a0aRCRD,SIERRA MOLINA,CALLE,V,1,,,,,MADRID,MADRID,28053,2,SAN DIEGO,13,PUENTE DE VALLECAS,443430,4471151,40.38903628994235,-3.6665321826830297,,,,/contenido/entidadesYorganismos/ParquesJardines
5992569,Parque de Ana Tutor,"El Parque de Ana Tutor es un modesto espacio verde que cuenta con reas de pradera y zonas arboladas, organizadas por paseos. Situado en la esquina de dos importantes ejes del distrito, su vegetacin incluye rboles de diferentes edades. Adems, el parque dispone de una zona de juegos infantiles de arena.",,Instalaciones deportivas Zona de patinaje,"Bus: 49, 64 Servicio Bicimad, para consultar la estacin ms cercana, acceda al mapa de geolocalizacin de las estaciones.","Conservacin: Direccin General de Gestin del Agua y Zonas Verdes, rea de Gobierno de Medio Ambiente y Movilidad. Superficie: rea de 36.913 m&sup2;. Vegetacin predominante: Ejemplares arbreos: Pltano de sombra (Platanus x hispanica), pino pionero (Pinus pinea), almez (Celtis australis) y chopo del Canad (Populus x canadensis). Macizos arbustivos: Cotoneaster (Cotoneaster spp.), adelfa (Nerium oleander) y junpero (Juniperus spp.).",2,http://www.madrid.es/sites/v/index.jsp?vgnextchannel=bfa48ab43d6bb410VgnVCM100000171f5a0aRCRD&vgnextoid=bc96896bd24be210VgnVCM2000000c205a0aRCRD,VALLE DE PINARES LLANOS,CALLE,V,1,,,,,MADRID,MADRID,28035,3,PEA GRANDE,8,FUENCARRAL-EL PARDO,439199,4481904,40.48559668319756,-3.7174080145343464,,,,/contenido/entidadesYorganismos/ParquesJardines
5994605,Parque de Arriaga,"El Parque de Arriaga est situado a lo largo de la calle de Arriaga frente al cementerio municipal Nuestra Seora de la Almudena, del que le separa la avenida de Daroca. Muchas calles del entorno (y el propio barrio, barrio de Bilbao) poseen nombres vascos debido a que una adinerada familia vizcana se instal en la zona. Su diseo, sobre el relieve en talud que vierte hacia esta avenida, combina amplios paseos y zonas estanciales, reas de csped, arbustos y espacios arbolados, ofreciendo un entorno acogedor para quien lo visite. Las especies arboreas que lo pueblan son, entre otras, pino pionero, olmo, pltano de sombra, cedro, almez, arce, melia y liquidmbar. El parque cuenta con diversas instalaciones deportivas, como pistas de baloncesto y ftbol, as como un rea de calistenia para amantes del ejercicio al aire libre. Adems, dispone de varias zonas de juegos infantiles. Un elemento distintivo del parque es su gran estanque circular con fuente, ubicado en uno de los laterales. El Parque de Arriaga y sus instalaciones lo convierten en un punto de encuentro popular para residentes y visitantes.",,Zonas infantiles Instalaciones deportivas,"Bus: 106 , 109 Servicio Bicimad, para consultar la estacin ms cercana, acceda al mapa de geolocalizacin de las estaciones.","Conservacin: Direccin General de Gestin del Agua y Zonas Verdes, rea de Gobierno de Medio Ambiente y Movilidad. Superficie: rea de 52.614 m&sup2;. Vegetacin predominante: rboles: Pino pionero (Pinus pinea), olmo comn (Ulmus minor), arce (Acer spp.) y pino carrasco (Pinus halepensis). Arbustos: Tuya oriental (Thuja orientalis), agracejo (Berberis spp.) y evnimo (Euonymus spp.). Macizos arbustivos: Espino de fuego (Pyracantha coccinea), pitosporo (Pittosporum spp.) y bamb dorado (Phyllostachys aurea).",2,http://www.madrid.es/sites/v/index.jsp?vgnextchannel=bfa48ab43d6bb410VgnVCM100000171f5a0aRCRD&vgnextoid=964f0583e29be210VgnVCM1000000b205a0aRCRD,DAROCA,AVENIDA,V,95,,,,,MADRID,MADRID,28017,2,PUEBLO NUEVO,15,CIUDAD LINEAL,445479,4475138,40.425090271008656,-3.6427216652412877,,,,/contenido/entidadesYorganismos/ParquesJardines
6009741,Parque de Atenas,"El Parque de Atenas es uno de los ms grandes del distrito Centro. Ubicado muy cerca del Palacio Real, est dividido en dos partes por el paseo de la Ciudad de Plasencia. Limita al norte con los Jardines del Campo del Moro, titularidad de Patrimonio Nacional, al sur con la calle de Segovia, al este con la Cuesta de la Vega y al oeste con el paseo de la Virgen del Puerto. Se puede acceder por la mayor parte de su permetro. En su mitad norte se encuentran un pequeo estanque con cuatro chorros verticales y tambin zonas deportivas e infantiles. La parte sur se conforma a base de numerosos caminos pavimentados y terrizos. En todo el parque existen zonas de pradera. Es un espacio con gran diversidad vegetal: acacias del Japn, acacias de tres espinas, castaos de Indias y olmos, entre otros. Algunos de los grandes pinos pioneros existentes tienen anclajes subterrneos para conferirles estabilidad. En 2022 se instal un rea de calistenia. Aunque ya en 1848 el Ayuntamiento decidi convertirlo en un bosquete de rboles y arbustos, fue en 1971 cuando se cre el parque tal y como se conforma hoy. Su denominacin rinde honor a la ciudad donde naci la reina doa Sofa. El parque est incluido en el Catlogo de Parques Histricos y Jardines de Inters con nivel 2.",,Zonas infantiles Instalaciones deportivas Aseos pblicos,"Bus: 3 , 31 , 41 , 50 , 65 , 148 , C1 , L3 Servicio Bicimad, para consultar la estacin ms cercana, acceda al mapa de geolocalizacin de las estaciones.","Conservacin: Direccin General de Gestin del Agua y Zonas Verdes, rea de Gobierno de Medio Ambiente y Movilidad. Superficie: 46.186 m&sup2;. Vegetacin predominante: Ejemplares arbreos: Acacia del Japn (Styphnolobium japonicum), Acacia de tres espinas (Gleditsia triacanthos), Castao de Indias (Aesculus hippocastanum) y Olmo de Siberia (Ulmus pumila). Arbustos: Hortensia de hoja de roble (Hydrangea quercifolia), Adelfa (Nerium oleander) y Tuya occidental (Thuja occidentalis). Macizos arbustivos: Junpero horizontal (Juniperus horizontalis), Piracantas (Pyracantha spp.) y Berberis (Berberis spp.).",2,http://www.madrid.es/sites/v/index.jsp?vgnextchannel=bfa48ab43d6bb410VgnVCM100000171f5a0aRCRD&vgnextoid=e4de4bc5292ee210VgnVCM2000000c205a0aRCRD,SEGOVIA,CALLE,V,28,,,,,MADRID,MADRID,28005,1,PALACIO,1,CENTRO,439327,4473951,40.413971277014085,-3.715138075489171,,,,/contenido/entidadesYorganismos/ParquesJardines
5969105,Parque de Berln,"El Parque de Berln es un parque urbano delimitado por las calles Ramn y Cajal, Marcenado y San Ernesto. Este espacio verde cuenta con diferentes reas de pradera y arboladas, interconectadas por paseos sinuosos, y est adornado con varias fuentes ornamentales. Adems, incluye esculturas, zonas de juegos infantiles, un rea canina y pistas de ftbol y baloncesto. El parque tambin alberga un bar-cafetera con terraza, as como una zona con mesas de picnic y juegos. Entre sus caractersticas destacadas, se encuentra un pequeo escenario, ideal para eventos, un busto dedicado a lvaro Iglesias Snchez, el heroico joven de 20 aos que falleci tras librar de la muerte a varias personas en el incendio de un inmueble en la calle Carranza, y un estanque sobre un basamento de granito en el que se sustentan restos significativos del Muro de Berln, una escultura de un oso, smbolo de la ciudad de Berln, y un monumento en homenaje a Beethoven. Es un lugar vibrante y agradable, donde se realizan eventos de forma peridica y que es disfrutado por todo el vecindario.",,Zonas infantiles Zonas adulto mayor Zonas caninas Zonas deportivas Auditorios Aseo pblico Senda botnica,"Metro: Concha Espina (lnea 9) Bus: 16, 29, 43, 52 y 120 Servicio Bicimad, para consultar la estacin ms cercana, acceda al mapa de geolocalizacin de las estaciones.","Conservacin: Direccin General de Gestin del Agua y Zonas Verdes, rea de Gobierno de Medio Ambiente y Movilidad. Superficie: 49.116 m&sup2;. Vegetacin predominante: Ejemplares arbreos: castao de Indias (Aesculus hippocastanum), pltano de sombra (Platanus x hispanica), lamo plateado (Populus alba) y ciruelo rojo (Prunus cerasifera). Arbustos: acebo (Ilex aquifolium), espino de fuego (Pyracantha coccinea) y rosa de Siria (Hibiscus syriacus). Macizos arbustivos: adelfa (Nerium oleander), vinca (Vinca spp.) y rosas (Rosa spp.).",1,http://www.madrid.es/sites/v/index.jsp?vgnextchannel=bfa48ab43d6bb410VgnVCM100000171f5a0aRCRD&vgnextoid=d2e70e165684e210VgnVCM1000000b205a0aRCRD,RAMON Y CAJAL,AVENIDA,V,2,,,,,MADRID,MADRID,28016,3,CIUDAD JARDIN,5,CHAMARTIN,442673,4478091,40.45150372849227,-3.6760645355093797,,,,/contenido/entidadesYorganismos/ParquesJardines
6010393,Parque de Breogn,"El Parque de Breogn, mtico rey Galaico, es un parque delimitado por la Avenida de Brasilia y la M-30, que se caracteriza por amplias reas terrizas, bosquetes de pinos y alineaciones de ciruelos, adems de tilos, lamos, cedros y diferentes macizos arbustivos. Este espacio tambin alberga zonas infantiles de arena, as como pistas de ftbol y baloncesto, destinadas al esparcimiento de sus usuarios. Adems, el parque cuenta con amplias praderas y, limitando con la M-30, presenta macizos de adelfas y rosales que embellecen el entorno. Como aspectos singulares, se aprecian elementos ornamentales como un cruceiro de piedra y un monolito de granito con un poema de Alfonso Rodrguez Castelao, que dice: &ldquo;Galicia e a mellor esquina do solar hispanico cabo do mondo antigo e avanzada de Europa no mar inmenso da liberdade&rdquo; Sempre en Galiza, 23 de mayo de 1982.",,Zonas infantiles Zonas deportivas,"Metro: Parque Avenidas (lnea 7) Bus: 21, 43, 48 , 53 y 74 Servicio Bicimad, para consultar la estacin ms cercana, acceda al mapa de geolocalizacin de las estaciones.","Conservacin: Direccin General de Gestin del Agua y Zonas Verdes, rea de Gobierno de Medio Ambiente y Movilidad. Superficie: 22.272 m&sup2;. Vegetacin predominante: Ejemplares arbreos: pino pionero (Pinus pinea), lamo plateado (Populus alba), ciruelo rojo (Prunus cerasifera) y cedro del Atlas (Cedrus atlantica). Macizos arbustivos: rosas (Rosa spp.), adelfa (Nerium oleander) y hiedra (Hedera spp.).",2,http://www.madrid.es/sites/v/index.jsp?vgnextchannel=bfa48ab43d6bb410VgnVCM100000171f5a0aRCRD&vgnextoid=05d3a3575e2ee210VgnVCM2000000c205a0aRCRD,BRASILIA,AVENIDA,V,2,,,,,MADRID,MADRID,28028,4,GUINDALERA,4,SALAMANCA,443948,4476487,40.437140971249754,-3.6608995093418306,,,,/contenido/entidadesYorganismos/ParquesJardines
5984659,Parque de Canillejas,"El Parque de Canillejas, ubicado en el corazn del barrio de Canillejas, entre las calles de Circe, San Mariano y Nctar, es un espacio llano, de forma trapezoidal que combina reas de recreo y zonas de descanso. Cuenta con dos reas infantiles y con una amplia explanada asfaltada semicircular, en la mitad este del parque, en la que se encuentra un auditorio al aire libre. Los paseos perimetrales estn protegidos por prgolas cubiertas de plantas trepadoras, ofreciendo sombra al igual que lo hacen los pinos, olmos, pltanos de sombra y acacias del Japn, que predominan en el parque. En el lateral del parque de la calle San Mariano, se erige un monumento en homenaje al matador de toros Jos Cubero 'Yiyo', reconocido vecino del barrio. La zona infantil ms grande est rodeada por praderas, mientras que cerca del auditorio, en los caminos terrizos, se ha instalado un circuito biosaludable para el disfrute de el vecindario.",,Zonas infantiles Zonas de mayores Zonas caninas Instalaciones deportivas Auditorios Monumentos,"Bus: 28, 48 Servicio Bicimad, para consultar la estacin ms cercana, acceda al mapa de geolocalizacin de las estaciones.","Conservacin: Direccin General de Gestin del Agua y Zonas Verdes. rea de Gobierno de Medio Ambiente y Movilidad. Superficie: 11.237 m&sup2;. Vegetacin predominante: rboles: Pino pionero (Pinus pinea), Acacia del Japn (Styphnolobium japonicum), Pltano de sombra (Platanus x hispanica) y Olmo (Ulmus). Arbustos: Agracejo (Berberis vulgaris). Macizos arbustivos: Adelfa (Nerium oleander) y Espirea (Spiraea).",2,http://www.madrid.es/sites/v/index.jsp?vgnextchannel=bfa48ab43d6bb410VgnVCM100000171f5a0aRCRD&vgnextoid=0da848147809e210VgnVCM2000000c205a0aRCRD,CIRCE,CALLE,V,57,,,,,MADRID,MADRID,28022,7,CANILLEJAS,20,SAN BLAS-CANILLEJAS,448198,4476986,40.44191186628217,-3.610832880429799,,,,/contenido/entidadesYorganismos/ParquesJardines
5986854,Parque de Comillas,CERRADO TEMPORALMENTE POR AFECCIN DE LAS OBRAS DE LA LNEA 11 DEL METRO,,Zonas infantiles Zonas de mayores Zonas caninas Instalaciones deportivas,"Bus: 55, 60 y 116 Servicio Bicimad, para consultar la estacin ms cercana, acceda al mapa de geolocalizacin de las estaciones.",Conservacin: Direccin General de Gestin del Agua y Zonas Verdes. rea de Gobierno de Medio Ambiente y Movilidad Superficie: 35.337 m2 % Especies predominantes (nombre comn) con respecto a especies principales:rboles. N&ordm; total de unidades arbreas: 498Pino pionero 31%Pltano de sombra 22%Acacia del Japn %9Falsa acacia 7% Arbustos. N&ordm; total de unidades arbustivas: 5Arbusto de las mariposas 80%Adelfa 20% Macizos arbustivos. Superficie de macizos arbustivos:3.396 m2 Adelfa 26%Agracejo 19%Pitosporo 14%,2,http://www.madrid.es/sites/v/index.jsp?vgnextchannel=bfa48ab43d6bb410VgnVCM100000171f5a0aRCRD&vgnextoid=353f07ea5d99e210VgnVCM2000000c205a0aRCRD,MIGUEL SORIANO,CALLE,V,1,,,,,MADRID,MADRID,28019,1,COMILLAS,11,CARABANCHEL,439391,4471503,40.39191419121823,-3.7141505979369023,,,,/contenido/entidadesYorganismos/ParquesJardines
5981170,Parque de Darwin,"El Parque de Darwin es una zona verde alargada junto a la A-3, caracterizada por sus plazas terrizas, jardineras y un paseo central que lo atraviesa de extremo a extremo. Est poblado por diferentes especies de arbustos y arbolado, con chopos, pinos pioneros, ciruelos rojos, arces, cedros, castaos de Indias, almeces, olmos y moreras entre otros. Algunos edificios se hallan dentro de su superficie. El parque cuenta con numerosas instalaciones, como un campo de ftbol de tierra, pistas de baloncesto, un circuito biosaludable, rea de calistenia, mesas de picnic, zonas de juegos infantiles y un rea canina. Un espacio para disfrutar del ocio, el deporte y el descanso. En 2005, durante las obras que se realizaron para unir la A-3 con la M-30, se descubri un yacimiento epipaleoltico de hace 9.500 aos, correspondiente a un asentamiento al aire libre. En el hallazgo, uno de los ms importantes de Madrid, se observaron restos lticos, faunsticos y de carbones que pertenecieron a los ltimos cazadores recolectores.",,Zonas infantiles Zonas de mayores Zonas caninas Instalaciones deportivas,"Bus: 8, 20 y 113. Servicio Bicimad, para consultar la estacin ms cercana, acceda al mapa de geolocalizacin de las estaciones.","Conservacin: Direccin General de Gestin del Agua y Zonas Verdes. rea de Gobierno de Medio Ambiente y Movilidad. Superficie: 41.053 m&sup2;. Vegetacin predominantes: rboles: Tuya oriental (Platycladus orientalis), Pino pionero (Pinus pinea), Arce negundo (Acer negundo) y Olmo de Siberia (Ulmus pumila). Arbustos: Espino de fuego (Pyracantha coccinea), Lavanda (Lavandula) y Mahonia (Mahonia). Macizos arbustivos: Rosa (Rosa), Adelfa (Nerium oleander) y Enebro rastrero (Juniperus communis).",2,http://www.madrid.es/sites/v/index.jsp?vgnextchannel=bfa48ab43d6bb410VgnVCM100000171f5a0aRCRD&vgnextoid=7aedfbb16c67e210VgnVCM1000000b205a0aRCRD,MANUEL MARIA ARRILLAGA,CALLE,V,29,,B,,,MADRID,MADRID,28030,5,FONTARRON,14,MORATALAZ,443926,4473129,40.40687979108534,-3.660862691056585,,,,/contenido/entidadesYorganismos/ParquesJardines
5963981,Parque de Enrique Herreros,"El Parque de Enrique Herreros es un espacio delimitado que se encuentra en la confluencia de las calles Cea Bermdez y Bravo Murillo, en cuya esquina se encuentra el acceso principal, y para acceder hay que salvar unos pequeos escalones. De forma cuadrangular y de tamao reducido, alberga diferentes servicios, como una zona infantil, una zona de petanca y pistas deportivas de pdel. El paseo principal que lo atraviesa est pavimentado. Dipone de una fuente ornamental situada en una placeta central de forma circular. Un poco ms al oeste de esta se halla otra pequea plaza circular con elementos vegetales. Cerca de la zona infantil hay un busto del personaje que da nombre al parque, Enrique Herreros. Vecino del barrio de Malasaa, este hombre polifactico estudi arquitectura e ingeniera industrial y destac como dibujante, siendo autor de numerosas portadas en la revista de humor grfico La Codorniz. Fue empresario del espectculo y gran aficionado a los deportes en general. Fue nombrado hijo predilecto de Madrid a ttulo pstumo. El parque se inaugur el 30 de diciembre de 1993.",De 8 a 22 horas,Zonas infantiles Zonas de mayores Zonas caninas Instalaciones deportivas,"Metro: Canal (lneas 2, 7) Bus: 3 , 12 , 37 , 149 Servicio Bicimad, para consultar la estacin ms cercana, acceda al mapa de geolocalizacin de las estaciones.","Conservacin: Direccin General de Gestin del Agua y Zonas Verdes. rea de Gobierno de Medio Ambiente y Movilidad. Superficie: 6.667 m&sup2;. Vegetacin predominante: Ejemplares arbreos: ciruelo rojo (Prunus cerasifera var. pissardii), rbol del amor (Cercis siliquastrum), castao de Indias (Aesculus hippocastanum), pltano de sombra (Platanus hispanica). Arbustos: madreselva (Lonicera periclymenum), plumero (Cortaderia selloana), laurel (Laurus nobilis). Macizos arbustivos: enebro rastrero (Juniperus horizontalis) , piracanta (Pyracantha coccinea) , rosal silvestre (Rosa canina).",2,http://www.madrid.es/sites/v/index.jsp?vgnextchannel=bfa48ab43d6bb410VgnVCM100000171f5a0aRCRD&vgnextoid=5d89b70bfbe2e210VgnVCM2000000c205a0aRCRD,BRAVO MURILLO,CALLE,V,49,,,,,MADRID,MADRID,28003,6,VALLEHERMOSO,7,CHAMBERI,440261,4476761,40.43934359051524,-3.7043941647283263,,,,/contenido/entidadesYorganismos/ParquesJardines
5993103,Parque de Francos Rodrguez,"El Parque de Francos Rodrguez es un espacio modesto y antiguo en el distrito, muy concurrido y apreciado por el vecindario. Un elemento distintivo es una pequea ra que divide la zona verde del parque en dos secciones. Esta ra era parte del Canalillo, una infrastructura hidrulica que atravesaba todo Madrid con el objetivo de evacuar los caudales de agua excedentes del Canal de Isabel II. El parque cuenta con una amplia pradera y una excelente cobertura arbrea, lo que proporciona zonas de sombra y frescor. Adems, dispone de reas infantiles ubicadas en el paseo de las Moreras y aparcamientos para bicicletas. Su diseo, que asla del entorno urbano, lo convierte en un lugar ideal para desconectar y disfrutar de la naturaleza en plena ciudad.",,Zonas infantiles Aparcamientos de bicicletas,"Bus: 132, 44 Metro: Francos Rodrguez (lnea 7) Servicio Bicimad, para consultar la estacin ms cercana, acceda al mapa de geolocalizacin de las estaciones.","Conservacin:Direccin General de Gestin del Agua y Zonas Verdes. rea de Gobierno de Medio Ambiente y Movilidad. Superficie: 26.407 m&sup2;. Vegetacin predominante: rboles: pino pionero (Pinus pinea), arce (Acer spp.), pltano de sombra (Platanus hispanica), catalpa (Catalpa bignonioides), cedros (Cedrus spp.). Arbustos: Berberis (Berberis spp.), Griolera (Nandina domestica), Cotoneaster (Cotoneaster spp.). Macizos arbustivos: cotoneaster (Cotoneaster spp .) , Mahonia (Mahonia spp .) , enebro (Juniperus spp .).",2,http://www.madrid.es/sites/v/index.jsp?vgnextchannel=bfa48ab43d6bb410VgnVCM100000171f5a0aRCRD&vgnextoid=4bafb863b84be210VgnVCM1000000b205a0aRCRD,DOCTOR FEDERICO RUBIO Y GALI,AVENIDA,V,63,,,,,MADRID,MADRID,28040,3,CIUDAD UNIVERSITARIA,9,MONCLOA-ARAVACA,439443,4478366,40.45374298443811,-3.714179732136829,,,,/contenido/entidadesYorganismos/ParquesJardines
5995881,Parque de Fuencarral,"Este parque popularmente conocido -al menos en una parte- como 'Parque de los Enamorados', est situado en el barrio de Valverde, al norte del casco del antiguo pueblo de Fuencarral, entre las calles Afueras de Valverde hacia el este, Nuestra Seora de Valverde al sur y el Barrio de Tres Olivos en su lmite oeste y norte. El parque se desarrolla sobre una zona ocupada desde las primeras dcadas del siglo XX por una cubierta vegetal formada por pinos, sobre los terrenos en los que se levantaba el antiguo lavadero municipal del pueblo, que estuvo en uso hasta los aos 70. En 1977 se conform el parque tal y como lo conocemos ahora, gracias a una actuacin de remodelacin del entorno y fue inaugurado el 26 de abril de 1978 por el entonces alcalde Jos Luis lvarez. En el parque, de relieve plano con ondulaciones, predominan amplias praderas naturales con arbolado consolidado que se dispone acompaadondo el trazado de sus caminos pavimentados en adoqun. Al sur, aparecen plantaciones arbustivas, una zona terriza con pinos de gran porte y un muro ajardinado que salva el desnivel existente entre la zona verde y la calle Afueras a Valcerde. Al norte, dentro de la superficie verde y perfectamente imbricado en el entorno, se sita el Huerto Urbano Fuente de la Carra, cuya entidad responsable es 'HORENCO, hortelanos en comunidad'.",,Zonas infantiles Zonas de mayores Instalaciones deportivas Templete,"Bus: 66, 137 Servicio Bicimad, para consultar la estacin ms cercana, acceda al mapa de geolocalizacin de las estaciones.","Conservacin: Direccin General de Gestin del Agua y Zonas Verdes, rea de Gobierno de Medio Ambiente y Movilidad. Superficie: rea de 21.677 m&sup2;. Vegetacin predominante: Ejemplares arbreos: Pino pionero (Pinus pinea), acacia del Japn (Sophora japonica), acacia de tres espinas (Gleditsia triacanthos), cedro llorn (Cedrus deodara) y olmo siberiano (Ulmus pumila). Macizos arbustivos: Griolera (Cotoneaster horizontalis), adelfa (Nerium oleander), fotinia (Photinia spp.) y espino de fuego (Pyracantha coccinea).",2,http://www.madrid.es/sites/v/index.jsp?vgnextchannel=bfa48ab43d6bb410VgnVCM100000171f5a0aRCRD&vgnextoid=be479bd14bdbe210VgnVCM2000000c205a0aRCRD,NUESTRA SEORA DE VALVERDE,CALLE,V,151,,,,,MADRID,MADRID,28034,6,VALVERDE,8,FUENCARRAL-EL PARDO,441863,4483506,40.50021894773631,-3.6861244200250765,,,,/contenido/entidadesYorganismos/ParquesJardines
5996408,Parque de Fuentechica,"El Parque de Fuentechica es una modesta zona verde con un alto nivel de trnsito, ubicada cerca de la estacin de metro de Fuencarral. Destaca por su variado y frondoso arbolado de gran altura, que ofrece sombra en sus espacios y paseos. Adems, cuenta con una zona de juegos infantiles, convirtindose en un lugar ideal para hacer una pausa y desconectar del bullicio urbano. Su construccin se realiza en el ao 1993, aprovechndose para su diseo la red de caminos espontneos que se perfilaban sobre la parcela primigenia. En el seno del parque destacan dos esculturas conceptuales o abstractas. Una es la denominada 'Homenaje a Mir' y la segunda 'Princesa de Yaiza'.",,,"Bus: 66, 137 Servicio Bicimad, para consultar la estacin ms cercana, acceda al mapa de geolocalizacin de las estaciones.","Conservacin: Direccin General de Gestin del Agua y Zonas Verdes. rea de Gobierno de Medio Ambiente y Movilidad. Superficie: 20.350 m&sup2; Vegetacin predominante: Ejemplares arbreos: falsa acacia (Robinia pseudoacacia), olmo de Siberia ( Ulmus pumila ), p ltano de sombra ( Platanus x hispanica ), ciruelo rojo (Prunus cerasifera). Arbustos: adelfa (Nerium oleander), abutilln (Abutilon pictum), gayomba (Spartium junceum). Macizos arbustivos: romero ( Salvia rosmarinus ), laurentino (Viburnum tinus), adelfa (Nerium oleander).",2,http://www.madrid.es/sites/v/index.jsp?vgnextchannel=bfa48ab43d6bb410VgnVCM100000171f5a0aRCRD&vgnextoid=b35ca307b6ebe210VgnVCM2000000c205a0aRCRD,ANASTASIA LOPEZ,CALLE,V,21,,,,,MADRID,MADRID,28034,6,VALVERDE,8,FUENCARRAL-EL PARDO,441401,4483010,40.49571829898632,-3.6915305267345935,,,,/contenido/entidadesYorganismos/ParquesJardines
5996070,Parque de Fuentelarreina,Parque con pinos y chopos de buen tamao sobre praderas naturales. Dispone de zona infantil y zona deportiva.,,Zonas infantiles,"Bus: 67, 82 Servicio Bicimad, para consultar la estacin ms cercana, acceda al mapa de geolocalizacin de las estaciones.",Conservacin: Direccin General de Gestin del Agua y Zonas Verdes. rea de Gobierno de Medio Ambiente y Movilidad. Superficie: 43.963 m2 Especies predominantes ( % con respecto a especies principales) rboles. N&ordm; total de unidades arbreas: 457lamo plateado 30Pltano de sombra 13Olmo de Siberia 11Pino pionero 10 Macizos arbustivos. Superficie de macizos arbustivos: 4.029 m&sup2; Pitosporo 24Griolera 27Piracanta de hoja estrecha 48,2,http://www.madrid.es/sites/v/index.jsp?vgnextchannel=bfa48ab43d6bb410VgnVCM100000171f5a0aRCRD&vgnextoid=1ad736fa8ddbe210VgnVCM2000000c205a0aRCRD,ROSALIA DE CASTRO,CALLE,V,80,,,,,MADRID,MADRID,28035,3,PEA GRANDE,8,FUENCARRAL-EL PARDO,437809,4481678,40.48346692636297,-3.7337736098964642,,,,/contenido/entidadesYorganismos/ParquesJardines
5996759,Parque de Gabriela Mistral,"El Parque de Gabriela Mistral es una extensa zona verde con un marcado carcter forestal, dividida en cuatro parcelas. El parque presenta paseos y praderas verdes, albergando una variada cantidad de especies arbreas, donde predominan los pinos, chopos, rboles del paraso y cipreses. Est equipado con pistas deportivas y reas de juegos infantiles, adems de ser atravesado por el anillo verde ciclista, que se extiende bajo la sombra de sus rboles. Sin duda, es un lugar que atrae a los visitantes por su naturaleza y sus amplios espacios para realizar diversas actividades al aire libre.",,Pista deportiva Carril bici,"Bus: 67 Servicio Bicimad, para consultar la estacin ms cercana, acceda al mapa de geolocalizacin de las estaciones.","Conservacin: Direccin General de Gestin del Agua y Zonas Verdes. rea de Gobierno de Medio Ambiente y Movilidad. Superficie: 125.503 m&sup2; Vegetacin predominante: Ejemplares arbreos: Almez (Celtis australis), rbol del paraso (Melia azedarach), chopo del Canad (Populus &times; canadensis), pino pionero (Pinus pinea). Arbustos: taray (Tamarix gallica) Macizos arbustivos: romero (Salvia rosmarinus), adelfa ( Nerium oleander ), a gracejo ( Berberis vulgaris ).",2,http://www.madrid.es/sites/v/index.jsp?vgnextchannel=bfa48ab43d6bb410VgnVCM100000171f5a0aRCRD&vgnextoid=d7d1841629ebe210VgnVCM2000000c205a0aRCRD,ROSALIA DE CASTRO,CALLE,V,69,,,,,MADRID,MADRID,28035,3,PEA GRANDE,8,FUENCARRAL-EL PARDO,437819,4481789,40.484467522541834,-3.7336783173806616,,,,/contenido/entidadesYorganismos/ParquesJardines
5996421,Parque de Isabel Clara Eugenia,"El Parque de Isabel Clara Eugenia se encuentra ubicado entre las calles Mar de Caspio y Valdetorres de Jarama. Junto con la Huerta de la Salud, es probablemente el parque ms interesante del distrito, aunque ha sido maltratado por la historia. Su diseo se inspira en el estilo romntico de los jardines clsicos, en el que predominan las lneas geomtricas, con una amplia extensin de vegetacin arbolada y arbustiva que crea un entorno natural y acogedor. El arbolado es de grandes dimensiones, destacando ejemplares de chopo, pltano de sombra, pino, cedro, ariznicas, ciprs y ailantos. Una de las caractersticas de este parque es que en el mismo se encuentran distintos niveles, conectados mediante tramos de escaleras. Hacia la mitad de su recorrido, se levanta una escalera doble con una fuente en su centro. Uno de los elementos ms destacados del parque es el foro. Este espacio semicircular, con gradero tipo cvea similar al de un teatro, que en su momento estuvo dotada de pares de columnas y de un templete, est hoy destinado a diversas actividades deportivas y recreativas, como el patinaje y el monopatn, ofreciendo una pista adecuada para estos deportes. Adems, el parque cuenta con una zona infantil, ideal para la infancia, y un punto de agua potable para el consumo, lo que lo convierte en un espacio cmodo y funcional sus visitantes. El Parque Isabel Clara Eugenia forma parte del Catlogo de Parques Histricos y Jardines de Inters con un nivel de proteccin 2. Form parte de una de las muchas villas o fincas de recreo suburbanas con las que cont la ciudad de Madrid a finales del siglo XVIII e inicios del XIX, cuya propiedad ostentaba la nobleza y la aristocracia, con una historia posterior muy compleja y difcil de sintetizar.","Verano: de 7 a 1:30 horas Invierno: de 7 a 24 horas Servicio Bicimad, para consultar la estacin ms cercana, acceda al mapa de geolocalizacin de las estaciones.",,"Bus: 9, 72, 125, 229","Conservacin:Direccin General de Gestin del Agua y Zonas Verdes. rea de Gobierno de Medio Ambiente y Movilidad. Superficie. 21.348 m&sup2;. Vegetacin predominantes: rboles: lamo blanco (Populus alba), Ciprs de Arizona (Cupressus arizonica), Pltano de sombra (Platanus &times; hispanica) y Ciprs comn (Cupressus sempervirens). Arbustos: Adelfa (Nerium oleander), Laurel cerezo (Prunus laurocerasus) y Laurentino (Viburnum tinus). Macizos arbustivos: Lirio azul (Iris germanica), Griolera (Cotoneaster) y Hiedra (Hedera).",2,http://www.madrid.es/sites/v/index.jsp?vgnextchannel=bfa48ab43d6bb410VgnVCM100000171f5a0aRCRD&vgnextoid=21dfa307b6ebe210VgnVCM2000000c205a0aRCRD,MAR CASPIO,CALLE,V,4,,,,,MADRID,MADRID,28033,4,PINAR DEL REY,16,HORTALEZA,445229,4480527,40.473611797871555,-3.646133317289789,,,,/contenido/entidadesYorganismos/ParquesJardines
5992258,Parque de Juan XXIII,"El Parque de Juan XXIII es una zona verde de reciente construccin que se caracteriza por sus cambios de pendientes y numerosos recovecos. En su rea central, un bloque de edificios divide el parque en dos zonas: este y oeste. Est compuesto principalmente por parterres arbustivos y cuenta con poco arbolado, en su mayora joven, aunque destaca una higuera de considerable tamao. El parque ofrece una amplia red de caminos que facilitan el recorrido por toda su superficie, proporcionando un espacio dinmico para el paseo y el disfrute de los vecinos. El Parque de Juan XXIII alberga una parte importante del antiguo recorrido del Viaje de Agua de Amaniel, una de las infraestructuras hidrulicas histricas de Madrid. Este sistema fue diseado para transportar agua desde las fuentes situadas en las afueras de la ciudad hasta el centro, y el tramo que pasa por este parque conserva restos de su arquitectura original, lo que lo convierte en un valioso vestigio de la ingeniera hidrulica madrilea del siglo XVI.",,Zonas infantiles,"Metro: Guzmn el Bueno (lnea 6 y 7) Servicio Bicimad, para consultar la estacin ms cercana, acceda al mapa de geolocalizacin de las estaciones.","Conservacin: Direccin General de Gestin del Agua y Zonas Verdes. rea de Gobierno de Medio Ambiente y Movilidad. Superficie: 14.381 m2 Vegetacin predominante: Ejemplares arbreos: tilo de hojas grandes (Tilia platyphyllos), almez (Celtis australis), rbol de Jpiter (Lagerstroemia indica), olmo de Siberia (Ulmus pumila). Macizos arbustivos: cotoneaster (Cotoneaster spp.).",2,http://www.madrid.es/sites/v/index.jsp?vgnextchannel=bfa48ab43d6bb410VgnVCM100000171f5a0aRCRD&vgnextoid=c3376d01014be210VgnVCM2000000c205a0aRCRD,JUAN XXIII,PASEO,V,21,,,,,MADRID,MADRID,28040,3,CIUDAD UNIVERSITARIA,9,MONCLOA-ARAVACA,439483,4478019,40.450619984285915,-3.7136749543495617,,,,/contenido/entidadesYorganismos/ParquesJardines
5993167,Parque de La Rinconada,"El Parque La Rinconada destaca por sus amplias praderas de csped y su ubicacin en una zona de urbanizaciones. Su construccin es reciente y se han aadido plantaciones de arbolado nuevo, respetando el que ya exista en el lugar previamente. El parque cuenta con una extensa red de caminos que lo convierten en un espacio ideal para el paseo y el recreo del vecindario. Adems, su tranquilidad y las privilegiadas vistas de la ciudad de Madrid lo hacen un lugar especialmente atractivo para disfrutar del entorno al aire libre.",,Zonas infantiles,"Bus: 160 Servicio Bicimad, para consultar la estacin ms cercana, acceda al mapa de geolocalizacin de las estaciones.","Conservacin:Direccin General de Gestin del Agua y Zonas Verdes. rea de Gobierno de Medio Ambiente y Movilidad. Superficie: 42.739 m&sup2;. Vegetacin predominante: rboles: arce (Acer spp.), pltano de sombra (Platanus x hispanica), ciruelo rojo (Prunus cerasifera), pino pionero (Pinus pinea). Macizos arbustivos: enebro (Juniperus spp.), forsythia (Forsythia spp.), abelia (Abelia x grandiflora).",2,http://www.madrid.es/sites/v/index.jsp?vgnextchannel=bfa48ab43d6bb410VgnVCM100000171f5a0aRCRD&vgnextoid=60ce7016894be210VgnVCM1000000b205a0aRCRD,HIENDELAENCINA,CALLE,V,9,,,,,MADRID,MADRID,28023,7,ARAVACA,9,MONCLOA-ARAVACA,435014,4478821,40.45750725687833,-3.7664554910416252,,,,/contenido/entidadesYorganismos/ParquesJardines
5918577,Parque de Las Cruces,"El Parque de Las Cruces es un extenso parque de estilo paisajista, ubicado entre los distritos de Latina y Carabanchel. El parque parece estar dividido en dos por una especie de estrangulamiento: una superficie pequea al norte de forma triangular y una mayor de forma irregular al sur. En la parte sur existe una plazoleta circular con una fuente en su centro, de la que parten diferentes sendas concntricas y caminos rectos radiales a sta. Su diseo incluye grupos de rboles de diversas especies, como pinos, cedros, cipreses, arces, chopos, ginkgos, madroos y almeces, as como arbustos, zonas de rosales y amplias reas de pradera, creando un entorno natural y diverso. Entre sus principales instalaciones destaca un amplio auditorio al aire libre con gran capacidad para espectadores, frente al cual se encuentra un extenso estanque al que desemboca una estrecha ra que recorre parte del parque. Adems, el parque est equipado con un quiosco de bebidas, pistas deportivas, un campo de ftbol, reas infantiles, zonas biosaludables y un carril bici. Este parque se inaugur en 1983, tras aos de fuertes presiones vecinales encabezadas por la Asociacin de Vecinos de Carabanchel Alto y diversas vicisitudes administrativas. El nombre del parque se debe al antiguo camino de Las Cruces, que llevaba al cementerio de Carabanchel atravesando cultivos agrcolas.",,Zonas infantiles Instalaciones deportivas Kiosco Carril-bici Pistas de petanca,"Metro: Aluche (lnea 5) Bus: 17, 117, 121, 131, 139, 155 Renfe: Aluche Servicio Bicimad, para consultar la estacin ms cercana, acceda al mapa de geolocalizacin de las estaciones.","Conservacin: Direccin General de Gestin del Agua y Zonas Verdes. rea de Gobierno de Medio Ambiente y Movilidad. Superficie: 451.973,23 m&sup2;. Vegetacin predominantes: rboles: Pltano de sombra (Platanus &times; hispanica), Arce (Acer platanoides), Acacia de tres espinas (Gleditsia triacanthos) y Ciruelo rojo (Prunus cerasifera). Arbustos: Palo loro (Prunus lusitanica), Evnimo (Euonymus) y Biota. Macizos arbustivos: Esquimia (Skimmia japonica), Aligustre del Japn (Ligustrum japonicum) y Espino de fuego (Pyracantha coccinea).",2,http://www.madrid.es/sites/v/index.jsp?vgnextchannel=bfa48ab43d6bb410VgnVCM100000171f5a0aRCRD&vgnextoid=37a5716cd5a7d210VgnVCM1000000b205a0aRCRD,POBLADOS,AVENIDA,V,74,,,,,MADRID,MADRID,28044,6,BUENAVISTA,11,CARABANCHEL,435913,4469938,40.37746689917427,-3.7547689345277977,,,,/contenido/entidadesYorganismos/ParquesJardines
5995455,Parque de Malmoe,"El Parque de Malmoe es una zona verde abierta que rodea un pequeo vecindario, destacando por su carcter forestal con amplias reas de terreno terrizo y un arbolado distribuido de manera natural. El parque est atravesado por un carril bici y varios paseos, ofreciendo un entorno tranquilo y alejado de la urbanizacin. Adems, cuenta con dos zonas de juegos infantiles y un rea canina, lo que lo convierte en un espacio ideal para el ocio y la desconexin.",,Zonas infantiles,"Bus: 106 Servicio Bicimad, para consultar la estacin ms cercana, acceda al mapa de geolocalizacin de las estaciones.","Conservacin: Direccin General de Gestin del Agua y Zonas Verdes. rea de Gobierno de Medio Ambiente y Movilidad. Superficie: 43.800 m&sup2;. Vegetacin predominantes: rboles: Chopo de Simn (Populus simonii), Pino carrasco (Pinus halepensis), Arce (Acer) y Pltano de sombra (Platanus &times; hispanica). Macizos arbustivos: Romero (Salvia rosmarinus), Lavanda (Lavandula) y Salvia (Salvia).",2,http://www.madrid.es/sites/v/index.jsp?vgnextchannel=bfa48ab43d6bb410VgnVCM100000171f5a0aRCRD&vgnextoid=85c4032c2c9be210VgnVCM2000000c205a0aRCRD,MALMOE,CALLE,V,2,,,,,MADRID,MADRID,28032,2,PUEBLO NUEVO,15,CIUDAD LINEAL,446914,4474053,40.41540866888321,-3.625727333816089,,,,/contenido/entidadesYorganismos/ParquesJardines
6003963,Parque de Manoteras,"El Parque de Manoteras, ubicado a la altura del nmero 4 de la calle Vlez Rubio, se encuentra en un terreno de forma cuenca, lo que ha permitido la instalacin de gradas adyacentes a una pista polideportiva situada en la parte ms baja del parque. Este espacio fue inaugurado a principios de 1979. Sus principales especies arbreas son el pino pionero, el ciruelo rojo, la catalpa y el fresno comn. En las proximidades, en la calle Purchena, se encuentra otro pequeo parque cuyo principal atractivo es un rocdromo, diseado para la prctica de la escalada. El Parque de Manoteras fue objeto de una remodelacin integral en 2009 mediante las obras del Plan E, lo que mejor notablemente sus infraestructuras y la calidad del espacio, ofreciendo un entorno ms moderno y funcional para sus visitantes.",,,"Metro: Manoteras (lnea 4) Bus: 7, 29 Servicio Bicimad, para consultar la estacin ms cercana, acceda al mapa de geolocalizacin de las estaciones.","Conservacin: Direccin General de Gestin del Agua y Zonas Verdes. rea de Gobierno de Medio Ambiente y Movilidad. Superficie: 33.206 m&sup2;. Vegetacin predominantes: rboles: Pino pionero (Pinus pinea), Ciruelo rojo (Prunus cerasifera), Catalpa (Catalpa) y Fresno comn (Fraxinus excelsior). Arbustos: Pitosporo (Pittosporum tobira), Romero (Salvia rosmarinus) y Bamb dorado (Phyllostachys aurea). Macizos arbustivos: Espino de fuego (Pyracantha coccinea), Griolera (Cotoneaster) y Romero (Salvia rosmarinus).",2,http://www.madrid.es/sites/v/index.jsp?vgnextchannel=bfa48ab43d6bb410VgnVCM100000171f5a0aRCRD&vgnextoid=8a68538aef7de210VgnVCM1000000b205a0aRCRD,BACARES,CALLE,V,22,,,,,MADRID,MADRID,28033,5,APOSTOL SANTIAGO,16,HORTALEZA,443846,4480874,40.476654320025524,-3.662490150184719,,,,/contenido/entidadesYorganismos/ParquesJardines
5990633,Parque de Pan Bendito,"Este parque est formado por extensas masas arbustivas, pinos de gran envergadura y una pequea zona de pradera. Est dotado de reas estanciales pavimentadas y terrizas, de una una zona infantil y de otra de juego para mayores. Hay otra zona del parque que presenta una superficie terriza con unidades arbreas aisladas ydispone de algunas mesas de ajedrez.",,Zonas infantiles Zonas de mayores Zonas caninas Petanca,"Bus: 47 , 108 , 118 , 121 , 131 Metro: Pan Bendito (lnea 11) Servicio Bicimad, para consultar la estacin ms cercana, acceda al mapa de geolocalizacin de las estaciones.","Conservacin: Direccin General de Zonas Verdes, Limpieza y Residuos. rea de Gobierno de Medio Ambiente y Movilidad. Superficie: 15.711 m2 % Especies predominantes (nombre comn) con respecto a especies principales: rboles. N&ordm; total de unidades arbreas:234Pino carrasco 25%Castao de Indias 15%rbol del amor 12%Pltano de sombra 6% Arbustos. N&ordm; total de unidades arbustivas:63 Fotinia 38%Adelfa 27%Laurentino 21% Macizos arbustivos. Superficie de macizos arbustivos:4.910 m2 Hiedra 18%Hebe 13%Adelfa 12%",2,http://www.madrid.es/sites/v/index.jsp?vgnextchannel=bfa48ab43d6bb410VgnVCM100000171f5a0aRCRD&vgnextoid=4c610dd66e4ae210VgnVCM2000000c205a0aRCRD,POBLADOS,AVENIDA,V,35,,,,,MADRID,MADRID,28044,,LAS AGUILAS,,CARABANCHEL,434869,4471275,40.38951896001857,-3.76740436374511,,,,/contenido/entidadesYorganismos/ParquesJardines
6000510,Parque de Peagrande,Zona verde con pinos maduros para disfrutar de su sombra y pradera. Est dotada de una zona infantil.,,Zonas infantiles,"Bus: 82 Servicio Bicimad, para consultar la estacin ms cercana, acceda al mapa de geolocalizacin de las estaciones.",Conservacin: Direccin General de Gestin del Agua y Zonas Verdes. rea de Gobierno de Medio Ambiente y Movilidad. Superficie: 30.687 m2 %Especies predominantes (nombre comn) con respecto a especies principales: rboles. N&ordm; total de unidades arbreas: 411Arce 33% Tuya oriental 25%lamo blanco 14%Olmo de Siberia 9% Arbustos. N&ordm; total de unidades arbustivas: 7Piracantas 65%Budelia 29% Macizos arbustivos. Superficie de macizos arbustivos: 1.568 m2 Adelfa13%Forsitia 8%Pitosporo 7%,2,http://www.madrid.es/sites/v/index.jsp?vgnextchannel=bfa48ab43d6bb410VgnVCM100000171f5a0aRCRD&vgnextoid=59eb6fe4d48ce210VgnVCM2000000c205a0aRCRD,LEOPOLDO ALAS CLARIN,CALLE,V,53,,,,c/v C/ Doctor Reinosa,MADRID,MADRID,28035,3,PEA GRANDE,8,FUENCARRAL-EL PARDO,437890,4481498,40.48185149371301,-3.732800354586844,,,,/contenido/entidadesYorganismos/ParquesJardines
6006849,Parque de Pinar de Barajas,"El Parque de Pinar de Barajas es un extenso espacio verde de carcter forestal, que se despliega a lo largo de la A-2 en su parte sur, entre las calles Peonas e Ignacio Snchez Mejas, y se extiende hacia el norte a lo largo de la Avenida Carondelet. Este parque se configura principalmente como un pinar de tipo boscoso, con una red de paseos naturales que permiten adentrarse en un entorno natural dentro del mbito urbano. Con su ambiente tranquilo y su notable extensin, el parque atrae a numerosos visitantes por su carcter natural y por sus amplios espacios abiertos, ideales para realizar una variedad de actividades al aire libre. Adems, se presenta como un lugar perfecto para quienes deseen recorrerlo en bicicleta, ya que sus senderos permiten disfrutar de un paseo en plena naturaleza, dentro de la ciudad.",,,"Bus: 114 , 115 Servicio Bicimad, para consultar la estacin ms cercana, acceda al mapa de geolocalizacin de las estaciones.","Conservacin:Direccin General de Gestin del Agua y Zonas Verdes. rea de Gobierno de Medio Ambiente y Movilidad. Superficie: 207.215 m&sup2;. Vegetacin predominante: rboles: Pino carrasco (Pinus halepensis), Pino pionero (Pinus pinea), Encina (Quercus ilex) y Ciprs de Arizona (Cupressus arizonica).",2,http://www.madrid.es/sites/v/index.jsp?vgnextchannel=bfa48ab43d6bb410VgnVCM100000171f5a0aRCRD&vgnextoid=bc94c8a974dde210VgnVCM2000000c205a0aRCRD,A-2,AUTOVIA,T,700,,,,,MADRID,MADRID,28027,2,PIOVERA,16,HORTALEZA,446444,4477834,40.44943999585466,-3.6315854281089894,,,,/contenido/entidadesYorganismos/ParquesJardines
5979823,Parque de Plata y Castaar,"El Parque de Plata y Castaar es un espacio verde situado entre la autova Madrid-Toledo (A-42) y el paseo de los Ferroviarios, al sur del Centro Deportivo municpal del mismo nombre. La primera zona del parque presenta praderas de csped y alineaciones de rboles que se organizan alrededor de paseos amplios de adoqun prefabricado. Esta rea, ms estructurada, alberga zonas deportivas e infantiles, distribuidas por todo el espacio, as como un cantn de jardineros junto al paseo de los Ferroviarios. El parque est vertebrado por estos paseos con un diseo que se basa en la sucesin de crculos concntricos conectados a travs de caminos rectos, que convergen cerca de un antiguo auditorio. El estrato arbreo est formado por grandes cipreses en las rotondas de encuentro de los caminos, olmos siberianos, cedros, pinos carrascos, ariznicas, melias, moreras, chopos, arces, almeces, castaos de Indias, pltanos de sombra y catalpas. En contraste, la segunda zona, el tercio oeste del parque, es mucho ms forestal y agreste, perimetrando el parque y proporcionando un espacio ms natural. Aqu, los caminos nos llevan entre bosquetes de chopos, olmedas y pinares, permitindonos disfrutar de la avifauna que habita en el parque, proporcionando un entorno natural rico en biodiversidad. Diseado por la Direccin de Servicios de Parques y Jardines, procede de la segunda mitad de los aos ochenta del siglo pasado, construyndose sobre un vertedero situado a lo largo del paseo de los Ferroviarios. En 2006 y en 2010 se realizaron mejoras en el parque, as como en 2019, ltima intervencin importante, con mejoras estructurales. En 2022 se rehabilit el espacio de las antiguas pistas deportivas creando un nuevo auditorio convertido en espacio polivalente.",,Zonas infantiles Instalaciones deportivas,"Bus: 22, 76 Servicio Bicimad, para consultar la estacin ms cercana, acceda al mapa de geolocalizacin de las estaciones.","Conservacin: Direccin General de Gestin del Agua y Zonas Verdes. rea de Gobierno de Medio Ambiente y Movilidad. Superficie: 217.933 m&sup2;. Vegetacin predominante: rboles: Olmo de Siberia (Ulmus pumila), lamo blanco (Populus alba), Castao de Indias (Aesculus hippocastanum) y Pino carrasco (Pinus halepensis). Arbustos: Adelfa (Nerium oleander), Espirea de Vanhoutte (Spiraea vanhouttei) y Taray (Tamarix gallica). Macizos arbustivos: Pitosporo (Pittosporum tobira), Taray (Tamarix gallica) y Evnimo (Euonymus).",2,http://www.madrid.es/sites/v/index.jsp?vgnextchannel=bfa48ab43d6bb410VgnVCM100000171f5a0aRCRD&vgnextoid=31138e29b547e210VgnVCM2000000c205a0aRCRD,MIRADOR DEL SUR,GLORIETA,V,1,,,,,MADRID,MADRID,28021,,SAN ANDRES,,VILLAVERDE,439255,4466714,40.348762550258805,-3.715284870727623,,,,/contenido/entidadesYorganismos/ParquesJardines
5983595,Parque de Pradolongo,"El Parque de Pradolongo, ubicado en el Distrito de Usera, es un pulmn verde emblemtico de Madrid, destacado tanto por su morfologa como por su variedad de usos y su gran extensin. Este espacio est organizado en tres grandes ejes que convergen en la zona central, donde se encuentra un templete y un gran lago. El parque se caracteriza por su valor ambiental, albergando un jardn botnico dedicado al cientfico ilustrado Alejandro Malaspina en el norte del lago, con parterres de diseo geomtrico que representan diversas familias botnicas. El jardn est acompaado de paneles interpretativos, que detallan las caractersticas de las especies, y dispone de mesas y bancos para actividades educativas. Adems, el parque cuenta con una senda ecolgica que informa sobre las especies vegetales y la fauna local. Pradolongo es un espacio multifuncional para el encuentro y el ocio, ofreciendo actividades como senderismo, footing, patinaje, ciclismo, observacin de aves, pirag&uuml;ismo y uso de teledirigidos en el lago. Tambin tiene reas para juegos tradicionales como la pista de calva y diversos espacios deportivos, infantiles y para mayores. Entre los elementos ms atractivos para la infancia se encuentra un castillo de juegos. Al este, se levanta la iglesia Maris Stella, la mayor singularidad arquitectnica del parque, construida entre 1920 y 1930, hoy en da desconsagrada y transformada desde 2021 en el Centro de Educacin Ambiental y Cultural del mismo nombre. El parque alberga una rica diversidad de especies arbreas como el olmo siberiano, el arce negundo, tilos, pinos, chopos y olmos de bola. En cuanto a los arbustos, destacan los rosales, piracantas, adelfas, cornejos y abelias. Un tercio de la superficie, en el noroeste del parque, est catalogada como forestal, estando compuesta de pinos pioneros, cedros, olmos, etc. Adems, el parque es hogar de una gran variedad de fauna, como aves acuticas (nades reales y gaviotas reidoras) y aves tpicas de zonas urbanas, como mirlos, carboneros, herrerillos, pinzones, petirrojos, urracas y palomas torcaces. El riego de sus plantaciones se realiza con agua regenerada, contribuyendo a la sostenibilidad del espacio. El parque surge como consecuencia del Plan Actuacin Sur (PAS) de 1979. Se cre sobre antiguas chabolas y hubieron de ser expropiados varios terrenos. En 1978, tcnicos de las asociaciones de vecinos de Almendrales, Meseta de Orcasitas, Usera y Zofio redactaron anteproyecto que contena un programa de necesidades. En 1981, el Departamento de Parques, Jardines y Esttica Urbana realiz un proyecto de urbanizacin, ajardinamiento y equipamiento de la zona. Una primera fase de 11 hectreas se inaugura en 1983. A partir de esta se desarrollaran nuevas fases durante los aos ochenta y noventa del pasado siglo, hasta alcanzar las casi 60 hectreas actuales.",,Zonas infantiles Zonas de mayores Instalaciones deportivas Auditorios Senda Ecolgica Jardn Botnico Aseo pblico Carril bici Mirador Templete,"Metro: Hospital 12 de Octubre (lnea 3) Bus: 6 , 60 , 78 , 81 , 121 , 131 Cercanas RENFE: 12 de Octubre Servicio Bicimad, para consultar la estacin ms cercana, acceda al mapa de geolocalizacin de las estaciones.","Conservacin: Direccin General de Gestin del Agua y Zonas Verdes. rea de Gobierno de Medio Ambiente y Movilidad. Superficie: 597.000 m&sup2;. Vegetacin predominante: rboles: Olmo de siberia (Ulmus pumila), Arce (Acer), Pino pionero (Pinus pinea) y Falsa acacia (Robinia pseudoacacia). Arbustos: Rosa (Rosa), Glicina (Wisteria) y Adelfa (Nerium oleander). Macizos arbustivos: Rosa (Rosa), Romero (Salvia rosmarinus) y Adelfa (Nerium oleander).",2,http://www.madrid.es/sites/v/index.jsp?vgnextchannel=bfa48ab43d6bb410VgnVCM100000171f5a0aRCRD&vgnextoid=1a174f963318e210VgnVCM1000000b205a0aRCRD,RAFAELA YBARRA,AVENIDA,V,85,,,,,MADRID,MADRID,28026,7,PRADOLONGO,12,USERA,439561,4469688,40.37557617692429,-3.711963730232908,,,,/contenido/entidadesYorganismos/ParquesJardines
5987347,Parque de Rafael Finat,"El Parque de Rafael Finat es un pequeo y acogedor espacio verde de barrio, ubicado en una ladera y rodeado de arbolado. Cuenta con una zona de juegos infantiles, un rea deportiva y una hermosa fuente ornamental que aade encanto al entorno. Es un lugar ideal para hacer una pausa y desconectar en un ambiente tranquilo y agradable.",,Zonas infantiles Pista de patinaje,"Bus: 17, 117, 139 Servicio Bicimad, para consultar la estacin ms cercana, acceda al mapa de geolocalizacin de las estaciones.","Conservacin: Direccin General de Gestin del Agua y Zonas Verdes. rea de Gobierno de Medio Ambiente y Movilidad. Superficie: 10.011 m&sup2;. Vegetacin predominante: rboles: Olmo de Siberia (Ulmus pumila), Ciprs de Leyland (Cupressus x leylandii), Ciruelo rojo (Prunus cerasifera) y lamo plateado (Populus alba). Macizos arbustivos: Hiedra (Hedera), Laurentino (Viburnum tinus) y Rosas (Rosas).",2,http://www.madrid.es/sites/v/index.jsp?vgnextchannel=bfa48ab43d6bb410VgnVCM100000171f5a0aRCRD&vgnextoid=d91fe18c97a9e210VgnVCM1000000b205a0aRCRD,VIDAUBA,CALLE,V,4,,,,,MADRID,MADRID,28044,7,LAS AGUILAS,10,LATINA,435155,4470594,40.383406554321375,-3.7639655933540093,,,,/contenido/entidadesYorganismos/ParquesJardines
5989182,Parque de Salvador Allende,"El Parque de Salvador Allende est ubicado junto a la Avenida de la Peseta, la principal arteria del Plan de Actuacin Urbanstica (PAU) de Carabanchel, y cerca de la estacin de metro homnima. Este espacio verde, de reciente construccin, se caracteriza por zonas estanciales tanto terrizas como pavimentadas, adornadas con numerosos macizos arbustivos. Las especies vegetales son an jvenes y se encuentran en proceso de crecimiento. El parque cuenta con una pradera longitudinal en uno de sus laterales y se organiza en dos niveles. En el nivel inferior, junto a la Avenida de la Peseta y la estacin de metro, se encuentra un amplio auditorio. En el nivel superior, destaca una pequea lmina de agua y un monolito que proviene de la antigua dovela (anillo) de la tuneladora que atraves el parque, aadiendo un elemento de inters histrico a este moderno espacio.",,Zonas infantiles Zonas de mayores Auditorios Petanca (El cine de verano se realiza en el anfiteatro Violeta Parra),"Bus: 35, 118,155, SE1, SE832 Metro: La Peseta (lnea 11) Servicio Bicimad, para consultar la estacin ms cercana, acceda al mapa de geolocalizacin de las estaciones.","Conservacin: Direccin General de Gestin del Agua y Zonas Verdes. rea de Gobierno de Medio Ambiente y Movilidad.rea de Gobierno de Medio Ambiente. Superficie: 37.283 m&sup2;. Vegetacin predominantes: rboles: Mimosa plateada (Acacia dealbata), Ciprs de Leyland (Cupressus x leylandii) y Arce (Acer platanoides). Arbustos: Rosa (Rosa), Fotinia (Photinia) y Tuya (Thuja). Macizos arbustivos: Agracejo (Berberis vulgaris), Vinca (Vinca) y Esprea (Spiraea).",2,http://www.madrid.es/sites/v/index.jsp?vgnextchannel=bfa48ab43d6bb410VgnVCM100000171f5a0aRCRD&vgnextoid=7cfaa531dcf9e210VgnVCM2000000c205a0aRCRD,SALVADOR ALLENDE,CALLE,V,3,,,,,MADRID,MADRID,28054,6,BUENAVISTA,11,CARABANCHEL,435693,4468472,40.364341448699825,-3.757402071835875,,,,/contenido/entidadesYorganismos/ParquesJardines
5989658,Parque de San Isidro,"El Parque de San Isidro, el segundo en extensin del distrito tras el Parque Emperatriz Mara de Austria, pero sin duda el ms representativo, se encuentra ubicado en las proximidades de la histrica Ermita de San Isidro y muy cerca del ro Manzanares. Se caracteriza por su irregularidad formal y por las fuertes pendientes en toda su superficie. El parque, que se desarrolla sobre la antigua pradera del Santo, se inaugur en 1970 en el da del patrn, el 15 de mayo. En este espacio se celebran, anualmente, las festividades en honor al santo que da nombre al parque y es tradicin acudir en esta festividad vestido de chulapo y chulapa. Este recinto alberga, entre otros atractivos, el Jardn de Palmeras, inaugurado en 2006, un espacio que destaca por su coleccin de diversas especies palmceas y plantas vivaces. A lo largo del parque, los visitantes pueden disfrutar de una senda botnica, as como de una fuente central que aade un toque de serenidad al entorno. El parque se caracteriza tambin por sus amplias praderas de csped, un denso arbolado y macizos de arbustos y flores, que, junto con los anchos caminos terrizos, crean el ambiente perfecto para paseos relajantes. Este parque se riega con agua regenerada. El lugar est, adems, dotado de un carril bici, dos fuentes ornamentales y una lmina de agua que puede ser cruzada por un pintoresco puente, proporcionando un entorno natural y accesible para todos los visitantes. En su recorrido se encuentran diferentes esculturas. La ms destacada, situada en el paseo de la Ermita del Santo, es la que reproduce la cabeza de Goya esculpida en piedra blanca. Se ubica en el mismo punto que el genio aragons escogi para inmortalizar la pradera de San Isidro. En el mimso entorno se yerguen restos que pertenecieron al Palacio de Larios, que estaba en la Castellana hasta que se demoli en 1960. Dentro de sus instalaciones, el parque acoge tambin un recinto ferial, donde se desarrollan diversas actividades durante el ao. En particular, en el mes de mayo, este espacio alberga una parte significativa de las celebraciones de las fiestas de San Isidro, y se destina a actividades deportivas durante el resto del ao. El parque se someti en 2022 a una importante reforma.",,Zonas infantiles Zonas de mayores Zonas caninas Instalaciones deportivas Recinto ferial,"Metro: Marqus de Vadillo (lnea 5) Bus: 17 , 50 Servicio Bicimad, para consultar la estacin ms cercana, acceda al mapa de geolocalizacin de las estaciones.","Conservacin: Direccin General de Gestin del Agua y Zonas Verdes. rea de Gobierno de Medio Ambiente y Movilidad. Superficie: 270.076 m&sup2;. Vegetacin predominantes rboles: Pino pionero (Pinus pinea), Pltano de sombra (Platanus &times; hispanica), Ciprs de Lawson (Chamaecyparis lawsoniana) y Ciruelo rojo (Prunus cerasifera). Arbustos: Fotinia (Photinia), Tuya (Thuja) y Laurel (Laurus nobilis). Macizos arbustivos: Junpero horizontal (Juniperus horizontalis), Adelfa (Nerium oleander) y Palma enana americana (Serenoa repens).",2,http://www.madrid.es/sites/v/index.jsp?vgnextchannel=bfa48ab43d6bb410VgnVCM100000171f5a0aRCRD&vgnextoid=8c420bef1b2ae210VgnVCM1000000b205a0aRCRD,ERMITA DEL SANTO,PASEO,V,74,,,,c/v Pso. Quince de Mayo,MADRID,MADRID,28019,3,SAN ISIDRO,11,CARABANCHEL,438180,4472327,40.39924815906885,-3.7284983869120603,,,,/contenido/entidadesYorganismos/ParquesJardines
6002086,Parque de Santa Ana,"Zona verde con numeroso arbolado joven y caminos adoquinados en toda su superficie. En la calle de acceso al parque se ubica una vez a la semana un mercadillo para los vecinos, por lo que el parque es muy frecuentado. Dispone de un mirador y de una zona infantil. Por uno de los laterales del parque pasa el Camino de Santiago.",,Zonas infantiles,"Bus: 66, 137 Servicio Bicimad, para consultar la estacin ms cercana, acceda al mapa de geolocalizacin de las estaciones.",Conservacin: Direccin General de Gestin del Agua y Zonas Verdes. rea de Gobierno de Medio Ambiente y Movilidad Superficie: 19.913 m2 % Especies predominantes (nombre comn) con respecto a especies principales: rboles. N&ordm; total de unidades arbreas: 383Arce 16%Pltano de sombra 44%Ciprs de Monterrey 15%Tuya oriental 6% Arbustos. N&ordm; total de unidades arbustivas: 18Ciruelo rojo 72%Lilo 17%Ciprs de Monterrey 11% Macizos arbustivos. Superficie de macizos arbustivos: 792 m2 Romero 21%Espino de fuego 20%Rosa de siria 9%,2,http://www.madrid.es/sites/v/index.jsp?vgnextchannel=bfa48ab43d6bb410VgnVCM100000171f5a0aRCRD&vgnextoid=07ce042c5f8ce210VgnVCM2000000c205a0aRCRD,SAN CUGAT DEL VALLES,CALLE,V,4,,,,,MADRID,MADRID,28034,6,VALVERDE,8,FUENCARRAL-EL PARDO,441227,4483196,40.49738155071247,-3.6936009892949127,,,,/contenido/entidadesYorganismos/ParquesJardines
6004232,Parque de Villa Rosa-Paco Cao,"El Parque de Villa Rosa-Paco Cao, inaugurado en 1983 por Enrique Tierno Galvn, es el parque ms emblemtico de Hortaleza y fue diseado con la participacin de las asociaciones de vecinos del barrio de Villa Rosa. Es un parque alargado que se encuentra junto a la va de circunvalacin M-40 y a lo largo de la calle de Aconcagua al norte y de las Pedroeras al sur. Destaca por una ra que atraviesa el parque y que es cruzada por nueve puentes, comenzando en un reloj de sol y finalizando en un singular palomar. Entre sus elementos ms singulares se encuentra la casa derrumbada, que simboliza un edificio bombardeado, con un monumento a Enrique Tierno Galvn en su interior, y el templete, dedicado a la tranquilidad. Adems de los elementos singulares aparecen tambin zonas infantiles, deportivas y para mayores y un carril-bici. En el extremo este se encuentran un rea de pcnic y una zona de atraccin de mariposas. Los paseos de de terrizo dejan a su paso diferentes macizos arbustivos y cspedes. El arbolado presente son grandes cipreses junto con pinos, tilos, pltanos de sombra, acacias, olivos, abetos, olmos, chopos, ciruelos rojos y un grupo de pinsapos en el remate junto a la calle Aconcagua. En 2016, el parque inaugur el primer circuito inclusivo en la Comunidad de Madrid, con recorridos accesibles para personas con diversidad funcional. Adems, ese mismo ao, el parque pas a llamarse Villa Rosa-Paco Cao, en homenaje a este destacado dirigente vecinal. En su memoria, se instal un monolito con una inscripcin que celebra su lucha incansable por la comunidad. En 2019 se plant un retoo del histrico roble presente en la Casa de Juntas de Guernica y se instal un monolito conmemorativo.",,Zonas infantiles Circuito inclusivo Zonas de mayores Zonas caninas Instalaciones deportivas Esculturas Monumentos Ra,"Bus: 73 y 104 Servicio Bicimad, para consultar la estacin ms cercana, acceda al mapa de geolocalizacin de las estaciones.","Conservacin: Direccin General de Gestin del Agua y Zonas Verdes. rea de Gobierno de Medio Ambiente y Movilidad. Superficie: 49.498 m&sup2;. Vegetacin predominante: rboles: Pltano de sombra (Platanus &times; hispanica), Pino pionero (Pinus pinea), Almez americano (Celtis occidentalis) y Arce (Acer). Arbustos: Laurentino (Viburnum tinus), Jara pringosa (Cistus ladanifer) y Laurel cerezo (Prunus laurocerasus). Macizos arbustivos: Gayomba (Spartium junceum), Cornejo (Cornus) y Lavanda (Lavandula).",2,http://www.madrid.es/sites/v/index.jsp?vgnextchannel=bfa48ab43d6bb410VgnVCM100000171f5a0aRCRD&vgnextoid=66d84eb3b28de210VgnVCM1000000b205a0aRCRD,ACONCAGUA,CALLE,V,2,,,,,MADRID,MADRID,28043,3,CANILLAS,16,HORTALEZA,446458,4479969,40.468674190501815,-3.631588640594873,,,,/contenido/entidadesYorganismos/ParquesJardines
6005852,Parque de don David Prez y don Miguel ngel Gonzlez,"El Parque de los Llanos es uno de los parques ajardinados ms grandes del distrito de Hortaleza, situado entre la Avenida Machupichu y la M-40. Se caracteriza por amplias avenidas flanqueadas por alineaciones de pino pionero y arces, as como por extensas zonas de arbustos y csped que proporcionan un entorno verde y abierto. Adems de pinos y arces, hay diferente arbolado, como pltanos de sombra, castaos de Indias, aligustres, fresnos, catalpas, falsas acacias, cipreses, cedros y ariznicas, bajo un patrn organizado. Aparecen tambin diferentes arbustos, tales como espinos de fuego, fotinias, etc. El parque cuenta con tres pistas polideportivas distribuidas en diferentes puntos, ideales para la prctica de diversos deportes, y tres zonas infantiles que ofrecen espacios para el ocio de la infancia. Adems, dispone de un rea de descanso ubicada cerca de la calle Francisco Morejn, donde sus visitantes pueden relajarse y disfrutar del entorno, varios merenderos y la parroquia Mara Virgen Madre. El parque tiene adems una fuente de ocho caos gemela de las que existieron en distintos puntos de la ciudad, tales como Pretil de los Consejos, Tirso de Molina, plaza de la Encarnacin o plaza del Conde de Toreno. El parque se finaliz en 1995 y en 2014 se realizaron trabajos de mejora de sus infraestructuras.",,Zonas infantiles Instalaciones deportivas,"Metro: Canillas (lnea 4). Bus: 73 , 112 , 120 , 122 , 153. Servicio Bicimad, para consultar la estacin ms cercana, acceda al mapa de geolocalizacin de las estaciones.","Conservacin:Direccin General de Gestin del Agua y Zonas Verdes. rea de Gobierno de Medio Ambiente y Movilidad. Superficie: 94.918 m&sup2;. Vegetacin predominante: rboles: Arce (Acer), Fresno (Fraxinus), Pino pionero (Pinus pinea) y Catalpa (Catalpa). Arbustos: Ciruelo rojo (Prunus cerasifera), Fotinia (Photinia) y Tuya oriental (Platycladus orientalis). Macizos arbustivos: Espino de fuego (Pyracantha coccinea), Adelfa (Nerium oleander) y Junpero horizontal (Juniperus horizontalis).",2,http://www.madrid.es/sites/v/index.jsp?vgnextchannel=bfa48ab43d6bb410VgnVCM100000171f5a0aRCRD&vgnextoid=ffe8e938b9cde210VgnVCM1000000b205a0aRCRD,DIONISIO INCA YUPANQUI,CALLE,V,8,,,,,MADRID,MADRID,28043,2,PIOVERA,16,HORTALEZA,446748,4479185,40.461621132349094,-3.6281020785174873,,,,/contenido/entidadesYorganismos/ParquesJardines
5999142,Parque de la Alcazaba,"El Parque de la Alcazaba es un extenso espacio verde que ofrece amplias praderas y una abundante variedad de rboles. El parque desciende en talud cubierto de csped, que se conecta a la calle Ribadavia a travs de una rampa italiana con bordillo; este talud se extiende tambin por los desniveles de la calle Sinesio Delgado. Dispone de una extensa red de caminos que conducen a diversas reas de descanso, adems de contar con una zona canina, pistas deportivas, reas de juegos infantiles y un espacio para calistenia. Destaca por la presencia de numerosos pozos, convirtindolo en un lugar ideal para practicar deporte y disfrutar del ocio, todo ello en un entorno bien mantenido que invita a pasear.",,Zonas infantiles Instalaciones deportivas Miradores,"Bus: 42 Servicio Bicimad, para consultar la estacin ms cercana, acceda al mapa de geolocalizacin de las estaciones.","Conservacin: Direccin General de Gestin del Agua y Zonas Verdes, rea de Gobierno de Medio Ambiente y Movilidad. Superficie: rea de 119.657 m&sup2;. Vegetacin predominante: Ejemplares arbreos: Pltano de sombra (Platanus x hispanica), pino pionero (Pinus pinea), olmo de Siberia (Ulmus pumila) y lamo gris (Populus canescens). Arbustos: Adelfa (Nerium oleander), rosa de Siria (Hibiscus syriacus) y forsythia (Forsythia spp.). Macizos arbustivos: Adelfa (Nerium oleander), agracejo (Berberis spp.) y pitosporo (Pittosporum spp.).",2,http://www.madrid.es/sites/v/index.jsp?vgnextchannel=bfa48ab43d6bb410VgnVCM100000171f5a0aRCRD&vgnextoid=625c80aeae3ce210VgnVCM1000000b205a0aRCRD,RIBADAVIA,CALLE,V,45,,,,,MADRID,MADRID,28029,4,EL PILAR,8,FUENCARRAL-EL PARDO,440059,4480461,40.47266915640937,-3.707125226601671,,,,/contenido/entidadesYorganismos/ParquesJardines
5995076,Parque de la Almudena,"El Parque de la Almudena es un extenso pulmn verde de forma rectangular entre la calle Nicols Salmern y la Avenida de Daroca, que destaca por el diseo geomtrico de sus paseos, estructurados en tres niveles, flanqueados por setos de aligustre y una frondosa arboleda. Este parque se ha diseado para ofrecer a sus visitantes amplias zonas de descanso, donde se puede disfrutar de la serenidad del lugar. El parque est poblado por grandes rboles, principalmente pltanos de sombra y olmos, con una notable presencia de cipreses, castaos de Indias y ciruelos rojos. El borde perimetral est formado por macizos arbustivos y csped. Adems, cuenta con un rea canina y dos espacios de juegos infantiles, lo que lo convierte en un punto de encuentro perfecto para familias y mascotas. El parque toma prestado su nombre del colindante Cementerio de la Almudena, del que se tiene una amplia visin desde distintos puntos.",,Zonas infantiles,"Bus: 70 , 106 Servicio Bicimad, para consultar la estacin ms cercana, acceda al mapa de geolocalizacin de las estaciones.","Conservacin: Direccin General de Gestin del Agua y Zonas Verdes, rea de Gobierno de Medio Ambiente y Movilidad. Superficie: rea de 36.395 m&sup2;. Vegetacin predominante: rboles: Ciruelo rojo (Prunus cerasifera), pltano de sombra (Platanus x hispanica), olmo comn (Ulmus minor) y castao de Indias (Aesculus hippocastanum). Arbustos: Adelfa (Nerium oleander), bola de nieve (Viburnum opulus) y aligustre del Japn (Ligustrum japonicum). Macizos arbustivos: Espino de fuego (Pyracantha coccinea), evnimo (Euonymus spp.) y aligustre del Japn (Ligustrum japonicum).",2,http://www.madrid.es/sites/v/index.jsp?vgnextchannel=bfa48ab43d6bb410VgnVCM100000171f5a0aRCRD&vgnextoid=079127e7679be210VgnVCM2000000c205a0aRCRD,NICOLAS SALMERON,CALLE,V,4,,,,,MADRID,MADRID,28017,2,PUEBLO NUEVO,15,CIUDAD LINEAL,446349,4474634,40.42060649869604,-3.6324237307227616,,,,/contenido/entidadesYorganismos/ParquesJardines
5979865,Parque de la Amistad,"El Parque de la Amistad es un amplio espacio abierto, que cuenta con una red de paseos adoquinados que recorren praderas de csped, macizos arbustivos y un arbolado cuidadosamente distribuido, en el que predomina el olmo siberiano, el pino pionero, el ciruelo rojo y el cedro llorn. Un elemento distintivo del parque son las plantaciones de rosales dispuestas en forma de estrella en las praderas centrales. El parque dispone de varias instalaciones deportivas, como pistas de ftbol y baloncesto, ubicadas en la parte sur, as como zonas infantiles distribuidas por todo su espacio. Tambin ofrece pistas de petanca y diversas mesas de juegos, lo que lo convierte en un lugar muy completo y agradable para el disfrute de personas de todas las edades.",,Zonas infantiles Instalaciones deportivas,"Metro: Villaverde Bajo - Cruce (linea 3) Bus: 18, 116 Servicio Bicimad, para consultar la estacin ms cercana, acceda al mapa de geolocalizacin de las estaciones.","Conservacin: Direccin General de Gestin del Agua y Zonas Verdes, rea de Gobierno de Medio Ambiente y Movilidad. Superficie: rea de 19.420 m&sup2;. Vegetacin predominante: Ejemplares arbreos: Olmo de Siberia (Ulmus pumila), pino pionero (Pinus pinea), ciruelo rojo (Prunus cerasifera) y cedro llorn (Cedrus pendula). Arbustos: Espirea (Spiraea spp.), laurel cerezo (Prunus laurocerasus) y cotoneaster (Cotoneaster spp.). Macizos arbustivos: Rosa (Rosa spp.), piracantas (Pyracantha spp.) y romero (Rosmarinus officinalis).",2,http://www.madrid.es/sites/v/index.jsp?vgnextchannel=bfa48ab43d6bb410VgnVCM100000171f5a0aRCRD&vgnextoid=04605a943957e210VgnVCM2000000c205a0aRCRD,SANTA PETRONILA,CALLE,V,21,,,,,MADRID,MADRID,28021,4,LOS ROSALES,17,VILLAVERDE,441219,4466649,40.348326631620154,-3.6921658727994773,,,,/contenido/entidadesYorganismos/ParquesJardines
5992502,Parque de la Bombilla,"El Parque de la Bombilla es una extensa zona verde con forma alargada y llana, delimitada por el trazado de la lnea frrea con origen en la antigua Estacin del Norte y por la avenida de Valladolid, con sendas curvas o rectas pavimentadas en color rojizo. Su precioso paseo arbolado, compuesto por ejemplares maduros, est acompaado por amplias praderas y una diversidad de plantas de diferentes especies. El parque tambin cuenta elementos caractersticos, como una gran plaza circular con ocho caminos radiales desde la cual se accede a una de las pasarelas sobre la va frrea que dan acceso al Parque del Oeste, una plaza rectangular con un estanque elipsoidal, o una plaza con un estanque amebiforme. En su mayora, su superficie est compuesta de csped con la presencia de arbustos y arbolado como ciruelo rojo, melia, aligustre, almez, cedro, fresno, castao de Indias, pltano de sombra y falsa acacia entre otros. Entre sus instalaciones se encuentran zonas de juegos infantiles, un rea de calistenia y el acceso a una pista municipal con campos de tenis. Adems, es famoso por ser el escenario de las fiestas de San Antonio, que se celebran en junio y atraen a numerosos visitantes con diversas actuaciones y eventos. El Parque de la Bombilla se encuentra estrechamente relacionado con el Pasillo Verde Ferroviario, una antigua lnea frrea que conectaba varias estaciones clave de Madrid, como Prncipe Po, Imperial, Peuelas, Delicias y Medioda (actual Atocha). Esta lnea ferroviaria, que dej de funcionar a mediados del siglo XX, fue transformada en un espacio verde que ahora recorre la ciudad, y parte de su trazado pasa por el Parque de la Bombilla, convirtindolo en una zona de transicin entre la historia industrial y el paisaje urbano actual.",,Zonas infantiles Instalaciones deportivas Parking de bicicletas,"Metro: Prncipe Po (lneas 6, 10 y R) Bus : 41, 46, 75, N20 Renfe: Prncipe Po (Lneas C1, C7, C10 y Regional) Servicio Bicimad, para consultar la estacin ms cercana, acceda al mapa de geolocalizacin de las estaciones.","Conservacin: Direccin General de Gestin del Agua y Zonas Verdes, rea de Gobierno de Medio Ambiente y Movilidad. Superficie: 110.231 m&sup2; Vegetacin predominante: Ejemplares arbreos: Falsa acacia (Robinia pseudoacacia), ciruelo rojo (Prunus cerasifera), pltano de sombra (Platanus x hispanica), castao de Indias (Aesculus hippocastanum). Arbustos: Glicinia (Wisteria sinensis), aligustre (Ligustrum vulgare), rosa de Siria (Hibiscus syriacus). Macizos arbustivos: Glicina (Wisteria sinensis), jazmn (Jasminum spp.), forsythias (Forsythia spp.).",2,http://www.madrid.es/sites/v/index.jsp?vgnextchannel=bfa48ab43d6bb410VgnVCM100000171f5a0aRCRD&vgnextoid=542b896bd24be210VgnVCM2000000c205a0aRCRD,VALLADOLID,AVENIDA,V,4,,,,,MADRID,MADRID,28008,1,CASA DE CAMPO,9,MONCLOA-ARAVACA,438169,4475556,40.42834456035844,-3.728941931668392,,,,/contenido/entidadesYorganismos/ParquesJardines
5987416,Parque de la Casa de Campo,"La Casa de Campo de Madrid fue un Real Sitio destinado a la caza y al recreo de la Monarqua desde que Felipe II adquiri la primitiva finca de la familia Vargas en 1562, hasta la incautacin de los bienes de la Corona por el Gobierno de la Segunda Repblica mediante un Decreto del 20 de abril de 1931. A travs de dicho Decreto, los terrenos de la Casa de Campo y del Campo del Moro fueron cedidos al Ayuntamiento de Madrid para su uso como parques de recreo e instruccin pblica. En 2010, se declar Bien de Inters Cultural en la categora de Sitio Histrico. Actualmente, la Casa de Campo constituye el principal pulmn verde de la ciudad y alberga diversas actividades relacionadas con su uso recreativo y educativo para los ciudadanos. A su valor ecolgico y paisajstico se suma una importante carga histrica, reflejada en restos arqueolgicos significativos, edificaciones de carcter histrico-monumental vinculadas a su etapa como Real Sitio y una representacin de arquitecturas contemporneas surgidas desde su conversin en parque pblico. Se trata de un parque histrico de carcter principalmente forestal, de gran extensin, con un relieve ondulado que presenta suaves pendientes y pequeos cerros. Est atravesado por pequeos valles donde discurren varios arroyos, algunos permanentes y otros estacionales, que confluyen en el ro Manzanares. Entre las lminas de agua destaca el Lago de la Casa de Campo y varias charcas artificiales, que proporcionan hbitat y alimento a la fauna local. Dentro de la Casa de Campo se encuentran varios recintos de gestin independiente, como el Parque de Atracciones, el Parque Zoolgico, el Recinto Ferial, la Venta del Batn y el Club de Campo. En cuanto a su vegetacin, destacan encinares, retamares, fresnedas, olmedas, bosques de ribera y repoblaciones de pinos y ariznicas. En algunas zonas, las encinas comienzan a emerger, iniciando un proceso natural de sustitucin del pinar. Este emblemtico espacio est recomendado entre las visitas tursticas a la ciudad, segn la web oficial de turismo de Madrid.","Durante todo el ao, ininterrumpido para peatones. Cerrado al trfico privado. Los accesos del Zoo, Parque de Atracciones, Paseo de Extremadura y zona del Lago se cierran de 1 a 6 horas.",,"Metro: Batn (lnea 10) Servicio Bicimad, para consultar la estacin ms cercana, acceda al mapa de geolocalizacin de las estaciones.","Conservacin: Direccin General de Gestin del Agua y Zonas Verdes, rea de Gobierno de Medio Ambiente y Movilidad. Superficie: 1.535,52 hectreas. Vegetacin predominante: Ejemplares arbreos: pino pionero (Pinus pinea), encina (Quercus ilex), ciprs de Arizona (Cupressus arizonica), fresno (Fraxinus spp.), olmo (Ulmus spp.).",2,http://www.madrid.es/sites/v/index.jsp?vgnextchannel=bfa48ab43d6bb410VgnVCM100000171f5a0aRCRD&vgnextoid=482a315919a9e210VgnVCM1000000b205a0aRCRD,PUERTA DEL ANGEL,PASEO,V,1,,,,,MADRID,MADRID,28011,1,CASA DE CAMPO,9,MONCLOA-ARAVACA,438050,4474045,40.41472407139105,-3.7301857404819767,,,,/contenido/entidadesYorganismos/ParquesJardines/ParquesHistoricos
5984464,Parque de la Cua Verde de Latina,"El Parque de la Cua Verde de Latina es una extensa zona verde de forma alargada, atravesada por las calles Seplveda y Alhambra, y dotada de miradores distribuidos a lo largo de su recorrido, que ofrecen impresionantes vistas de la Catedral de la Almudena y el Palacio Real. Esta gran zona verde es una de las ms singulares de la ciudad, al integrar un amplio elenco de elementos que la confieren ese carcter: muros de hormign, puentes, torres de iluminacin, pasarelas, miradores, umbrculos, etc. Desde sus miradores (el Alto y el Bajo, situados al oeste y este de la calle Alhambra respectivamente) hay magnficas vistas de la ciudad. Son muy interesantes los restos de fortines y bunkers de la guerra civil. En el Cerro de la Mica nace una pequea ra en cuyos extremos aparecen fuentes de agua en forma de caracola. Tambin existen otras lminas de agua. El arbolado est formado por pltanos de sombra, falsas acacias, pinos pioneros, ciruelos rojos, melias, cedros, tilos, chopos, almeces y castaos de Indias. Existen algunos ejemplares de pino del Himalaya, bonita especie de pino con cinco acculas y pia de gran tamao. Aparecen tambin algunos grandes ejemplares de frutales (moreras y albaricoqueros), que provienen de restos de los patios y huertos de las antiguas infraviviendas. Este parque cuenta con numerosas reas infantiles y zonas deportivas, como un rocdromo y un carril bici, que lo recorre de extremo a extremo. Adems, alberga una rosaleda, tres estanques y una pasarela peatonal elevada que cruza la calle Caramuel, creando un entorno especial para pasear y disfrutar del ambiente y el paisaje urbano. La primera fase de su desarrollo se realiz en 1991, culminandose la ltima fase en 2002, siendo inaugurado por el entonces alcalde Alvarez del Manzano en 2003. En 2006 se demolieron estructuras metlicas y de hormign que formaban parte del espacio y en 2013 una zona de infraviviendas. En 2012 se instal una placa en recuerdo de Andrs Saborit, Teniente de Alcalde en el Ayuntamiento de Madrid en los aos treinta del siglo XX. En 2014, la calle que delimita el parque por el sureste pas a denominarse calle Angel Sanz Briz, conocido como el &ldquo;ngel de Budapest&rdquo; por salvar la vida de unos 5.000 judos en esta ciudad durante el Holocausto. En 2020 se realizaron importantes mejoras en el parque.",,Zonas infantiles Zonas de mayores Instalaciones deportivas Carril bici Punto limpio Rocdromo Miradores,"Metro: Laguna (linea 6) Bus: 17 , 25 , 31 , 55 , 119 Servicio Bicimad, para consultar la estacin ms cercana, acceda al mapa de geolocalizacin de las estaciones.","Conservacin: Direccin General de Gestin del Agua y Zonas Verdes. rea de Gobierno de Medio Ambiente y Movilidad. Superficie. 653.281 m&sup2;. Vegetacin predominante: rboles: Pltano de sombra (Platanus &times; hispanica), Pino pionero (Pinus pinea), Falsa acacia (Robinia pseudoacacia) y Ciruelo rojo (Prunus cerasifera). Arbustos: Rosas (Rosas) y Laurel cerezo (Prunus laurocerasus). Macizos arbustivos: Piracanta de hoja estrecha (Pyracantha angustifolia), Abelia (Abelia) y Espino de fuego (Pyracantha coccinea).",2,http://www.madrid.es/sites/v/index.jsp?vgnextchannel=bfa48ab43d6bb410VgnVCM100000171f5a0aRCRD&vgnextoid=66732baf6409e210VgnVCM1000000b205a0aRCRD,CONCEJAL FRANCISCO JOSE JIMENEZ MARTIN,CALLE,V,11,,,,,MADRID,MADRID,28047,3,LUCERO,10,LATINA,436469,4472423,40.39998426244181,-3.7486569900905633,,,,
5978380,Parque de la Cua Verde de ODonnell,"El Parque de la Cua Verde de O'Donnell se extiende entre los distritos de Moratalaz y Ciudad Lineal, ocupando terrenos situados al sur y al este del Cementerio de la Almudena. En el Distrito de Moratalaz, se encuentra delimitado por la prolongacin de la calle O'Donnell al norte, la calle Doctor Garca Tapia y la calle Jos Bergamn al sur, la calle Fuente Carrantona al este y la calle Arroyo de la Media Legua al oeste. En Ciudad Lineal, el parque abarca el rea sur y este del Cementerio, delimitado por la prolongacin de la calle O'Donnell, la Avenida Daroca y la calle Fuente Carrantona, en lo que ha venido a denominarse Cua Norte de O'Donnell. Este parque forma parte del sistema de espacios libres integrado en el modelo urbanstico del Plan General, que busca conectar y penetrar reas verdes dentro del entorno urbano. Las cuas verdes surgen en los instrumentos urbansticos como elementos de conexin de zonas verdes y la Cua de O&acute;Donnell estaba recogida ya en el Plan General de 1963. Proviene de espacios degradados, que en muchos casos se utilizaban como vertederos, y se construy mucho ms tarde y en varias fases, la primera inaugurada en 2005 y la quinta en 2021. En el extremo oeste an queda pendiente una zona sin desarrollar, as como por finalizar completamente, integrada en el Bosque Metropolitano, la Cua Norte de O'Donnell. Con un diseo que alterna reas forestales y de recreo, el Parque de la Cua Verde de O'Donnell se configura como un espacio donde se combinan instalaciones deportivas como un skate park y uno de los pocos pump track para bicis bmx que hay en Madrid, zonas de descanso y reas infantiles, as como un mirador, un auditorio y plataformas habilitadas como recinto ferial. Est poblado por abundante arbolado compuesto de pinos pioneros, encinas, olivos, robles, pltanos de sombra, alcornoques, cedros, almeces y melias, entre otros, y tambin dispone de zonas arbustivas y de csped. Con las fases de consolidacin previstas, el parque tiene como objetivo convertirse en un lugar de actividad continua, promoviendo tanto el deporte como la convivencia, y ofreciendo un espacio de encuentro para el vecindario. Las fases ya ejecutadas permiten que este parque sea un referente para actividades al aire libre, favoreciendo la interaccin y el disfrute en un entorno natural dentro de la ciudad.",,Zonas infantiles Zonas de mayores Zonas caninas Instalaciones deportivas Puntos de informacin ambiental Auditorio Circuito Biosaludable Carril Bici,"Bus: 140 Servicio Bicimad, para consultar la estacin ms cercana, acceda al mapa de geolocalizacin de las estaciones.","Conservacin: Direccin General de Gestin del Agua y Zonas Verdes. rea de Gobierno de Medio Ambiente y Movilidad Superficie: 413.588 m&sup2;. Vegetacin predominante: rboles: Pino (Pinus), Roble (Quercus robur), Almez (Celtis australis) y Encina (Quercus ilex). Arbustos: Escalonia (Escallonia), Fotinia (Photinia) y Durillo (Viburnum).",2,http://www.madrid.es/sites/v/index.jsp?vgnextchannel=bfa48ab43d6bb410VgnVCM100000171f5a0aRCRD&vgnextoid=8c86e2704a07e210VgnVCM1000000b205a0aRCRD,FUENTE CARRANTONA,CALLE,V,61,,,,,MADRID,MADRID,28030,3,MARROQUINA,14,MORATALAZ,446635,4473699,40.41220177650095,-3.628985975935673,,,,/contenido/entidadesYorganismos/ParquesJardines/ParquesForestales
5981460,Parque de la Dehesa Boyal,"El Parque de la Dehesa Boyal, ubicada entre la Gran Va de Villaverde, la calle de Burjasot y las lneas frreas, es el parque ms al sur de la ciudad. Es un espacio verde ms o menos triangular que se divide en dos zonas claramente diferenciadas. La primera, constituida por amplias praderas de csped y macizos arbustivos, est atravesada por una red de paseos y caminos que rodean un estanque de grandes dimensiones, con surtidores, con una rocalla y un templete. En esta zona el arbolado es variado, predominando castaos de Indias, almeces, ciruelos rojos, perales de flor, moreras, tuyas, acacias, liquidmbares, aligustres y palmitos, entre otros. La segunda zona est formada por una densa masa de pinos carrascos, pioneros y cipreses, donde es comn observar la poblacin de ardillas que habita en el parque. Todo el parque es atravesado por paseos pavimentados y de terrizo y zonas estanciales con bancos. Tambin est dotado con zonas infantiles y juegos de calistenia. El ahora parque fue en su momento la dehesa boyal de Villaverde, es decir, un espacio donde pastaba el ganado de Villaverde. Los terrenos fueron cedidos inicialmente por el Ayuntamiento a la extinta Diputacin de Madrid para la instalacin de un vivero forestal, de donde proceden los pinos ms grandes del parque. Tras un incendio producido en 1969, que arras parte del arbolado, en 1970 los terrenos revertieron al municipio, que lo ajardin a partir de 1970, y en 1973 se inaugur como parque pblico.",,Zonas infantiles Zonas de mayores Circuito deportivo,"Bus: 59 y 79 Servicio Bicimad, para consultar la estacin ms cercana, acceda al mapa de geolocalizacin de las estaciones.","Conservacin: Direccin General de Gestin del Agua y Zonas Verdes. rea de Gobierno de Medio Ambiente y Movilidad. Superficie: 126.821 m&sup2;. Vegetacin predominante: rboles: Pino carrasco (Pinus halepensis), Olmo de Siberia (Ulmus pumila), Ciprs de Arizona (Cupressus arizonica) y Pino pionero (Pinus pinea). Arbustos: Junpero horizontal (Juniperus horizontalis), Tuya (Thuja) y Ciprs de Lawson (Chamaecyparis lawsoniana). Macizos arbustivos: Jara (Cistus), Lavanda (Lavandula) y Hiedra (Hedera).",2,http://www.madrid.es/sites/v/index.jsp?vgnextchannel=bfa48ab43d6bb410VgnVCM100000171f5a0aRCRD&vgnextoid=bc1a24622fa7e210VgnVCM2000000c205a0aRCRD,BURJASOT,CALLE,V,1,,A,,,MADRID,MADRID,28021,2,SAN CRISTOBAL,17,VILLAVERDE,441664,4466224,40.34452019989438,-3.686887364713823,,,,/contenido/entidadesYorganismos/ParquesJardines
7767308,Parque de la Gavia,"El Parque de la Gavia es una de las zonas verdes ms singulares del Ensanche de Vallecas. Su diseo inicial es del arquitecto japons Toyo Ito (Premio Pritzker 2013), que gan el concurso de ideas convocado en 2003, en base al cual se realiz una primera fase en 2007, aunque pronto se paraliz su construccin, debido fundamentalmente a la crisis econmica. Posteriormente, en 2016, se realiz un proceso participativo de gran alcance en el que se recogieron distintas propuestas ciudadanas, que complementaron y variaron el diseo. En 2018 se ejecut una segunda fase del parque, que rehabilitaba y completaba las obras originales y que incluy el cerramiento del parque, la reposicin de plantaciones deterioradas, la instalacin de un sistema de riego telegestionado y mejoras en pavimentacin y drenaje. En 2019 se licit un gran proyecto, cuya ejecucin concluy en 2021, que abarcaba ya la totalidad del parque e incorporaba las propuestas vecinales, ampliando las instalaciones y dando lugar una organizacin de espacios que prescinda en su mayor parte del diseo original. Cabe resear que este lugar haba sido elegido para la construccin un canal artificial para las pruebas de pirag&uuml;ismo en aguas bravas si la candidatura de Madrid para los Juegos olmpicos de 2012 hubiera salido adelante. La vegetacin est formada por bosquetes de lamos blancos, membrilleros, encinas, chopos negros, almeces, pltanos de paseo, sauces, arces, fresnos, tilos y almendros, por arbustivas como rosales silvestres, mimbreras, espinos blancos, sacos, etc., as como por amplias praderas de csped, en un paisaje compuesto por suaves colinas. El parque se estructura en dos zonas, una urbana y una forestal, separadas por una ra, con un recorrido que inicia en una cascada y termina en un lago. La ra discurre por donde lo haca el arroyo de la Gavia, y conecta las dos reas del parque mediante puentes peatonales. La zona urbana la constituyen: - Plaza del Agua: punto de reunin para realizar diferentes actividades, con pavimento permeable y vistas globales del parque. - Bosque de los Sentidos: con actividades y caminos ajardinados que conducen a diversas zonas infantiles. - rbol del Agua: un espacio acutico formado por un rbol escultrico en una zona acutica, rodeado de zonas paisajsticas y naturalizadas con diferentes usos En la parte forestal se ubican cinco colinas con temtica diferente y usos especficos: - Colina sobre Ruedas: espacio para deportes con ruedas, como bicicletas patines y skate. - Colina del Reciclaje: zona educativa que reutiliza neumticos para crear mobiliario y promover la conciencia ecolgica. - Colina del Viento: rea libre para el vuelo de cometas. - Mirador Estelar: un punto de encuentro y observacin del cielo vallecano. - Merendero, donde se ubican diferentes mesas de picnic. El parque ofrece tambin una gran variedad de reas para diferentes actividades, un rea canina, cuatro reas infantiles, un carril bici y nueve zonas deportivas, incluyendo: - rea de Integracin: zona inclusiva para menores con diversas capacidades, fomentando la creatividad, el ejercicio y el desarrollo motor. - Zona de Aventura: espacio con toboganes, tirolinas y juegos de aventura en un entorno natural. - Zona de los Sentidos: rea de juegos sensoriales, con instrumentos musicales y juegos tctiles. - Zona de Escalada: rocdromo con diferentes alturas para la prctica de la escalada. - Zona de Parkour: espacio adyacente a la zona de escalada para practicar parkour. - rea Deportiva: espacio con zonas de entrenamiento y pistas multideporte sobre la cubierta del estanque de tormentas. - Zona Canina: rea amplia para el entrenamiento de perros, ubicada sobre el estanque de tormentas. El parque est contiguo y conectado con el parque de La Atalayuela, consolidando dos espacios singulares dentro del paisaje urbano.",Horario de verano (de junio a septiembre): todos los das de 7 a 1 horas. Horario de invierno (de octubre a mayo): viernes y sbados de 7 a 24 horas; resto de la semana de 7 a 23 horas.,,"Metro: La Gavia, Congosto (linea 1) Autobs: Lnea 103 Servicio Bicimad, para consultar la estacin ms cercana, acceda al mapa de geolocalizacin de las estaciones.","Conservacin: Direccin General de Gestin del Agua y Zonas Verdes. rea de Gobierno de Medio Ambiente y Movilidad. Superficie: 195.000 m&sup2;. Vegetacin predominante: rboles: lamo blanco (Populus alba), M embrillero (Cydonia oblonga), Encina (Quercis ilex) y C hopo (Populus nigra). Macizos arbustivos: Rosa Silvestre (Rosa canina ), Mimbrera (Salix fragilis), Mimbrera (Salix viminalis) y Espino blanco (Crataegus monogyna).",2,http://www.madrid.es/sites/v/index.jsp?vgnextchannel=bfa48ab43d6bb410VgnVCM100000171f5a0aRCRD&vgnextoid=48a88d736701a410VgnVCM1000000b205a0aRCRD,MAYORAZGO,AVENIDA,V,26,,,,,MADRID,MADRID,28051,1,CASCO H.VALLECAS,18,VILLA DE VALLECAS,446655,4468783,40.36791659504536,-3.6283267501780205,917210079,,parquelagavia@madrid.es,
5984552,Parque de la Maceta,"El Parque de la Maceta, tambin conocido como Parque Casalarreina, es un modesto parque urbano situado en el barrio de Casco Histrico de Viclvaro, que conecta la zona edificada con el contiguo Parque de la Cua Verde. A pesar de su tamao, el parque destaca por su sensacin de volumen, gracias a las copas de los grandes rboles que lo rodean, principalmente chopos y pltanos, aunque tambin dispone de olmos siberianos, pinos pioneros y madroos. El parque se organiza mediante paseos que atraviesan praderas arboladas y dispone de varias zonas de recreo: una zona infantil, una rea canina y un conjunto de pistas deportivas para la prctica de actividades fsicas, para el disfrute de toda la comunidad.",,Zonas infantiles Zonas caninas Instalaciones deportivas,"Metro: Viclvaro (lnea 9) Bus: E3 , 4 , 100 , 106 , 130 Servicio Bicimad, para consultar la estacin ms cercana, acceda al mapa de geolocalizacin de las estaciones.","Conservacin:Direccin General de Gestin del Agua y Zonas Verdes. rea de Gobierno de Medio Ambiente y Movilidad. Superficie. 12.922 m&sup2;. Vegetacin predominante: rboles: Pltano de sombra (Platanus &times; hispanica), lamo blanco (Populus alba), Piino pionero (Pinus pinea) y Olmo de Siberia (Ulmus pumila). Arbustos: Madroo (Arbutus unedo).",2,http://www.madrid.es/sites/v/index.jsp?vgnextchannel=bfa48ab43d6bb410VgnVCM100000171f5a0aRCRD&vgnextoid=eb53e12aa509e210VgnVCM2000000c205a0aRCRD,DAROCA,AVENIDA,V,301,,,,,MADRID,MADRID,28032,,AMBROZ,,VICALVARO,447765,4473268,40.40838172678723,-3.6156327652234856,,,,/contenido/entidadesYorganismos/ParquesJardines
12006175,Parque de la Montaa Templo de Debod,,,,,,2,http://www.madrid.es/sites/v/index.jsp?vgnextchannel=bfa48ab43d6bb410VgnVCM100000171f5a0aRCRD&vgnextoid=8ac65b04f2be7810VgnVCM2000001f4a900aRCRD,PROFESOR MARTIN ALMAGRO BASCH,CALLE,V,,,,,,MADRID,MADRID,28008,1,CASA DE CAMPO,9,MONCLOA-ARAVACA,,,40.423065607234435,-3.7168927333258734,,,,
6002643,Parque de la Supermanzana,"Parque de entrebloques y en varias alturas con zonas de pinar, paseos, zonas infantiles y campo de ftbol. Tiene alguna pradera y preciosos sauces llorones.",,Zonas infantiles. Instalaciones deportivas,"Metro: Herrera Oria (lnea 9) Bus: 67, 83 Servicio Bicimad, para consultar la estacin ms cercana, acceda al mapa de geolocalizacin de las estaciones.",Conservacin: Direccin General de Gestin del Agua y Zonas Verdes. rea de Gobierno de Medio Ambiente y Movilidad. Superficie: 23.747 m2 Especies predominantes (nombre comn) con respecto a especies principales: rboles. N&ordm; total de unidades arbreas: 261Pltano de sombra 54%Pino pionero 34%Olmo de Siberia 3%Ciruelo rojo 3% Macizos arbustivos. Superficie de macizos arbustivos: 1.681 m&sup2; Espino de fuego 28%Adelfa 24%Pitosporo 3%,2,http://www.madrid.es/sites/v/index.jsp?vgnextchannel=bfa48ab43d6bb410VgnVCM100000171f5a0aRCRD&vgnextoid=0a68e7d9139ce210VgnVCM2000000c205a0aRCRD,SANGENJO,CALLE,V,27,,,,,MADRID,MADRID,28034,5,LA PAZ,8,FUENCARRAL-EL PARDO,440615,4481861,40.48531189120052,-3.7006858825216624,,,,/contenido/entidadesYorganismos/ParquesJardines
5966337,Parque de la Ventilla,"El Parque de la Ventilla es un espacio verde abierto con una temtica forestal, predominantemente compuesto por un pinar de diversas edades (fundamentalmente pinos carrascos de grandes dimensiones y pinos pioneros de menor talla &ndash;fruto de plantaciones posteriores&ndash;) y recorridos que lo atraviesan. Su topografa es ondulada lo que le confiere un aspecto natural. Entre el arbolado presente, adems de los pinos, hay cipreses, melias, cedros, catalpas, pltanos de sombra y macizos arbustivos de taray, cotoneaster y junperos, entre otros. Est delimitado por las calles Sinesio Delgado, Avenida de Asturias, Va Lmite y calle Magnolias, suponiendo como una prolongacin hacia el este de los parques Huerta del Obispo y Agustn Rodrguez Sahagn. Posee un frontal ms urbano y ajardinado, paralelo a la Va Lmite. En el parque se encuentran reas para el entrenamiento deportivo, una pista de ftbol, zonas infantiles y un espacio para perros, as como reas habilitadas para hacer picnic. Tambin hay un circuito biosaludable, una pista de patinaje y una fuente ornamental junto al eje Sinesio Delgado. Este lugar es muy apreciado por su entorno natural, siendo ideal para pasear y llevar a cabo actividades al aire libre. En 2009 se someti a una importante mejora en sus infraestructuras viarias y jardineras, como comienzo de una paulatina transformacin de su naturaleza forestal en un parque convencional. El parque tiene su origen en el Plan General de Ordenacin Urbana de Madrid de 1946, que fijaba la muy grficamente denominada Va Lmite como linea perimentral de contencin de la expansin del entonces suburbio de la Ventilla. Entre 1952 y 1955 los terrenos empezaron a repoblarse con pino carrasco, y el parque se consolid durante la dcada de los sesenta. Presenta an numerosos vestigios de antiguas infraestructuras de la trada de aguas del Canal de Isabel II.",,Zonas infantiles Zonas caninas Instalaciones deportivas Circuito biosaludable,"Bus: 42 , 67 , 147 Servicio Bicimad, para consultar la estacin ms cercana, acceda al mapa de geolocalizacin de las estaciones.","Conservacin:Direccin General de Gestin del Agua y Zonas Verdes. rea de Gobierno de Medio Ambiente y Movilidad. Superficie: 101.584 m&sup2;. Vegetacin predominante: rboles: Pino carrasco (Pinus halepensis), Pino pionero (P inus pinea), Ciprs (Cupressus), Catalpa (Catalpa) y Pltano de sombra (Platanus &times; hispanica). Macizos arbustivos: Taray (Tamarix gallica), Cotoneaster (Cotoneaster) y Junpero (Juniperus).",2,http://www.madrid.es/sites/v/index.jsp?vgnextchannel=bfa48ab43d6bb410VgnVCM100000171f5a0aRCRD&vgnextoid=579dad627a83e210VgnVCM1000000b205a0aRCRD,VIA LIMITE,CALLE,V,51,,,,,MADRID,MADRID,28029,4,ALMENARA,6,TETUAN,441265,4480535,40.47342193811745,-3.6929061067371793,,,,/contenido/entidadesYorganismos/ParquesJardines
5986900,Parque de la Vicalvarada,"El Parque de la Vicalvarada debe su nombre al pronunciamiento militar, seguido de una insurreccin popular, que fue liderado por el general O&rsquo;Donnell en 1854 contra el gobierno nacional, durante el reinado de Isabel II. Esta revolucin es conocida como &ldquo;La Vicalvarada&rdquo;, pues uno de sus focos principales tuvo lugar en el entonces pueblo de Viclvaro, y puso fin a la llamada dcada moderada para dar comienzo al bienio progresista, entregando el gobierno al general progresista Espartero. El parque es un amplio espacio verde que destaca por su diseo geomtrico, estructurado en torno a tres plazas circulares interconectadas por paseos arbolados formando as una figura triangular rodeada de zonas ajardinadas. El diseo distribuye grandes reas estanciales, praderas arboladas, terrizos y zonas de csped y arbustos. Entre sus rboles destacan chopos, arces y tilos, pero tambin cedros, melias, fresnos, magnolios, almeces y pinos pioneros junto con alineaciones de castaos de Indias y rboles de los farolillos. Entre sus especies arbustivas figuran el madroo, el laurel cerezo, el romero, la griolera, la adelfa o la espirea. Dispone de zonas de juegos infantiles, un rea de calistenia y una zona de ejercicios para mayores, as como de un campo de ftbol profesional, que ampla la oferta deportiva de la zona. El parque tambin alberga varias esculturas que enriquecen su paisaje. En una de las plazas se halla un obelisco sobre un basamento de granito que rememora el pronunciamiento mencionado. Existe tambin una escultura abstracta, instalada en otra de las glorietas principales del parque, y en el lateral del parque aparece un monumento en pro de la paz y el desarme, del escultor Alfonso Marn Garca.",,Zonas infantiles Zonas de mayores Instalaciones deportivas,"Bus: 4 , 100 , 106 Servicio Bicimad, para consultar la estacin ms cercana, acceda al mapa de geolocalizacin de las estaciones.","Conservacin: Direccin General de Gestin del Agua y Zonas Verdes. rea de Gobierno de Medio Ambiente y Movilidad. Superficie: 48.872 m&sup2;. Vegetacin predominante: rboles: Arce (Acer), Chopo de Simn (Populus simonii) y Tilo de hojas grandes (Tilia platyphyllos). Arbustos: Madroo (Arbutus unedo), Romero (Salvia rosmarinus) y Laurel cerezo (Prunus laurocerasus). Macizos arbustivos: Griolera (Cotoneaster), Adelfa (Nerium oleander) y Espirea (Spiraea).",2,http://www.madrid.es/sites/v/index.jsp?vgnextchannel=bfa48ab43d6bb410VgnVCM100000171f5a0aRCRD&vgnextoid=dcbac9728e99e210VgnVCM1000000b205a0aRCRD,VILLABLANCA,CALLE,V,1,,,,,MADRID,MADRID,28032,,AMBROZ,,VICALVARO,448361,4473366,40.40930182229157,-3.608605091516184,,,,/contenido/entidadesYorganismos/ParquesJardines
11040844,Parque de la Volatera,"El Parque de la Volatera es un extenso espacio verde dividido en dos por la Va Lusitana, situado cerca del cementerio de Carabanchel, al sur. Este parque es notable por su atractivo diseo, que combina diferentes reas de descanso, amplias praderas verdes y zonas arboladas de diversas edades, con una destacada presencia de castaos de Indias. Entre sus caractersticas ms destacadas se encuentra una cascada artificial y un pequeo lago, que aportan un ambiente relajante y natural. Adems, el parque ofrece diversas instalaciones, como pistas deportivas y zonas de juegos infantiles. Una de sus plazas resalta por su diseo singular, que incluye una prgola circular. Este parque es muy valorado tanto por su entorno natural como por sus puntos panormicos, ofreciendo mltiples opciones para el ocio y el descanso.",,Zona infantil,"Metro: lnea 11 (San Francisco) Bus: 116,121,131,155","Conservacin: Direccin General de Gestin del Agua y Zonas Verdes. rea de Gobierno de Medio Ambiente. Superficia: 157.817 m&sup2;. Vegetacin predominante: rboles: Castao de indias (Aesculus hippocastanum), Falso pltano (Acer pseudoplatanus), Almez (Celtis australis), Catalpa (Catalpa), Cedro llorn (Cedrus deodara), Ciprs comn (Cupressus sempervirens) y Pino pionero (Pinus pinea). Arbustos: Pita (Agave americana) y Laurel (Laurus nobilis).",2,http://www.madrid.es/sites/v/index.jsp?vgnextchannel=bfa48ab43d6bb410VgnVCM100000171f5a0aRCRD&vgnextoid=0fb0ae22d7abd610VgnVCM2000001f4a900aRCRD,POBLADOS,AVENIDA,V,110,,,,,MADRID,MADRID,28054,6,BUENAVISTA,11,CARABANCHEL,437808,4469462,40.37342722778796,-3.732581210214349,,,,
6009708,Parque de las Avenidas,"El Parque de las Avenidas es un parque abierto con un diseo estilo plaza, que presenta reas de terrizo arboladas, predominando los pinos, y amplias praderas verdes en su contorno. Delimitado por la Avenida de Brasilia y la M-30, el parque ofrece diversas instalaciones recreativas, incluyendo pistas de pdel, un rea de ejercicios, una zona de calistenia, una pista de ftbol, una pista de baloncesto, un rea canina y varias zonas de juegos infantiles. Es un lugar con gran actividad, ideal para practicar deporte y desconectar del bullicio urbano.",,Zonas infantiles Zonas adulto mayor Zonas deportivas Circuito biosaludable,"Metro: Parque de las Avenidas (lnea 7) Bus: 43, 53, 74, 122, N3 Servicio Bicimad, para consultar la estacin ms cercana, acceda al mapa de geolocalizacin de las estaciones.","Conservacin: Direccin General de Gestin del Agua y Zonas Verdes, rea de Gobierno de Medio Ambiente y Movilidad. Superficie: 47.023 m&sup2;. Vegetacin predominante: Ejemplares arbreos: pino pionero (Pinus pinea), tuya occidental (Thuja occidentalis), ciprs de Leyland (Cupressus &times; leylandii) y lamo plateado (Populus alba). Arbustos: adelfa (Nerium oleander) y tejo (Taxus baccata). Macizos arbustivos: adelfa (Nerium oleander), hiedra (Hedera spp.) y griolera (Cotoneaster spp.).",2,http://www.madrid.es/sites/v/index.jsp?vgnextchannel=bfa48ab43d6bb410VgnVCM100000171f5a0aRCRD&vgnextoid=08ad1b44f82ee210VgnVCM1000000b205a0aRCRD,BRASILIA,AVENIDA,V,6,,,,,MADRID,MADRID,28028,4,GUINDALERA,4,SALAMANCA,443936,4477011,40.44185168357492,-3.6610753472863737,,,,/contenido/entidadesYorganismos/ParquesJardines
5965200,Parque de las Delicias,"El Parque de las Delicias se ha desarrollado sobre una antigua estacin de ferrocarril y presenta un diseo alargado con predominancia de cipreses y otras especies vegetales, que acompaan sus visitantes en el paseo por el parque. Este espacio verde conserva las antiguas vas de tren, lo que enriquece su conexin histrica con el legado ferroviario de la ciudad. Adems, su proximidad al Museo del Ferrocarril de Madrid lo convierte en un lugar de inters cultural. El parque ofrece un entorno ideal para pasear y disfrutar de actividades al aire libre, convirtindose en un punto de encuentro tanto para residentes como para turistas.",,Zonas infantiles Zonas adulto mayor,"Metro: Delicias (lnea 3) Bus: 8, 19, 45, 47, 59, 85, 86 y 247 Servicio Bicimad, para consultar la estacin ms cercana, acceda al mapa de geolocalizacin de las estaciones.","Conservacin: Direccin General de Gestin del Agua y Zonas Verdes, rea de Gobierno de Medio Ambiente y Movilidad. Superficie: 23.365 m&sup2;. Vegetacin predominante: Ejemplares arbreos: ciprs comn (Cupressus sempervirens), tilo de hojas grandes (Tilia platyphyllos), arce (Acer spp.) y tuya occidental (Thuja occidentalis). Macizos arbustivos: romero (Salvia rosmarinus), lavanda (Lavandula spp.) y santolina (Santolina spp.).",2,http://www.madrid.es/sites/v/index.jsp?vgnextchannel=bfa48ab43d6bb410VgnVCM100000171f5a0aRCRD&vgnextoid=966e27668c33e210VgnVCM1000000b205a0aRCRD,PARROCO EUSEBIO CUENCA,CALLE,V,13,,,,,MADRID,MADRID,28045,5,DELICIAS,2,ARGANZUELA,441497,4471970,40.396280768551875,-3.6893809207693966,,,,/contenido/entidadesYorganismos/ParquesJardines
5995181,Parque de los Tilos,"El Parque de los Tilos es un hermoso espacio verde que debe su nombre a la abundante presencia de tilos (Tilia platyphyllos) que adornan su paisaje. Su diseo abierto invita al paseo, ofreciendo diversos senderos arbolados que proporcionan sombra y tranquilidad. Destacan en su entorno las prgolas de madera y los muretes de ladrillo, que no solo embellecen el parque, sino que tambin ayudan a salvar los pequeos desniveles del terreno. Este parque cuenta con varias zonas de juegos infantiles, adems de un rea canina, convirtindolo en un lugar perfecto tanto para familias como para amantes de los animales.",,Zonas infantiles,"Bus: 70 y 106 Servicio Bicimad, para consultar la estacin ms cercana, acceda al mapa de geolocalizacin de las estaciones.","Conservacin: Direccin General de Gestin del Agua y Zonas Verdes. rea de Gobierno de Medio Ambiente y Movilidad. Superficie: 21.269 m&sup2;. Vegetacin predominante: rboles: Tilo de hojas grandes (Tilia platyphyllos), Olmo comn (Ulmus minor), Ciruelo rojo (Prunus cerasifera) y Pltano de sombra (Platanus &times; hispanica). Arbustos: Adelfa (Nerium oleander), Pitosporo (Pittosporum tobira) y Agracejo (Berberis vulgaris). Macizos arbustivos: Rosal (Rosa), Griolera (Cotoneaster) y Cineraria gris (Jacobaea maritima).",2,http://www.madrid.es/sites/v/index.jsp?vgnextchannel=bfa48ab43d6bb410VgnVCM100000171f5a0aRCRD&vgnextoid=882f89d3589be210VgnVCM2000000c205a0aRCRD,NICOLAS SALMERON,CALLE,V,1,,,,,MADRID,MADRID,28017,2,PUEBLO NUEVO,15,CIUDAD LINEAL,446145,4474809,40.422169759145554,-3.6348548961758254,,,,/contenido/entidadesYorganismos/ParquesJardines
5965331,Parque del Bronce,"El Parque del Bronce es un espacio verde de diseo alargado que se encuentra adyacente al Parque Enrique Tierno Galvn, en el barrio de los Metales. Este parque cuenta con un paseo arbolado que lo convierte en un lugar ideal para disfrutar de un agradable trayecto o para una breve estancia. Su disposicin lo hace un punto de paso apacible, ofreciendo un entorno natural dentro de la urbanizacin circundante.",,Zonas infantiles,"Bus: 62, 88 y 148 Servicio Bicimad, para consultar la estacin ms cercana, acceda al mapa de geolocalizacin de las estaciones.","Conservacin: Direccin General de Gestin del Agua y Zonas Verdes, rea de Gobierno de Medio Ambiente y Movilidad. Superficie: 28.817 m&sup2;. Vegetacin predominante: Ejemplares arbreos: pltano de sombra (Platanus &times; hispanica), arce (Acer spp.), pino pionero (Pinus pinea) y lamo plateado (Populus alba). Macizos arbustivos: berberis (Berberis spp.), salvia (Salvia spp.) y laurentino (Viburnum tinus).",2,http://www.madrid.es/sites/v/index.jsp?vgnextchannel=bfa48ab43d6bb410VgnVCM100000171f5a0aRCRD&vgnextoid=7a2c32cd2f33e210VgnVCM1000000b205a0aRCRD,BRONCE,CALLE,V,5,,,,,MADRID,MADRID,28045,4,LEGAZPI,2,ARGANZUELA,441645,4471324,40.390471636161195,-3.6875778883164587,,,,/contenido/entidadesYorganismos/ParquesJardines
5980782,Parque del Espinillo,"El Parque del Espinillo es una de las principales zonas verdes del distrito de Villaverde. Su diseo abierto y alargado se extiende entre la calle Unanimidad y la M-40. El parque est recorrido por caminos adoquinados, flanqueados por castaos de indias y arces, que crean un ambiente sombreado y natural. Existe tambin una fuente con vaso octogonal A ambos lados de estos paseos se encuentran amplias praderas de csped, complementadas con formaciones arbustivas que enriquecen el paisaje. Tambin existen fresnos, carpes, tilos, cedros, pinos pioneros y carrascos, ciruelos rojos, catalpas y cipreses. El parque tambin cuenta con diversas zonas estanciales, juegos infantiles, un circuito biosaludable y pistas deportivas, ofreciendo un espacio multifuncional para el disfrute de toda la familia. El parque se cre 1990 paralelamente al desarrollo urbanstico de la zona y a la construccin de la M-40. Se extiende sobre terrenos expropiados bajo la directriz del Plan General del rea Metropolitana de Madrid de 1963. Se trataba de terrenos agrcolas convertidos en baldos, descampados tpicos del paisaje de la periferia de la ciudad, que finalmente se convierten en zona verde, como ocurri con otros casos en Madrid.",,Zonas infantiles Petanca Circuito deportivo,"Metro: Ciudad de los ngeles (lnea 3) Bus: 23, 130 Servicio Bicimad, para consultar la estacin ms cercana, acceda al mapa de geolocalizacin de las estaciones.","Conservacin: Direccin General de Gestin del Agua y Zonas Verdes. rea de Gobierno de Medio Ambiente y Movilidad. Superficie: 73.188 m&sup2;. Vegetacin predominante: rboles: Arce (Acer), Castao de Indias (Aesculus hippocastanum), Ciruelo rojo (Prunus cerasifera) y Pino pionero (Pinus pinea). Arbustos: Madreselva de los bosques (Lonicera periclymenum), Rosa (Rosa) y Plumero de las Pampas (Cortaderia selloana). Macizos arbustivos: Adelfa (Nerium oleander), Arbusto de las mariposas (Buddleja davidii) y Plumero de las pampas (Cortaderia selloana).",2,http://www.madrid.es/sites/v/index.jsp?vgnextchannel=bfa48ab43d6bb410VgnVCM100000171f5a0aRCRD&vgnextoid=db6da4833767e210VgnVCM2000000c205a0aRCRD,UNANIMIDAD,CALLE,V,23,,,,,MADRID,MADRID,28041,4,LOS ROSALES,17,VILLAVERDE,441812,4468074,40.361196526923834,-3.6853017812008,,,,/contenido/entidadesYorganismos/ParquesJardines
5963461,Parque del Museo del Prado,"El Parque del Museo del Prado es un parque emblemtico que rodea esta clebre institucin. Este espacio cuenta con pequeas praderas y varios ejemplares de arbolado catalogado o de gran porte, lo que realza la belleza de la zona. Es un lugar agradable para los viandantes que pasean por el rea, as como para los numerosos visitantes que acuden al museo.",,,"Metro: Atocha (lnea 1). Bus: 10 , 14 , 27 , 34 , 37 , 45 , 59 , 141. RENFE: Atocha RENFE. Servicio Bicimad, para consultar la estacin ms cercana, acceda al mapa de geolocalizacin de las estaciones.","Conservacin: Direccin General de Gestin del Agua y Zonas Verdes, rea de Gobierno de Medio Ambiente y Movilidad. Superficie: 12.904 m&sup2;. Vegetacin predominante: Ejemplares arbreos: acacia del Japn (Styphnolobium japonicum), pltano de sombra (Platanus x hispanica), cedro (Cedrus spp.) y ciprs comn (Cupressus sempervirens). Arbustos: laurel (Laurus nobilis), madroo (Arbutus unedo) y forsitia (Forsythia spp.). Macizos arbustivos: junpero (Juniperus spp.).",2,http://www.madrid.es/sites/v/index.jsp?vgnextchannel=bfa48ab43d6bb410VgnVCM100000171f5a0aRCRD&vgnextoid=3047ee4002e2e210VgnVCM2000000c205a0aRCRD,Prado,Paseo,T,,,,,,MADRID,MADRID,,,,,DISTRITO,4412,44739,40.41507369884737,-3.6932227869053174,,,,/contenido/entidadesYorganismos/ParquesJardines
5982119,Parque del Oeste,"El Parque del Oeste, situado en el distrito de Moncloa, es uno de los espacios verdes ms representativos de Madrid. Supera las 70 hectreas, fruto de continuas ampliaciones como la Rosaleda, el Parque de la Tinaja, los Jardines de Prncipe Po. En su interior, lo atraviesan el Paseo de Ruperto Chap, el Paseo de Camoens y la calle Francisco y Jacinto Alcntara. Su diseo paisajista se sita en un espacio escarpado con sinuosos paseos que recorren toda su superficie. Presenta gran variedad de especies arbreas y masas arbustivas que conforman un entorno de gran belleza. La zona norte del parque, la ms antigua, es especialmente destacable por su carcter paisajista, donde una ra artificial serpentea entre su densa vegetacin. El parque alberga una gran diversidad de especies vegetales, con una poblacin singular de conferas que contrasta con el desarrollo estacional de las frondosas. Entre los rboles ms notables se encuentran el famoso cedro 'el Abuelo' (Cedrus atlantica), catalogado como rbol singular, dos ejemplares de Sophora japonica 'Pendula', un majestuoso Ginkgo biloba, choperas de Populus nigra, y plantaciones de Corylus y Cornus que bordean la ra. A lo largo del Paseo de los Pltanos, que recorre esta zona del parque, se pueden observar diversas especies de aves en el Centro de Avifauna, como el Tarro canelo, el Herrerillo comn, el Carbonero comn, el Gorrin molinero y el Mirlo comn. Adems, el centro dispone de paneles informativos que enriquecen la experiencia de los visitantes. Por su superficie hay repartidas varias zonas infantiles, alguna zona deportiva, un templete de msica, la Escuela de Cermica, el Cementerio de la Florida o el Telefrico de Rosales. Una senda botnica muestra aquellos ejemplares arbreos singulares. Las ampliaciones del parque hacia las zonas de Prncipe Po y Ferraz se diferencian del diseo original paisajista, presentando trazados ms modernos que complementan el encanto histrico de esta emblemtica rea verde. El Parque del Oeste ha logrado, tras la remodelacin de 2022, unirse de forma continua a travs de un recorrido verde y peatonal que conecta el Templo de Debod, la Plaza de Espaa, los jardines de Sabatini y el Palacio Real. Esta integracin ha transformado la zona en un amplio corredor verde que facilita la circulacin a pie y ofrece una transicin armoniosa entre importantes puntos histricos de la ciudad.",,Zonas infantiles Zonas de mayores Instalaciones deportivas Auditorios Telefrico de Rosales,"Metro: Moncloa (lnea 3 y 6) , Plaza de Espaa (lnea 2, 3 y 10) y Prncipe Po (lnea 6 y 10) Bus: 21, 46, 74, 160, 161, A Cercanas: Prncipe Po Servicio Bicimad, para consultar la estacin ms cercana, acceda al mapa de geolocalizacin de las estaciones.","Conservacin:Direccin General de Gestin del Agua y Zonas Verdes. rea de Gobierno de Medio Ambiente y Movilidad Superficie: Parque del Oeste ( 75,65 hectreas). Rosaleda del Parque del Oeste (3,16 hectreas) Vegetacin predominante:Ejemplares arbreos: pino pionero (Pinus pinea), acacia del Japn (Sophora japonica), cedros (Cedrus spp.), Pino carrasco (Pinus halepensis). Arbustos: rosa de Siria (Hibiscus syriacus), lilo (Syringa vulgaris), durillo (Viburnum tinus). Macizos arbustivos: celinda (Philadelphus coronarius), lilo (Syringa vulgaris), espirea de Vanhoutte (Spiraea &times; vanhouttei).",2,http://www.madrid.es/sites/v/index.jsp?vgnextchannel=bfa48ab43d6bb410VgnVCM100000171f5a0aRCRD&vgnextoid=0a57899a90c7e210VgnVCM2000000c205a0aRCRD,CAMOENS Y VALERO,PASEO,V,4,,,,,MADRID,MADRID,28008,1,CASA DE CAMPO,9,MONCLOA-ARAVACA,438237,4475938,40.43179642724134,-3.7281634896577027,,,,/contenido/entidadesYorganismos/ParquesJardines/ParquesHistoricos
5998633,Parque del Pueblo del Pardo,"El Parque del Pueblo del Pardo es un rea estancial bien ajardinada y organizada, que se sita en la primera lnea junto a la va de circulacin, permitiendo el acceso a las terrazas de los restaurantes cercanos. Dispone de un paseo central, un pequeo quiosco en uno de sus extremos y varias zonas de juegos infantiles. Tambin es conocido como Parque de la Mar Ocana y Parque Concejal Miguel Martn Vela.",,Zonas infantiles Restaurante,"Bus: 601 Servicio Bicimad, para consultar la estacin ms cercana, acceda al mapa de geolocalizacin de las estaciones.","Conservacin: Direccin General de Gestin del Agua y Zonas Verdes. rea de Gobierno de Medio Ambiente y Movilidad. Superficie: 33.315 m&sup2;. Vegetacin predominantes: rboles: Ciprs comn (Cupressus sempervirens), Falsa acacia (Robinia pseudoacacia), Pino pionero (Pinus pinea) y Morera (Morus alba). Arbustos: Boj (Buxus), Abelia (Abelia) y Espirea (Spiraea). Macizos arbustivos: Agracejo (Berberis vulgaris), Griolera (Cotoneaster) y Adelfa (Nerium oleander).",2,http://www.madrid.es/sites/v/index.jsp?vgnextchannel=bfa48ab43d6bb410VgnVCM100000171f5a0aRCRD&vgnextoid=857ccca4fb3ce210VgnVCM1000000b205a0aRCRD,GUARDIA,AVENIDA,V,4,,,,,MADRID,MADRID,28048,1,EL PARDO,8,FUENCARRAL-EL PARDO,434317,4485608,40.5186002228516,-3.7753787533567573,,,,/contenido/entidadesYorganismos/ParquesJardines
6448176,Pinar Santa Eugenia,"El Pinar Santa Eugenia (tambin conocido como Parque Forestal de Santa Eugenia) es una repoblacin forestal densa situada en el extremo sur de Viclvaro, junto a la Autova del Este (A-3) y a las vas del tren. La A-3 separa el parque del distrito de Villa de Vallecas, aunque se comunica a travs de una pasarela peatonal, y la va del tren lo separa del parque temtico Faunia. El parque est compuesto principalmente por una senda terriza en forma de anillo y un paseo lateral al borde de la lnea del ferrocarril, que recorren el denso pinar, en una topografa irregular. Estos senderos conectan con una pequea zona estancial. Su entorno natural lo han convertido en un lugar muy apreciado por vecindario y visitantes. Santa Eugenia es un barrio de Villa de Vallecas y, a pesar de estar en un distrito diferente, el parque adopta su nombre por proximidad y porque el vecindario de Santa Eugenia usa y disfruta del mismo.",,,"Bus: 14, 58 RENFE: Santa Eugenia Servicio Bicimad, para consultar la estacin ms cercana, acceda al mapa de geolocalizacin de las estaciones.","Conservacin: Direccin de Gestin del Agua y Zonas Verdes. rea de Gobierno de Medio Ambiente y Movilidad. Superficie: 136.270 m&sup2;. Vegetacin predominante: rboles: Pino carrasco (Pinus halepensis), Falsa Acacia (Robinia pseudoacacia) y Pino pionero (Pinus pinea).",2,http://www.madrid.es/sites/v/index.jsp?vgnextchannel=bfa48ab43d6bb410VgnVCM100000171f5a0aRCRD&vgnextoid=64998aea9c297310VgnVCM1000000b205a0aRCRD,CERRO DE ALMODOVAR,CALLE,V,1,,,,,MADRID,MADRID,28031,1,CASCO H.VICALVARO,19,VICALVARO,448620,4470797,40.386190698831044,-3.605345456872275,,,,/contenido/entidadesYorganismos/ParquesJardines/ParquesForestales
10966448,Plaza Mayor de Barajas,"La Plaza Mayor de Barajas anteriormente era denominada como Plaza de los Hermanos Falc y lvarez de Toledo. 'Llamada por los vecinos Plaza Mayor de Barajas, encarna el canon de las plazas pblicas renacentistas espaolas mandadas construir bajo el reinado de Felipe II. Est constituida por un espacio cuadrangular limitado por cuatro galeras realizadas a base de columnas dricas de granito que soportan las tpicas zapatas de madera de nuestra arquitectura popular. Sobre ellas se encuentran antiguas casas de una altura, que logran una uniformidad poco habitual. En su centro se dispuso un jardn regular en forma radial compuesto por setos de aligustre, acacias y algunos cedros que rodean una fuente con una escultura de bronce. Completa este ajardinamiento una hilera de acacias alrededor, en las aceras, as como zonas de csped con prunos y flores'. (Extracto del libro Jardines de Madrid de Carmen Ariza)",,,"Metro: Lnea 8 (Barajas) Bus: 101 Servicio Bicimad, para consultar la estacin ms cercana, acceda al mapa de geolocalizacin de las estaciones.","Conservacin: Direccin General de Gestin del Agua y Zonas Verdes. rea de Gobierno de Medio Ambiente. Superficie: 1.800 m&sup2;. Vegetacin predominante: rboles: Cedro del Atlas (Cedrus atlantica), Cedro llorn (Cedrus deodara) y Robinia (Robinia). Arbustos: Durillo (Viburnum tinus).",2,http://www.madrid.es/sites/v/index.jsp?vgnextchannel=bfa48ab43d6bb410VgnVCM100000171f5a0aRCRD&vgnextoid=ee9654348a62b610VgnVCM2000001f4a900aRCRD,MAYOR DE BARAJAS,PLAZA,V,1,,,,,MADRID,MADRID,28042,3,CASCO H.BARAJAS,21,BARAJAS,451000,4480474,40.4735113714068,-3.57805132010274,,,,
10966289,Plaza de Murillo,"La Plaza de Murillo se encuentra entre la fachada sur del Museo del Prado y el Real Jardn Botnico. En su interior, presenta un jardn central dividido en cuatro reas por setos, acompaado de una arboleda. En el centro de la plaza se erige una estatua en honor al pintor sevillano Bartolom Esteban Murillo. Esta escultura de bronce, realizada en 1859 por el escultor Sabino Medina y Peas, se asienta sobre un pedestal de piedra diseado por el arquitecto Gonzlez Pescador.",,,"Metro: lnea 1 (Atocha) Bus: 10,14, 27, 34, 37, 45 Servicio Bicimad, para consultar la estacin ms cercana, acceda al mapa de geolocalizacin de las estaciones.","Conservacin: Direccin General de Gestin del Agua y Zonas Verdes, rea de Gobierno de Medio Ambiente. Superficie: 5.436 m&sup2;. Vegetacin predominante: Ejemplares arbreos: magnolio (Magnolia grandiflora), castao de indias (Aesculus hippocastanum) y abeto del Himalaya (Cedrus deodara). Macizos arbustivos y macizos en flor: especies diversas no especificadas.",2,http://www.madrid.es/sites/v/index.jsp?vgnextchannel=bfa48ab43d6bb410VgnVCM100000171f5a0aRCRD&vgnextoid=36508ebbc762b610VgnVCM1000001d4a900aRCRD,MURILLO,PLAZA,V,1,,,,,MADRID,MADRID,28014,5,LOS JERONIMOS,3,RETIRO,441287,4473817,40.41290521872114,-3.692004931820884,,,,
10984411,Plaza de la Lealtad,"Pequeo jardn muy cercano al Paseo del Prado y rodeado de edificios tan emblemticos como la Bolsa de Madrid y el Hotel Ritz. A pesar de su tamao, esta plaza alberga gran cantidad de especies vegetales entre las que destacan un gran arce sacarino, un madroo centenario y un cornejo de nueve metros de altura. En el centro est el monumento a los Cados o Hroes del 2 de mayo de 1808, con su llama votiva siempre encendida. Tambin conocido por la mayora de los madrileos como el monumento al soldado desconocido.",,,"Metro: lnea 1 (Atocha), lnea 2 (Banco de Espaa) Bus: 10, 14,27,34,37,45 Servicio Bicimad, para consultar la estacin ms cercana, acceda al mapa de geolocalizacin de las estaciones.",Conservacin: Direccin General de Gestin del Agua y Zonas Verdes. rea de Gobierno de Medio Ambiente Superficie: 8.600 m2 % Especies predominantes (nombre comn) con respecto a especies principales: rboles. N&ordm; total de unidades arbreas: 74 Castao de indias 10% Ciprs 6% Aligustre del Japn 13% Acacia del Japn 5% Arbustos. N&ordm; total de unidades arbustivas: 8 Evnimo 25% Laurel 62% Macizos arbustivos . N&ordm; total de macizos arbustivos: 2,2,http://www.madrid.es/sites/v/index.jsp?vgnextchannel=bfa48ab43d6bb410VgnVCM100000171f5a0aRCRD&vgnextoid=2e429c2d91fcb610VgnVCM1000001d4a900aRCRD,PLAZA DE LA LEALTAD,JARDINES,T,,,,,,MADRID,MADRID,28014,,,,RETIRO,441171,4474258,40.41687551533723,-3.6934169057776667,,,,
7642234,Quinta de Torre Arias,"La Finca de Torre Arias, ubicada en el barrio de Salvador, en el distrito de San Blas-Canillejas, es un parque de gran valor histrico y paisajstico, que est incluida con nivel 1 de proteccin en el Catlogo de Parques Histricos y Jardines de Inters. Adems, la Quinta ha sido declarada Bien de Inters Cultural en la categora de conjunto histrico por la Comunidad de Madrid en 2022. Refleja la evolucin de las Quintas madrileas durante ms de cuatro siglos. Durante este tiempo, convivieron el uso ldico, asociado a la aristocracia, con al explotacin agropecuaria que daba soporte econmico a la finca. En el centro de este espacio se encuentra un imponente palacio rodeado de caballerizas y una gran vaierdad de especies vegetales, destacando entre ellas una encina de ms de 300 aos. El parque es un espacio con suaves pendientes que ana gran diversidad vegetal, con ms de 50 especies diferentes de rboles de grandes dimensiones como pinos carrascos y pioneros, cedros de gran porte, almendros y algunos de gran singularidad, como la citada encina. En primavera el parque se llena de color gracias a los lilos, los rboles del amor y las fotinias. Durante esta temporada, los lilos florecen en tonos de lila, rosa y blanco y sus intensos aromas invaden el parque. Tambin destacan los rboles del amor, conocidos por sus hojas en forma de corazn y sus flores rosceas. Especialmente junto al arroyo de los trancos, se pueden admirar los arbustos de fotinia, cuyas hojas adquieren un color rojizo en primavera, creando un paisaje visualmente impactante. Posee sinuosos paseso terrizos que recorren las arboledas y las distintas dependencias. Adems del palacio, existen casa de jardineros y de personal de servicio, una vivienda seorial, vaquera, matadero, palomar, pequeos estanques, fuentes e invernaderos. La finca fue propiedad de Tatiana Prez de Guzmn el Bueno, quien, junto a su esposo, firm un convenio en 1986 para que pasara a ser parte del patrimonio del Ayuntamiento de Madrid, aunque la condesa mantuvo el usufructo hasta su fallecimiento en 2012. El 29 de noviembre de 2016 se abri finalmente al pblico. Cuando el consistorio tom posesin de la Quinta, su estado era de abandono, por lo que era imposible la apertura al pblico en tales condiciones. El Ayuntamiento fue realizando las necesarias mejoras en las instraestructuras hidrulicas, elementos vegetales y, sobre todo, de las edificaciones, a falta de decidir el uso futuro de las mismas. En 2016 se abri al pblico, pero an hoy se siguen realizando mejoras y procesos de restauracin: instalaciones, camnos, zonas ajardinadas y elementos del jardn. Algunas reas del parque, as como el palacio, permanecen cerradas al pblico hasta que se completen los trabajos. An as, es un lugar perfecto para quienes buscan disfrutar de la historia, la naturaleza y la belleza, siendo uno de los parques ms singulares de Madrid. El personal municipal responsable de la conservacin de la Quinta, ofrece otras actividades educativo-ambientales para grupos escolares , as como para grupos organizados de adultos . Estas actividades se reservarn directamente en la direccin del parque a travs del correo electrnico parqueshistoricos@madrid.es . Se puede consultar el programa de estas actividades en este enlace . Por otro lado, el Ayuntamiento de Madrid, desde el Departamento de Educacin Ambiental, organiza visitas guiadas peridicas, dentro del programa Hbitat Madrid. Se pueden consultar horarios y forma de apuntarse en este enlace. Todas las visitas y actividades son gratuitas. Adems, &iexcl;no te pierdas los Secretos de primavera en este parque!","Horario de apertura de martes a domingo (lunes cerrado, excepto festivos): Del 1 de octubre al 31 de marzo de 09,00 a 18,00 horas. Del 1 de abril al 30 de septiembre de 08,00 a 21,30 horas.",,"Metro: Torre Arias (lnea 5) Bus: 104, 77, 140, 153. Servicio Bicimad, para consultar la estacin ms cercana, acceda al mapa de geolocalizacin de las estaciones.","NORMAS DE USO Y RESTRICCIONES El acceso de animales, incluso atados, no est autorizado Respete los monumentos y estatuas del Jardn. Respete la vegetacin. Respete la fauna. Utilice las papeleras. Respete las zonas de acceso restringido. Circule por los caminos Bicicletas y cualquier vehculo de movilidad personal tendr que aparcar en el exterior del parque, salvo vehculos para personas con movilidad reducida No est permitido fumar Atienda las indicaciones del personal del parque. OBRAS REALIZADAS Se han realizado trabajos de limpieza y desbroce del jardn y se han eliminado todos los elementos vegetales abatidos y secos: se han hecho desbroces, podas en altura, aclareos y eliminacin de residuos forestales proclives al incendio. Se ha trabajado en el acondicionamiento de las infraestructuras hidrulicas y en la puesta en funcionamiento del sistema de riego tradicional del jardn, al tiempo que se ha acondicionado las dependencias para el personal municipal de mantenimiento y se la ha dotado de la maquinaria adecuada para la realizacin de las labores ordinarias de conservacin. Conservacin: Direccin General de Gestin del Agua y Zonas Verdes. rea de Gobierno de Medio Ambiente y Movilidad.",2,http://www.madrid.es/sites/v/index.jsp?vgnextchannel=bfa48ab43d6bb410VgnVCM100000171f5a0aRCRD&vgnextoid=84c7277160d88410VgnVCM2000000c205a0aRCRD,ALCALA,CALLE,V,551,,,,,MADRID,MADRID,28027,8,EL SALVADOR,20,SAN BLAS-CANILLEJAS,447570,4477155,40.443385945708435,-3.6182513751654133,,,,/contenido/entidadesYorganismos/ParquesJardines/ParquesHistoricos
6030568,Quinta de la Fuente del Berro,"La Quinta de la Fuente del Berro es un jardn histrico del siglo XVII que pas a ser propiedad municipal en 1954. Este espacio alberga esplndidos ejemplares de rboles y arbustos, adems de elementos singulares de gran valor, como el Monumento de la Fuente del Berro, cuyas aguas, en sus orgenes, abastecieron a la Casa Real. Se enmarca dentro de las villas suburbanas de huerta-jardn de los siglos XVIII y XIX, con un estilo predominantemente paisajista. Presenta una topografa con desniveles y el agua es un elemento muy presente: estanques, ras, cascadas y fuentes se reparten por toda la superficie y le aportan un carcter romntico. Diversos monumentos enriquecen este espacio. El parque fue declarado Bien de Inters Cultural (BIC) como Jardn Histrico Artstico en 1946. Est incluido en el nivel 1 de proteccin en el Catlogo de Parques Histricos y Jardines de Inters de Madrid. Actualmente, el jardn cuenta con seis accesos: dos al oeste, que lo conectan con la Colonia de la Fuente del Berro; tres al norte, que lo comunican con el Parque de Sancho Dvila; y uno al sur, en la calle O'Donnell.",Del 1 de octubre al 31 de marzo de 6:30 a 22 horas. Del 1 de abril al 30 de septiembre de 6:30 a 24 horas.,Zonas infantiles Zonas de mayores Zonas deportivas,"Metro: O'Donnell (linea 6) Autobuses: 2, 15, 28, 56, 69, 71, 143 Servicio Bicimad, para consultar la estacin ms cercana, acceda al mapa de geolocalizacin de las estaciones.","Conservacin: Direccin General de Gestin del Agua y Zonas Verdes, rea de Gobierno de Medio Ambiente y Movilidad. Superficie: 77.200 m&sup2;. Vegetacin predominante: Ejemplares arbreos: cedros (Cedrus spp.), Pino Pissardii (Prunus cerasifera var. pissardii), ciprs comn (Cupressus sempervirens) y pltanos de sombra (Platanus hispanica). Arbustos: aligustres (Ligustrum spp.), boj (Buxus sempervirens) y madroos (Arbutus unedo).",2,http://www.madrid.es/sites/v/index.jsp?vgnextchannel=bfa48ab43d6bb410VgnVCM100000171f5a0aRCRD&vgnextoid=38d83bba7834f210VgnVCM2000000c205a0aRCRD,ENRIQUE D'ALMONTE,CALLE,V,1,,,,,MADRID,MADRID,28028,3,FUENTE DEL BERRO,4,SALAMANCA,443759,4474815,40.42299730556785,-3.6625213630031794,,,,/contenido/entidadesYorganismos/ParquesJardines/ParquesHistoricos
6024739,Rosaleda de Madrid. Parque del Oeste,"La Rosaleda de Madrid, tambin conocida como Rosaleda Ramn Ortiz, fue creada en 1955 bajo la inspiracin de Don Ramn Ortiz Ferr, quien fuera el Director de Parques y Jardines de Madrid en esa poca. En 2006, recibi el prestigioso Award of Garden Excellence de la World Federation of Rose Societies, reconocindola como una de las mejores rosaledas del mundo. Situada dentro del Parque del Oeste, esta rosaleda se encuentra en una terraza plana, en una ladera con una fuerte pendiente orientada al suroeste. Lo ms caracterstico de su diseo es la disposicin completamente regular y simtrica de sus jardines, con una organizacin que permite la exhibicin ordenada de las diferentes variedades de rosales. Cada ao, se celebran en esta rosaleda dos eventos importantes: el Concurso Popular Rosa de Madrid y el Concurso Internacional de Rosas Nuevas Villa de Madrid, que atraen a participantes de todo el mundo. A ambos lados de la entrada principal, se exhiben las platabandas con las variedades premiadas en ediciones anteriores del Concurso Internacional. En la parte central, las platabandas en forma de aspa albergan los rosales del concurso en curso, mientras que el resto de la superficie est dividida en parcelas donde se cultivan las variedades que componen la exposicin permanente. En la Rosaleda de Madrid se pueden admirar las creaciones de los obtentores ms reconocidos a nivel mundial, adems de una importante representacin de variedades espaolas. Adems de su funcin como espacio expositivo, la rosaleda sirve como rea de ensayo para observar cmo se comportan estas variedades en el clima de Madrid.",De 1 de noviembre a 1 de marzo: de 10:00 a 18:00 horas De 1 de marzo a 15 de abril: de 10:00 a 19:00 horas De 16 de abril a 15 de septiembre: de 10:00 a 21:00 horas De 16 de septiembre a 31 de octubre: de 10:00 a 19:00 horas Los das de la celebracin del Concurso Internacional de Rosas Nuevas Villa de Madrid permanecer cerrada hasta las 16:00 horas. Entrada gratuita,,"Transporte ms prximo Metro: Arg&uuml;elles (lneas 3, 4 6) y Prncipe Po (lneas 6 y 10) Bus: 41, 46, 75","Conservacin: Direccin General de Gestin del Agua y Zonas Verdes. rea de Gobierno de Medio Ambiente y Movilidad. Superficie: 32.000 m&sup2;. Especie predominante: Rosal (Rosa) Actividades no permitidas: jugar a la pelota, montar en bicicleta y entrar con perros.",2,http://www.madrid.es/sites/v/index.jsp?vgnextchannel=bfa48ab43d6bb410VgnVCM100000171f5a0aRCRD&vgnextoid=5fca4db4e702f210VgnVCM2000000c205a0aRCRD,ROSALEDA,CALLE,V,1,,,,,MADRID,MADRID,28008,1,CASA DE CAMPO,9,MONCLOA-ARAVACA,438729,4475328,40.42633204176242,-3.722298777408928,915489512/3,,sviveros@madrid.es,/contenido/entidadesYorganismos/ParquesJardines
6028228,Vivero Estufas de El Retiro,"El Vivero Estufas de El Retiro es un recinto construido en 1889 para reunir diversos invernaderos (estufas), anteriormente dispersos por el parque, adems de otras instalaciones de cultivo como cajoneras, umbrculos y platabandas. Este espacio tambin albergaba los talleres municipales, encargados de los trabajos de albailera, carpintera, cerrajera y fontanera necesarios para el mantenimiento de los Parques y Jardines de Madrid. El vivero posee una coleccin nica en Espaa de invernaderos antiguos, junto a otros de diseo moderno. En sus instalaciones se conservan cajoneras, calderas antiguas y una coleccin de aperos e instrumentos de cultivo, expuesta en uno de los invernaderos histricos. Adems, cuenta con umbrculos y zonas de cultivo al aire libre. Con una elevada produccin anual de plantas de temporada, el vivero abastece a las distintas zonas verdes municipales, realiza el servicio de adornos para eventos y edificios municipales, facilita plantas a determinados colectivos y asociaciones ciudadanas y lleva a cabo ensayos de evaluacin de novedades en plantas de temporada y vivaces. Es un vivero histrico que solamente puede visitarse dentro de las visitas concertadas en los programas de educacin ambiental. Otras denominaciones: Viveros Municipales.",Invierno de 7 a 23 horas. El acceso al pblico est gestionado a travs de visitas guiadas en grupos organizados.,,"Metro: Atocha (lnea 1), Ibiza (lnea 9) Bus: 26, 63 , 152, C1, C2 Servicio Bicimad, para consultar la estacin ms cercana, acceda al mapa de geolocalizacin de las estaciones.",Conservacin: Direccin General de Gestin del Agua y Zonas Verdes. rea de Gobierno de Medio Ambiente y Movilidad. Superficie: 35.000 m&sup2;. Enclaves de especial significacin: Estufa n&ordm; 1 Estufa n&ordm; 7 (trasladada desde el palacio de Liria en 1956).,2,http://www.madrid.es/sites/v/index.jsp?vgnextchannel=bfa48ab43d6bb410VgnVCM100000171f5a0aRCRD&vgnextoid=00be21c051f2f210VgnVCM2000000c205a0aRCRD,ANGEL CAIDO,GLORIETA,V,4,,,,"Parque del Retiro. Entrada por C/ Alfonso XII, frente a la cuesta de Claudio Moyano",MADRID,MADRID,28009,5,LOS JERONIMOS,3,RETIRO,442107,4473478,40.409899256936335,-3.6823305487957123,91 5 28 09 38,,viveroestufasretiro@madrid.es,/contenido/entidadesYorganismos/ParquesJardines
6028009,Vivero de la Casa de Campo,"El Vivero de la Casa de Campo tiene su primera referencia documental en 1805, durante el reinado de Carlos IV, cuando era propiedad regia y se utilizaba para satisfacer las solicitudes de plantas de las propiedades reales. Con el tiempo, tambin comenz a abastecer a la Villa de Madrid. En 1931, con la incautacin de los bienes de la Corona, la propiedad del vivero pas a los madrileos. Hoy en da, el vivero se dedica a satisfacer la creciente demanda de arbolado y arbustos en las zonas verdes del municipio de Madrid, cuya superficie ajardinada en conservacin aumenta cada ao. Ubicado en una zona de ribera dentro de la Casa de Campo, el vivero cuenta con una superficie de 18,39 hectreas, en las que se cultivan principalmente rboles y arbustos leosos destinados a los espacios verdes de la ciudad. El Vivero de la Casa de Campo organiza visitas guiadas para el pblico en general, grupos formativos y asociaciones, lo que permite a los visitantes conocer de cerca el proceso de produccin de plantas y su importancia para el mantenimiento de las reas verdes de Madrid.",Invierno de 8 a 15 horas Verano de 7 a 14 horas El acceso al pblico est gestionado a travs de visitas guiadas en grupos organizados.,,"Metro: Prncipe Po (lneas 6 y 10 y ramal), Lago (lnea 10) Servicio Bicimad, para consultar la estacin ms cercana, acceda al mapa de geolocalizacin de las estaciones.",Conservacin: Direccin General de Gestin del Agua y Zonas Verdes. rea de Gobierno de Medio Ambiente y Movilidad. Superficie: 170.000 m&sup2;. Permetro: 2.400 ml. Enclaves de especial significacin El Reservado chico Grutas de Felipe II Instalaciones destacadas: 732 m&sup2; de invernaderos para la propagacin de esquejes bajo ambiente controlado. 1.327 m&sup2; de umbraculos y tneles de cultivo para la aclimatacin de las jvenes plntulas. 62.130 m&sup2; de cuadros de cultivo en tierra en los que se cultiva arbolado. 8.230 m&sup2; acolchados para produccin de arbustos. 8.915 m&sup2; plataformas para cultivo de arbolado en contenedor. 656 m&sup2; de cajoneras para propagacin al exterior.,2,http://www.madrid.es/sites/v/index.jsp?vgnextchannel=bfa48ab43d6bb410VgnVCM100000171f5a0aRCRD&vgnextoid=735fc1076ce2f210VgnVCM2000000c205a0aRCRD,AZUL,PASEO,V,2,,,,,MADRID,MADRID,28011,1,CASA DE CAMPO,9,MONCLOA-ARAVACA,438182,4474613,40.41984158690351,-3.7286969080235455,91.526.77.03 o 91.526.81.42,,viverocasacampo@madrid.es o infocasacampo@madrid.es,/contenido/entidadesYorganismos/ParquesJardines
6028007,Vivero municipal de Migas Calientes,"El Vivero municipal de Migas Calientes es un centro de produccin especializado en el cultivo de rboles en tierra. Este vivero cuenta con varios espacios dedicados al crecimiento de diferentes especies arbreas, destinadas a abastecer las zonas verdes del municipio de Madrid. Histricamente, la finca donde se encuentra el vivero ha estado vinculada a la Corona y a la nobleza madrilea, lo que le otorga un gran valor patrimonial. De hecho, hasta 1774, en esta parcela se localizaba parte del Real Jardn Botnico. A lo largo del tiempo, el vivero ha tenido distintas denominaciones, siendo conocido tambin como Viveros de la Villa o Vivero de Puerta de Hierro.",De 8 a 15 horas.,,,Conservacin: Direccin General de Gestin del Agua y Zonas Verdes. rea de Gobierno de Medio Ambiente y Movilidad. Superficie: 73.000 m2,0,http://www.madrid.es/sites/v/index.jsp?vgnextchannel=bfa48ab43d6bb410VgnVCM100000171f5a0aRCRD&vgnextoid=478dce6b78d2f210VgnVCM1000000b205a0aRCRD,M-30,AUTOVIA,T,2200,,,,,MADRID,MADRID,28040,3,CIUDAD UNIVERSITARIA,9,MONCLOA-ARAVACA,437249,4477453,40.445355536117184,-3.7399742609916697,626 527 364,,viveromigascalientes@madrid.es,
6126515,Zona verde C/ Fresnedillas,"Ubicada entre las calles Fresnedillas, Los Gavilanes y Gabriela Mistral en el distrito Fuencarral-El Pardo, se encuentra esta zona verde, construida en 2009, estructurada con caminos de grava, aprovechando las sendas creadas por los vecinos. Las diferencias de nivel entre la calle Fresnedillas y el fondo de la vaguada, as como entre esta ltima y el anillo verde ciclista, que atraviesa la zona verde, se suavizan con hileras de gaviones, muros de contencin formados por piedras retenidas con malla de alambre. Estos muros crean espacios casi planos, que albergan diversas especies vegetales. En la parte baja de la parcela se localiza un bosquete de fresnos, que alguna vez alberg el arroyo del Fresno. Adems, existen alineaciones de rboles y arbustos, as como parterres con plantas de temporada y aromticas. El parque cuenta con un sistema de riego por goteo y alumbrado pblico. Cada rea dispone de mobiliario especfico, como bancos corridos sobre los gaviones y papeleras. Tambin hay una red de saneamiento para evacuar las escorrentas hacia el alcantarillado pblico. Al sureste del carril bici, dispone de un espacio para actividades deportivas con un pequeo estacionamiento en superficie.",,Zona de juegos infantiles rea de juegos para mayores Zonas de lectura Zona canina,"Bus: 82 , N20 Servicio Bicimad, para consultar la estacin ms cercana, acceda al mapa de geolocalizacin de las estaciones.","Conservacin:Direccin General de Gestin del Agua y Zonas Verdes. rea de Gobierno de Medio Ambiente y Movilidad. Especies predominantes: rboles: Ciruelo rojo (Prunus cerasifera), tuya occidental (Thuja occidentalis), ciprs de Arizona (Cupressus arizonica), pino pionero (Pinus pinea), pltano de sombra (Platanus &times; hispanica), pltano de Oriente (Platanus orientalis), almez (Celtis australis) y fresno negro (Fraxinus nigra). Arbustos y tapizantes: Durillo (Viburnum tinus), rosal (Rosa) y orgaza(Atriplex halimus).",2,http://www.madrid.es/sites/v/index.jsp?vgnextchannel=bfa48ab43d6bb410VgnVCM100000171f5a0aRCRD&vgnextoid=f14f301932811310VgnVCM1000000b205a0aRCRD,FRESNEDILLAS,CALLE,V,1,,,,C/ Los Gavilanes y C/ Gabriela Mistral,MADRID,MADRID,28035,2,FUENTELARREINA,8,FUENCARRAL-EL PARDO,437021,4480996,40.477263871475174,-3.7430025162285188,,,,/contenido/entidadesYorganismos/ParquesJardines
6007791,rea Forestal de Tres Cantos,"El rea Forestal de Tres Cantos se ubica al oeste del trmino municipal de esta localidad y al noroeste de Madrid. Est delimitado al este por la carretera M-607, al sur y suroeste por el Monte de El Pardo y al norte por propiedades privadas colindantes y el arroyo de Viuelas. Este terreno montaoso y boscoso es propiedad del Ayuntamiento de Madrid desde octubre de 1941 y su acceso est restringido, clasificado como suelo no urbanizable de proteccin forestal. El monte presenta un relieve accidentado, con alturas que no superan los 757 metros en su punto ms elevado, aunque cuenta con algunas zonas planas, como el Aula de la Naturaleza y el Palacio Valds. Historia del rea Forestal de Tres Cantos: 'Finca rstica destinada a caza con pastos, monte bajo y planto de viedo, con unas cinco mil cepas...' As comienza la inscripcin de la finca en el Registro de la Propiedad de Colmenar Viejo. Esta propiedad fue vendida por don Felipe Gonzlez Rojas mediante escritura otorgada en Madrid el 31 de octubre de 1917 a don Horacio Echevarrieta y Mauri, un influyente industrial bilbano. El palacete dentro de la finca, conocido como 'Palacio Valds', data de aos posteriores. El 31 de octubre de 1941, el Ayuntamiento de Madrid, bajo la alcalda de don Alberto Alcocer, adquiri la finca por acuerdo municipal.",,,,"Conservacin: Direccin General de Gestin del Agua y Zonas Verdes. rea de Gobierno de Medio Ambiente y Movilidad. Superficie: 2.285.600 m&sup2;. Vegetacin predominante: Ejemplares arbreos: encina (Quercus ilex), pino pionero (Pinus pinea), chopo negro (Populus nigra) y enebro de la miera (Juniperus oxycedrus). Arbustos: jara pringosa (Cistus ladanifer) , retama amarilla (Retama sphaerocarpa) y cantueso (Lavandula stoechas) .",2,http://www.madrid.es/sites/v/index.jsp?vgnextchannel=bfa48ab43d6bb410VgnVCM100000171f5a0aRCRD&vgnextoid=1e50dc39b9dde210VgnVCM2000000c205a0aRCRD,M-607,CARRETERA,T,2100,,,,,MADRID,MADRID,28049,1,EL PARDO,8,FUENCARRAL-EL PARDO,440299,4492636,40.582362517713584,-3.7054314643264945,,,,/contenido/entidadesYorganismos/ParquesJardines/ParquesForestales
